Workbook

Sheet Figure 4I
A1: Experimental Conditions:
A2: Daphnia magna was exposed to 200 nm PTFE at a concentration of 0.1 ppm. Histological slices were 20 µm thick. After acquiring a histological slice, the slice was stained with 25% H&E stain. | I2: The data here has been normalized against the maximum intensity. For example, the intensity for unstained PTFE at a wavelength of 399.9241 was divided by the maximum intensity observed for unstained PTFE. Likewise, the remaining data was normalized using the same method.
D3: peak wavelength (nm) | E3: =VLOOKUP(E4,E6:I466,5,FALSE) -> 594.83289 | F3: =VLOOKUP(F4,F6:J466,4,FALSE) -> 596.10461 | G3: =VLOOKUP(G4,G6:K466,3,FALSE) -> 657.71362 | I3: peak wavelength (nm) | J3: =VLOOKUP(J4,J6:N466,4,FALSE) -> 594.83289 | K3: =VLOOKUP(K4,K6:O466,3,FALSE) -> 596.10461 | L3: =VLOOKUP(L4,L6:P466,2,FALSE) -> 657.71362 | M3: this column here is used for the VLOOKUP function used in the following cells: E3, F3, G3, J3, K3, and L3. The VLOOKUP function was used to find the peak wavelength.
A4: Everything in the orange fill is to help readers understand the workflow | D4: maximum intensity (a.u.) | E4: =MAX(E6:E466) -> 10199.74 | F4: =MAX(F6:F466) -> 5475.06 | G4: =MAX(G6:G466) -> 1937.66 | I4: maximum intensity (a.u.) | J4: =MAX(J6:J466) -> 1 | K4: =MAX(K6:K466) -> 1 | L4: =MAX(L6:L466) -> 1
D5: Wavelength (nm) | E5: average intensity from 50 pixels of unstained PTFE from Sheet titled PTFE unstained (a.u.) | F5: average intensity from 50 pixels of stained PTFE within histological slice from Sheet titled PTFE in histological slice (a.u.) | G5: average intensity from 50 pixels of stained biomass from Sheet titled stained biomass (a.u.) | I5: Wavelength (nm) | J5: unstained PTFE | K5: stained PTFE | L5: stained biomass | M5: wavelength (nm)
D6: 399.9241 | E6: ='PTFE unstained'!D2 -> 45.2 | F6: ='PTFE in histological slice'!D5 -> 27.82 | G6: ='stained biomass'!D4 -> 8.72 | I6: 399.9241 | J6: =E6/E$4 -> 0.0044314855 | K6: =F6/F$4 -> 0.0050812229 | L6: =G6/$G$4 -> 0.0045002735 | M6: 399.9241 | P6: Final Figure 4I
D7: 401.12 | E7: ='PTFE unstained'!D3 -> 44.1 | F7: ='PTFE in histological slice'!D6 -> 31.52 | G7: ='stained biomass'!D5 -> 7.24 | I7: 401.12 | J7: =E7/E$4 -> 0.0043236396 | K7: =F7/F$4 -> 0.0057570145 | L7: =G7/$G$4 -> 0.0037364656 | M7: 401.12
D8: 402.31641 | E8: ='PTFE unstained'!D4 -> 49.82 | F8: ='PTFE in histological slice'!D7 -> 29.54 | G8: ='stained biomass'!D6 -> 11.44 | I8: 402.31641 | J8: =E8/E$4 -> 0.0048844382 | K8: =F8/F$4 -> 0.0053953747 | L8: =G8/$G$4 -> 0.0059040286 | M8: 402.31641
D9: 403.51331 | E9: ='PTFE unstained'!D5 -> 51.22 | F9: ='PTFE in histological slice'!D8 -> 30.9 | G9: ='stained biomass'!D7 -> 12.28 | I9: 403.51331 | J9: =E9/E$4 -> 0.0050216966 | K9: =F9/F$4 -> 0.0056437738 | L9: =G9/$G$4 -> 0.0063375412 | M9: 403.51331
D10: 404.7106 | E10: ='PTFE unstained'!D6 -> 54.46 | F10: ='PTFE in histological slice'!D9 -> 32.94 | G10: ='stained biomass'!D8 -> 11.44 | I10: 404.7106 | J10: =E10/E$4 -> 0.0053393518 | K10: =F10/F$4 -> 0.0060163724 | L10: =G10/$G$4 -> 0.0059040286 | M10: 404.7106
D11: 405.90851 | E11: ='PTFE unstained'!D7 -> 60.46 | F11: ='PTFE in histological slice'!D10 -> 32.76 | G11: ='stained biomass'!D9 -> 12.54 | I11: 405.90851 | J11: =E11/E$4 -> 0.0059276021 | K11: =F11/F$4 -> 0.0059834961 | L11: =G11/$G$4 -> 0.0064717236 | M11: 405.90851
D12: 407.10681 | E12: ='PTFE unstained'!D8 -> 63.04 | F12: ='PTFE in histological slice'!D11 -> 35.64 | G12: ='stained biomass'!D10 -> 12.16 | I12: 407.10681 | J12: =E12/E$4 -> 0.0061805497 | K12: =F12/F$4 -> 0.0065095177 | L12: =G12/$G$4 -> 0.0062756108 | M12: 407.10681
D13: 408.3056 | E13: ='PTFE unstained'!D9 -> 66.62 | F13: ='PTFE in histological slice'!D12 -> 38.18 | G13: ='stained biomass'!D11 -> 13.66 | I13: 408.3056 | J13: =E13/E$4 -> 0.006531539 | K13: =F13/F$4 -> 0.0069734396 | L13: =G13/$G$4 -> 0.0070497404 | M13: 408.3056
D14: 409.50491 | E14: ='PTFE unstained'!D10 -> 68.98 | F14: ='PTFE in histological slice'!D13 -> 39.14 | G14: ='stained biomass'!D12 -> 15.1 | I14: 409.50491 | J14: =E14/E$4 -> 0.0067629175 | K14: =F14/F$4 -> 0.0071487801 | L14: =G14/$G$4 -> 0.0077929048 | M14: 409.50491
D15: 410.70471 | E15: ='PTFE unstained'!D11 -> 74.62 | F15: ='PTFE in histological slice'!D14 -> 42.1 | G15: ='stained biomass'!D13 -> 13.26 | I15: 410.70471 | J15: =E15/E$4 -> 0.0073158728 | K15: =F15/F$4 -> 0.0076894134 | L15: =G15/$G$4 -> 0.0068433058 | M15: 410.70471
D16: 411.90491 | E16: ='PTFE unstained'!D12 -> 78.06 | F16: ='PTFE in histological slice'!D15 -> 46.26 | G16: ='stained biomass'!D14 -> 13.82 | I16: 411.90491 | J16: =E16/E$4 -> 0.0076531363 | K16: =F16/F$4 -> 0.0084492225 | L16: =G16/$G$4 -> 0.0071323142 | M16: 411.90491
D17: 413.10559 | E17: ='PTFE unstained'!D13 -> 84.36 | F17: ='PTFE in histological slice'!D16 -> 52.06 | G17: ='stained biomass'!D15 -> 15.04 | I17: 413.10559 | J17: =E17/E$4 -> 0.0082707991 | K17: =F17/F$4 -> 0.0095085716 | L17: =G17/$G$4 -> 0.0077619397 | M17: 413.10559
D18: 414.30679 | E18: ='PTFE unstained'!D14 -> 92.1 | F18: ='PTFE in histological slice'!D17 -> 51.78 | G18: ='stained biomass'!D16 -> 13.38 | I18: 414.30679 | J18: =E18/E$4 -> 0.0090296419 | K18: =F18/F$4 -> 0.0094574306 | L18: =G18/$G$4 -> 0.0069052362 | M18: 414.30679
... D466: 999.65863 | E466: ='PTFE unstained'!D462 -> 124.68 | F466: ='PTFE in histological slice'!D465 -> 93.08 | G466: ='stained biomass'!D464 -> 33.18 | I466: 999.65863 | J466: =E466/E$4 -> 0.012223841 | K466: =F466/F$4 -> 0.017000727 | L466: =G466/$G$4 -> 0.017123747 | M466: 999.65863

Sheet PTFE in histological slice
C2: peak wavelength (nm) | D2: =VLOOKUP(D3,D5:E465,2,FALSE) -> 596.10461
C3: maximum intensity (a.u.) | D3: =MAX(D5:D465) -> 5475.06 | F3: 6 | G3: 14 | H3: 36 | I3: 39 | J3: 20 | K3: 36 | L3: 41 | M3: 37 | N3: 24 | O3: 41 | P3: 26 | Q3: 8 | R3: 29 | S3: 38 | T3: 40 | U3: 49 | V3: 25 | W3: 44 | X3: 27 | Y3: 17 | Z3: 28 | AA3: 20 | AB3: 25 | AC3: 17 | AD3: 39 | AE3: 7 | AF3: 44 | AG3: 22 | AH3: 31 | AI3: 50 | AJ3: 38 | AK3: 32 | AL3: 23 | AM3: 2 | AN3: 31 | AO3: 20 | AP3: 20 | AQ3: 19 | AR3: 36 | AS3: 34 | AT3: 29 | AU3: 19 | AV3: 40 | AW3: 34 | AX3: 18 | AY3: 32 | AZ3: 39 | BA3: 48 | BB3: 40 | BC3: 17
D4: average intensity from 50 pixels | E4: wavelength (nm) | F4: intensity (a.u.) [each column represents one pixel]
D5: =IF(AVERAGE(F5:BC5)<0,0,AVERAGE(F5:BC5)) -> 27.82 | E5: 399.9241 | F5: 6 | G5: 14 | H5: 36 | I5: 39 | J5: 20 | K5: 36 | L5: 41 | M5: 37 | N5: 24 | O5: 41 | P5: 26 | Q5: 8 | R5: 29 | S5: 38 | T5: 40 | U5: 49 | V5: 25 | W5: 44 | X5: 27 | Y5: 17 | Z5: 28 | AA5: 20 | AB5: 25 | AC5: 17 | AD5: 39 | AE5: 7 | AF5: 44 | AG5: 22 | AH5: 31 | AI5: 50 | AJ5: 38 | AK5: 32 | AL5: 23 | AM5: 2 | AN5: 31 | AO5: 20 | AP5: 20 | AQ5: 19 | AR5: 36 | AS5: 34 | AT5: 29 | AU5: 19 | AV5: 34 | AW5: 18 | AX5: 32 | AY5: 48 | AZ5: 17 | BA5: 18 | BB5: 15 | BC5: 26
D6: =IF(AVERAGE(F6:BC6)<0,0,AVERAGE(F6:BC6)) -> 31.52 | E6: 401.12 | F6: 23 | G6: 42 | H6: 46 | I6: 27 | J6: 44 | K6: 21 | L6: 21 | M6: 17 | N6: 34 | O6: 24 | P6: 30 | Q6: 29 | R6: 44 | S6: 45 | T6: 42 | U6: 39 | V6: 35 | W6: 42 | X6: 22 | Y6: 32 | Z6: 41 | AA6: 19 | AB6: 30 | AC6: 60 | AD6: 31 | AE6: 45 | AF6: 51 | AG6: 15 | AH6: 33 | AI6: 39 | AJ6: 25 | AK6: 30 | AL6: 40 | AM6: 16 | AN6: 29 | AO6: 18 | AP6: 22 | AQ6: 17 | AR6: 32 | AS6: 39 | AT6: 23 | AU6: 21 | AV6: 42 | AW6: 32 | AX6: 37 | AY6: 46 | AZ6: 20 | BA6: 28 | BB6: 12 | BC6: 24
D7: =IF(AVERAGE(F7:BC7)<0,0,AVERAGE(F7:BC7)) -> 29.54 | E7: 402.31641 | F7: 11 | G7: 4 | H7: 27 | I7: 18 | J7: 13 | K7: 31 | L7: 28 | M7: 42 | N7: 32 | O7: 15 | P7: 48 | Q7: 18 | R7: 35 | S7: 33 | T7: 27 | U7: 34 | V7: 46 | W7: 27 | X7: 34 | Y7: 29 | Z7: 57 | AA7: 30 | AB7: 44 | AC7: 22 | AD7: 24 | AE7: 29 | AF7: 67 | AG7: 21 | AH7: 6 | AI7: 44 | AJ7: 38 | AK7: 44 | AL7: 38 | AM7: 11 | AN7: 30 | AO7: 25 | AP7: 1 | AQ7: 29 | AR7: 36 | AS7: 39 | AT7: 28 | AU7: 10 | AV7: 38 | AW7: 7 | AX7: 17 | AY7: 55 | AZ7: 54 | BA7: 25 | BB7: 12 | BC7: 44
D8: =IF(AVERAGE(F8:BC8)<0,0,AVERAGE(F8:BC8)) -> 30.9 | E8: 403.51331 | F8: 53 | G8: 26 | H8: 36 | I8: 26 | J8: 23 | K8: 51 | L8: 40 | M8: 23 | N8: 34 | O8: 36 | P8: 30 | Q8: 29 | R8: 30 | S8: 19 | T8: 25 | U8: 44 | V8: 36 | W8: 9 | X8: 24 | Y8: 25 | Z8: 41 | AA8: 40 | AB8: 30 | AC8: 35 | AD8: 58 | AE8: 32 | AF8: 64 | AG8: 27 | AH8: 37 | AI8: 32 | AJ8: 43 | AK8: 41 | AL8: 29 | AM8: 4 | AN8: 27 | AO8: 18 | AP8: 24 | AQ8: 11 | AR8: 37 | AS8: 22 | AT8: 43 | AU8: 18 | AV8: 27 | AW8: 19 | AX8: 10 | AY8: 58 | AZ8: 31 | BA8: 20 | BB8: 18 | BC8: 30
D9: =IF(AVERAGE(F9:BC9)<0,0,AVERAGE(F9:BC9)) -> 32.94 | E9: 404.7106 | F9: 36 | G9: 12 | H9: 34 | I9: 39 | J9: 24 | K9: 36 | L9: 33 | M9: 26 | N9: 28 | O9: 13 | P9: 35 | Q9: 27 | R9: 32 | S9: 38 | T9: 42 | U9: 40 | V9: 36 | W9: 44 | X9: 33 | Y9: 42 | Z9: 26 | AA9: 26 | AB9: 40 | AC9: 26 | AD9: 30 | AE9: 59 | AF9: 53 | AG9: 16 | AH9: 37 | AI9: 39 | AJ9: 36 | AK9: 64 | AL9: 36 | AM9: 21 | AN9: 23 | AO9: 28 | AP9: 26 | AQ9: 27 | AR9: 16 | AS9: 15 | AT9: 30 | AU9: 32 | AV9: 31 | AW9: 29 | AX9: 30 | AY9: 70 | AZ9: 34 | BA9: 31 | BB9: 28 | BC9: 38
D10: =IF(AVERAGE(F10:BC10)<0,0,AVERAGE(F10:BC10)) -> 32.76 | E10: 405.90851 | F10: 35 | G10: 29 | H10: 17 | I10: 28 | J10: 23 | K10: 39 | L10: 22 | M10: 44 | N10: 12 | O10: 12 | P10: 23 | Q10: 35 | R10: 30 | S10: 49 | T10: 57 | U10: 36 | V10: 37 | W10: 22 | X10: 21 | Y10: 49 | Z10: 31 | AA10: 30 | AB10: 11 | AC10: 42 | AD10: 47 | AE10: 45 | AF10: 62 | AG10: 25 | AH10: 30 | AI10: 40 | AJ10: 47 | AK10: 63 | AL10: 45 | AM10: 7 | AN10: 28 | AO10: 10 | AP10: 23 | AQ10: 31 | AR10: 31 | AS10: 16 | AT10: 17 | AU10: 15 | AV10: 34 | AW10: 18 | AX10: 38 | AY10: 66 | AZ10: 54 | BA10: 47 | BB10: 18 | BC10: 47
D11: =IF(AVERAGE(F11:BC11)<0,0,AVERAGE(F11:BC11)) -> 35.64 | E11: 407.10681 | F11: 33 | G11: 16 | H11: 37 | I11: 37 | J11: 35 | K11: 42 | L11: 40 | M11: 19 | N11: 43 | O11: 48 | P11: 46 | Q11: 29 | R11: 43 | S11: 18 | T11: 40 | U11: 22 | V11: 55 | W11: 41 | X11: 30 | Y11: 46 | Z11: 24 | AA11: 38 | AB11: 48 | AC11: 40 | AD11: 49 | AE11: 32 | AF11: 83 | AG11: 16 | AH11: 21 | AI11: 50 | AJ11: 28 | AK11: 44 | AL11: 37 | AM11: 25 | AN11: 25 | AO11: 12 | AP11: 20 | AQ11: 7 | AR11: 32 | AS11: 18 | AT11: 21 | AU11: 20 | AV11: 34 | AW11: 40 | AX11: 67 | AY11: 57 | AZ11: 55 | BA11: 37 | BB11: 49 | BC11: 33
D12: =IF(AVERAGE(F12:BC12)<0,0,AVERAGE(F12:BC12)) -> 38.18 | E12: 408.3056 | F12: 18 | G12: 46 | H12: 34 | I12: 26 | J12: 33 | K12: 37 | L12: 48 | M12: 26 | N12: 24 | O12: 27 | P12: 57 | Q12: 32 | R12: 44 | S12: 45 | T12: 49 | U12: 56 | V12: 31 | W12: 39 | X12: 30 | Y12: 16 | Z12: 58 | AA12: 39 | AB12: 27 | AC12: 43 | AD12: 57 | AE12: 48 | AF12: 107 | AG12: 27 | AH12: 42 | AI12: 54 | AJ12: 46 | AK12: 44 | AL12: 55 | AM12: 4 | AN12: 53 | AO12: 5 | AP12: 30 | AQ12: 12 | AR12: 22 | AS12: 21 | AT12: 42 | AU12: 22 | AV12: 32 | AW12: 17 | AX12: 29 | AY12: 89 | AZ12: 30 | BA12: 47 | BB12: 21 | BC12: 68
D13: =IF(AVERAGE(F13:BC13)<0,0,AVERAGE(F13:BC13)) -> 39.14 | E13: 409.50491 | F13: 3 | G13: 29 | H13: 29 | I13: 31 | J13: 27 | K13: 27 | L13: 53 | M13: 25 | N13: 43 | O13: 21 | P13: 55 | Q13: 13 | R13: 35 | S13: 38 | T13: 42 | U13: 74 | V13: 69 | W13: 22 | X13: 51 | Y13: 57 | Z13: 44 | AA13: 29 | AB13: 38 | AC13: 30 | AD13: 43 | AE13: 43 | AF13: 96 | AG13: 36 | AH13: 31 | AI13: 51 | AJ13: 49 | AK13: 55 | AL13: 42 | AM13: 4 | AN13: 47 | AO13: 27 | AP13: 29 | AQ13: 15 | AR13: 18 | AS13: 42 | AT13: 26 | AU13: 24 | AV13: 44 | AW13: 52 | AX13: 40 | AY13: 81 | AZ13: 43 | BA13: 39 | BB13: 61 | BC13: 34
D14: =IF(AVERAGE(F14:BC14)<0,0,AVERAGE(F14:BC14)) -> 42.1 | E14: 410.70471 | F14: 46 | G14: 32 | H14: 46 | I14: 48 | J14: 27 | K14: 28 | L14: 20 | M14: 33 | N14: 25 | O14: 21 | P14: 39 | Q14: 56 | R14: 24 | S14: 61 | T14: 56 | U14: 70 | V14: 49 | W14: 46 | X14: 33 | Y14: 23 | Z14: 49 | AA14: 52 | AB14: 22 | AC14: 46 | AD14: 59 | AE14: 69 | AF14: 100 | AG14: 46 | AH14: 41 | AI14: 57 | AJ14: 59 | AK14: 70 | AL14: 57 | AM14: 8 | AN14: 48 | AO14: 34 | AP14: 9 | AQ14: 8 | AR14: 31 | AS14: 20 | AT14: 30 | AU14: 27 | AV14: 47 | AW14: 29 | AX14: 33 | AY14: 73 | AZ14: 57 | BA14: 41 | BB14: 43 | BC14: 57
D15: =IF(AVERAGE(F15:BC15)<0,0,AVERAGE(F15:BC15)) -> 46.26 | E15: 411.90491 | F15: 17 | G15: 29 | H15: 63 | I15: 49 | J15: 23 | K15: 48 | L15: 36 | M15: 33 | N15: 37 | O15: 37 | P15: 42 | Q15: 51 | R15: 52 | S15: 43 | T15: 64 | U15: 67 | V15: 74 | W15: 52 | X15: 48 | Y15: 57 | Z15: 51 | AA15: 49 | AB15: 38 | AC15: 54 | AD15: 71 | AE15: 69 | AF15: 81 | AG15: 40 | AH15: 48 | AI15: 64 | AJ15: 53 | AK15: 88 | AL15: 43 | AM15: 22 | AN15: 64 | AO15: 30 | AP15: 21 | AQ15: 9 | AR15: 22 | AS15: 25 | AT15: 19 | AU15: 29 | AV15: 51 | AW15: 37 | AX15: 32 | AY15: 80 | AZ15: 65 | BA15: 48 | BB15: 30 | BC15: 58
D16: =IF(AVERAGE(F16:BC16)<0,0,AVERAGE(F16:BC16)) -> 52.06 | E16: 413.10559 | F16: 53 | G16: 52 | H16: 44 | I16: 48 | J16: 39 | K16: 33 | L16: 42 | M16: 42 | N16: 26 | O16: 50 | P16: 36 | Q16: 41 | R16: 67 | S16: 77 | T16: 53 | U16: 51 | V16: 61 | W16: 41 | X16: 51 | Y16: 54 | Z16: 66 | AA16: 80 | AB16: 56 | AC16: 64 | AD16: 60 | AE16: 85 | AF16: 117 | AG16: 34 | AH16: 40 | AI16: 89 | AJ16: 68 | AK16: 67 | AL16: 39 | AM16: 15 | AN16: 54 | AO16: 46 | AP16: 38 | AQ16: 43 | AR16: 24 | AS16: 32 | AT16: 15 | AU16: 22 | AV16: 57 | AW16: 44 | AX16: 46 | AY16: 101 | AZ16: 79 | BA16: 58 | BB16: 32 | BC16: 71
... D465: =IF(AVERAGE(F465:BC465)<0,0,AVERAGE(F465:BC465)) -> 93.08 | E465: 999.65863 | F465: 85 | G465: 66 | H465: 74 | I465: 73 | J465: 49 | K465: 82 | L465: 71 | M465: 46 | N465: 75 | O465: 54 | P465: 88 | Q465: 51 | R465: 79 | S465: 92 | T465: 99 | U465: 121 | V465: 87 | W465: 61 | X465: 82 | Y465: 75 | Z465: 61 | AA465: 130 | AB465: 66 | AC465: 62 | AD465: 81 | AE465: 106 | AF465: 147 | AG465: 80 | AH465: 119 | AI465: 205 | AJ465: 231 | AK465: 179 | AL465: 135 | AM465: 28 | AN465: 65 | AO465: 63 | AP465: 74 | AQ465: 38 | AR465: 37 | AS465: 66 | AT465: 24 | AU465: 50 | AV465: 111 | AW465: 70 | AX465: 78 | AY465: 313 | AZ465: 174 | BA465: 161 | BB465: 91 | BC465: 99

Sheet stained biomass
C1: peak wavelength (nm) | D1: =VLOOKUP(D2,D4:E464,2,FALSE) -> 657.71362
C2: maximum intensity (a.u.) | D2: =MAX(D4:D464) -> 1937.66
D3: average intensity from 50 pixels | E3: wavelength (nm) | F3: intensity (a.u.) [each column represents one pixel]
D4: =IF(AVERAGE(F4:BC4)<0,0,AVERAGE(F4:BC4)) -> 8.72 | E4: 399.9241 | F4: 31 | G4: 27 | H4: 17 | I4: 13 | J4: 21 | K4: 14 | L4: 23 | M4: 17 | N4: 13 | O4: 0 | P4: -34 | Q4: -11 | R4: 1 | S4: 5 | T4: 6 | U4: 3 | V4: -4 | W4: 10 | X4: 12 | Y4: 7 | Z4: -8 | AA4: -2 | AB4: 19 | AC4: 3 | AD4: 2 | AE4: 3 | AF4: 7 | AG4: -2 | AH4: 36 | AI4: 7 | AJ4: 15 | AK4: 11 | AL4: 4 | AM4: 11 | AN4: 7 | AO4: -5 | AP4: 9 | AQ4: 14 | AR4: 1 | AS4: 8 | AT4: 18 | AU4: 5 | AV4: 5 | AW4: 16 | AX4: 2 | AY4: 17 | AZ4: 33 | BA4: 18 | BB4: 12 | BC4: -1 | BD4: 23 | BE4: 9 | BF4: 18 | BG4: -8 | BH4: 5 | BI4: -13 | BJ4: 1 | BK4: 27 | BL4: 10 | BM4: 2 | BN4: -1 | BO4: 3 | BP4: -8 | BQ4: 13 | BR4: 3 | BS4: 9 | BT4: 11 | BU4: 4 | BV4: 13 | BW4: 6 | BX4: 6 | BY4: 7 | BZ4: 7 | CA4: 2 | CB4: 33 | CC4: 2 | CD4: -5 | CE4: 15 | CF4: 18 | CG4: 34 | CH4: 15 | CI4: 13 | CJ4: -4 | CK4: 18 | CL4: 24 | CM4: 20 | CN4: 9 | CO4: 29 | CP4: 7 | CQ4: 12 | CR4: 16 | CS4: 0 | CT4: -14 | CU4: 14 | CV4: 7 | CW4: 7 | CX4: 10 | CY4: 8 | CZ4: 10 | DA4: 6 | DB4: 11 | DC4: 13 | DD4: -2 | DE4: 2 | DF4: 30 | DG4: 3
D5: =IF(AVERAGE(F5:BC5)<0,0,AVERAGE(F5:BC5)) -> 7.24 | E5: 401.12 | F5: 30 | G5: 18 | H5: 24 | I5: 18 | J5: 21 | K5: 10 | L5: 28 | M5: -9 | N5: 5 | O5: 2 | P5: 8 | Q5: 6 | R5: 14 | S5: -11 | T5: 13 | U5: -6 | V5: -2 | W5: -10 | X5: -10 | Y5: -6 | Z5: 16 | AA5: -5 | AB5: 3 | AC5: 5 | AD5: 17 | AE5: 13 | AF5: 11 | AG5: 1 | AH5: -5 | AI5: -1 | AJ5: -2 | AK5: 14 | AL5: 10 | AM5: 4 | AN5: -1 | AO5: 9 | AP5: 23 | AQ5: -1 | AR5: 6 | AS5: 12 | AT5: 8 | AU5: 17 | AV5: 5 | AW5: 6 | AX5: 11 | AY5: 9 | AZ5: 9 | BA5: 9 | BB5: 12 | BC5: 4 | BD5: 24 | BE5: 22 | BF5: 3 | BG5: -4 | BH5: -1 | BI5: -2 | BJ5: 21 | BK5: 1 | BL5: -11 | BM5: -6 | BN5: -29 | BO5: 2 | BP5: -8 | BQ5: 7 | BR5: 8 | BS5: -15 | BT5: 7 | BU5: -2 | BV5: 2 | BW5: 11 | BX5: 18 | BY5: 14 | BZ5: -2 | CA5: -5 | CB5: 14 | CC5: 9 | CD5: 7 | CE5: 13 | CF5: 14 | CG5: -1 | CH5: 8 | CI5: -12 | CJ5: 5 | CK5: 13 | CL5: 1 | CM5: -3 | CN5: 1 | CO5: 18 | CP5: 5 | CQ5: 0 | CR5: -5 | CS5: 15 | CT5: -2 | CU5: -7 | CV5: 9 | CW5: 12 | CX5: 17 | CY5: 26 | CZ5: 15 | DA5: 6 | DB5: 14 | DC5: 7 | DD5: 16 | DE5: -5 | DF5: -9 | DG5: 7
D6: =IF(AVERAGE(F6:BC6)<0,0,AVERAGE(F6:BC6)) -> 11.44 | E6: 402.31641 | F6: 44 | G6: 18 | H6: 15 | I6: 20 | J6: 6 | K6: 21 | L6: 12 | M6: 15 | N6: 18 | O6: 11 | P6: 1 | Q6: 0 | R6: 9 | S6: -4 | T6: -7 | U6: -6 | V6: -1 | W6: 3 | X6: 10 | Y6: 23 | Z6: 17 | AA6: 5 | AB6: 18 | AC6: -3 | AD6: -14 | AE6: 27 | AF6: 15 | AG6: 2 | AH6: 21 | AI6: 15 | AJ6: 21 | AK6: 22 | AL6: 4 | AM6: -2 | AN6: 18 | AO6: 11 | AP6: 6 | AQ6: 2 | AR6: 14 | AS6: 11 | AT6: 13 | AU6: 0 | AV6: 17 | AW6: 18 | AX6: 16 | AY6: 14 | AZ6: 33 | BA6: 15 | BB6: 6 | BC6: 22 | BD6: 18 | BE6: 5 | BF6: 4 | BG6: 8 | BH6: -2 | BI6: 12 | BJ6: 2 | BK6: 19 | BL6: -6 | BM6: 8 | BN6: -17 | BO6: 20 | BP6: -4 | BQ6: 23 | BR6: -4 | BS6: -11 | BT6: 3 | BU6: 2 | BV6: 10 | BW6: -4 | BX6: 21 | BY6: 8 | BZ6: 3 | CA6: 18 | CB6: 25 | CC6: 18 | CD6: 4 | CE6: -9 | CF6: 17 | CG6: -6 | CH6: 13 | CI6: 21 | CJ6: 12 | CK6: 4 | CL6: 6 | CM6: -9 | CN6: 19 | CO6: 28 | CP6: 13 | CQ6: 15 | CR6: 8 | CS6: -2 | CT6: 9 | CU6: 5 | CV6: 17 | CW6: 3 | CX6: 19 | CY6: 21 | CZ6: 10 | DA6: 26 | DB6: 1 | DC6: 6 | DD6: 7 | DE6: 9 | DF6: 7 | DG6: 17
D7: =IF(AVERAGE(F7:BC7)<0,0,AVERAGE(F7:BC7)) -> 12.28 | E7: 403.51331 | F7: 41 | G7: 29 | H7: 37 | I7: 25 | J7: 31 | K7: 44 | L7: 31 | M7: 18 | N7: 13 | O7: -2 | P7: -8 | Q7: 18 | R7: 6 | S7: 12 | T7: 8 | U7: 6 | V7: -1 | W7: 9 | X7: 3 | Y7: 3 | Z7: 17 | AA7: -5 | AB7: -5 | AC7: 7 | AD7: 21 | AE7: 22 | AF7: -4 | AG7: 17 | AH7: 28 | AI7: 11 | AJ7: 5 | AK7: 19 | AL7: 11 | AM7: -2 | AN7: 4 | AO7: -4 | AP7: 7 | AQ7: -3 | AR7: 19 | AS7: 1 | AT7: 15 | AU7: 12 | AV7: 0 | AW7: 17 | AX7: 17 | AY7: 23 | AZ7: 1 | BA7: 14 | BB7: 22 | BC7: 4 | BD7: 20 | BE7: 30 | BF7: 17 | BG7: 4 | BH7: -2 | BI7: -15 | BJ7: 7 | BK7: -3 | BL7: 10 | BM7: 8 | BN7: 4 | BO7: 11 | BP7: 1 | BQ7: 3 | BR7: -1 | BS7: -2 | BT7: -2 | BU7: 3 | BV7: 29 | BW7: 9 | BX7: 18 | BY7: 14 | BZ7: 9 | CA7: -2 | CB7: 8 | CC7: 8 | CD7: 5 | CE7: 15 | CF7: 1 | CG7: 12 | CH7: 6 | CI7: 1 | CJ7: 20 | CK7: -2 | CL7: 13 | CM7: 22 | CN7: 4 | CO7: 24 | CP7: 10 | CQ7: 22 | CR7: -5 | CS7: 10 | CT7: -8 | CU7: -7 | CV7: 4 | CW7: 17 | CX7: 14 | CY7: 7 | CZ7: -3 | DA7: 9 | DB7: 0 | DC7: -9 | DD7: 10 | DE7: 9 | DF7: 12 | DG7: 7
D8: =IF(AVERAGE(F8:BC8)<0,0,AVERAGE(F8:BC8)) -> 11.44 | E8: 404.7106 | F8: 57 | G8: 10 | H8: 42 | I8: 23 | J8: 31 | K8: 18 | L8: 15 | M8: 6 | N8: 20 | O8: 9 | P8: -3 | Q8: 10 | R8: 0 | S8: -8 | T8: 8 | U8: 6 | V8: -13 | W8: -1 | X8: 11 | Y8: 18 | Z8: 1 | AA8: 14 | AB8: 9 | AC8: -9 | AD8: -3 | AE8: 11 | AF8: 15 | AG8: 6 | AH8: 15 | AI8: -3 | AJ8: 19 | AK8: 18 | AL8: 17 | AM8: 12 | AN8: 14 | AO8: 9 | AP8: 9 | AQ8: 18 | AR8: -3 | AS8: 5 | AT8: 3 | AU8: 13 | AV8: 7 | AW8: 10 | AX8: 7 | AY8: 16 | AZ8: 40 | BA8: 20 | BB8: 10 | BC8: 13 | BD8: 19 | BE8: 3 | BF8: 13 | BG8: 0 | BH8: 4 | BI8: -5 | BJ8: 4 | BK8: -1 | BL8: 3 | BM8: 2 | BN8: -4 | BO8: 4 | BP8: 7 | BQ8: -7 | BR8: 4 | BS8: 8 | BT8: -4 | BU8: -15 | BV8: -1 | BW8: 7 | BX8: -4 | BY8: 6 | BZ8: -5 | CA8: 0 | CB8: 29 | CC8: 2 | CD8: -1 | CE8: 8 | CF8: 12 | CG8: 9 | CH8: -9 | CI8: 2 | CJ8: 6 | CK8: 12 | CL8: 11 | CM8: 11 | CN8: 14 | CO8: 31 | CP8: 15 | CQ8: 19 | CR8: 14 | CS8: -5 | CT8: 8 | CU8: 9 | CV8: 9 | CW8: 11 | CX8: 16 | CY8: -4 | CZ8: 15 | DA8: 25 | DB8: 4 | DC8: 16 | DD8: 2 | DE8: 0 | DF8: 8 | DG8: 2
D9: =IF(AVERAGE(F9:BC9)<0,0,AVERAGE(F9:BC9)) -> 12.54 | E9: 405.90851 | F9: 38 | G9: 19 | H9: 10 | I9: 31 | J9: 24 | K9: 29 | L9: -2 | M9: 5 | N9: 6 | O9: 21 | P9: 10 | Q9: 5 | R9: 3 | S9: 8 | T9: -2 | U9: -3 | V9: 1 | W9: 23 | X9: 11 | Y9: 12 | Z9: -2 | AA9: 30 | AB9: 14 | AC9: 7 | AD9: 1 | AE9: 0 | AF9: 9 | AG9: 6 | AH9: 13 | AI9: 14 | AJ9: 7 | AK9: 9 | AL9: 6 | AM9: -2 | AN9: 13 | AO9: 8 | AP9: 34 | AQ9: 15 | AR9: 30 | AS9: 9 | AT9: -5 | AU9: 16 | AV9: 0 | AW9: 19 | AX9: 20 | AY9: 27 | AZ9: 18 | BA9: 14 | BB9: 33 | BC9: 15 | BD9: 14 | BE9: 8 | BF9: 18 | BG9: 18 | BH9: 6 | BI9: -3 | BJ9: -8 | BK9: -4 | BL9: 5 | BM9: 12 | BN9: 12 | BO9: 5 | BP9: 10 | BQ9: 15 | BR9: -9 | BS9: 2 | BT9: 5 | BU9: -3 | BV9: 9 | BW9: -3 | BX9: 15 | BY9: 21 | BZ9: 21 | CA9: 4 | CB9: 19 | CC9: -2 | CD9: 26 | CE9: 25 | CF9: 8 | CG9: 4 | CH9: 1 | CI9: 5 | CJ9: 9 | CK9: 15 | CL9: 36 | CM9: 13 | CN9: 15 | CO9: 14 | CP9: 5 | CQ9: 4 | CR9: 8 | CS9: 20 | CT9: 23 | CU9: 3 | CV9: -2 | CW9: 6 | CX9: -2 | CY9: -7 | CZ9: 42 | DA9: 28 | DB9: 0 | DC9: 14 | DD9: 21 | DE9: 0 | DF9: 8 | DG9: 7
D10: =IF(AVERAGE(F10:BC10)<0,0,AVERAGE(F10:BC10)) -> 12.16 | E10: 407.10681 | F10: 68 | G10: 39 | H10: 18 | I10: 14 | J10: 47 | K10: 20 | L10: 5 | M10: 24 | N10: 14 | O10: 18 | P10: 0 | Q10: -9 | R10: 5 | S10: 3 | T10: -5 | U10: -17 | V10: 7 | W10: 4 | X10: 1 | Y10: 17 | Z10: 3 | AA10: 8 | AB10: 37 | AC10: 30 | AD10: 4 | AE10: 15 | AF10: 26 | AG10: 5 | AH10: 7 | AI10: -1 | AJ10: 16 | AK10: 13 | AL10: -5 | AM10: 10 | AN10: -8 | AO10: 25 | AP10: 4 | AQ10: -3 | AR10: -16 | AS10: 13 | AT10: 26 | AU10: -2 | AV10: 22 | AW10: 21 | AX10: 12 | AY10: 2 | AZ10: 25 | BA10: 4 | BB10: 27 | BC10: 15 | BD10: 26 | BE10: 3 | BF10: 2 | BG10: -1 | BH10: 13 | BI10: -7 | BJ10: 0 | BK10: 3 | BL10: 6 | BM10: -12 | BN10: 7 | BO10: -1 | BP10: 11 | BQ10: 3 | BR10: -6 | BS10: -3 | BT10: 2 | BU10: 14 | BV10: 0 | BW10: 7 | BX10: -7 | BY10: 10 | BZ10: 5 | CA10: 1 | CB10: 2 | CC10: 5 | CD10: 2 | CE10: 15 | CF10: 4 | CG10: 14 | CH10: 1 | CI10: 13 | CJ10: 10 | CK10: 13 | CL10: -18 | CM10: 13 | CN10: 28 | CO10: 21 | CP10: 3 | CQ10: 15 | CR10: 1 | CS10: 0 | CT10: 6 | CU10: 7 | CV10: -7 | CW10: 4 | CX10: 10 | CY10: 3 | CZ10: -3 | DA10: 25 | DB10: 9 | DC10: 8 | DD10: 19 | DE10: 3 | DF10: 31 | DG10: -2
D11: =IF(AVERAGE(F11:BC11)<0,0,AVERAGE(F11:BC11)) -> 13.66 | E11: 408.3056 | F11: 41 | G11: 43 | H11: 49 | I11: 31 | J11: 39 | K11: 24 | L11: 17 | M11: 37 | N11: -2 | O11: 1 | P11: 7 | Q11: 14 | R11: 3 | S11: 11 | T11: 16 | U11: 1 | V11: 15 | W11: 1 | X11: 2 | Y11: 18 | Z11: 14 | AA11: 0 | AB11: -24 | AC11: 16 | AD11: 12 | AE11: 7 | AF11: 12 | AG11: 6 | AH11: 19 | AI11: 25 | AJ11: 3 | AK11: -9 | AL11: -10 | AM11: 15 | AN11: 27 | AO11: 2 | AP11: 12 | AQ11: 12 | AR11: 13 | AS11: -3 | AT11: 8 | AU11: 28 | AV11: 9 | AW11: 14 | AX11: 22 | AY11: 1 | AZ11: 7 | BA11: 12 | BB11: 47 | BC11: 18 | BD11: 15 | BE11: 19 | BF11: 13 | BG11: 11 | BH11: 6 | BI11: 1 | BJ11: 7 | BK11: 5 | BL11: 1 | BM11: 17 | BN11: 10 | BO11: -5 | BP11: 1 | BQ11: 17 | BR11: -10 | BS11: 6 | BT11: -14 | BU11: 14 | BV11: 6 | BW11: 0 | BX11: 12 | BY11: 0 | BZ11: 14 | CA11: 17 | CB11: 25 | CC11: 8 | CD11: 0 | CE11: 12 | CF11: 9 | CG11: 18 | CH11: 14 | CI11: 14 | CJ11: 39 | CK11: 18 | CL11: 18 | CM11: 21 | CN11: 10 | CO11: 23 | CP11: 19 | CQ11: 14 | CR11: 15 | CS11: 19 | CT11: 0 | CU11: 9 | CV11: 13 | CW11: 13 | CX11: -3 | CY11: 7 | CZ11: 9 | DA11: 22 | DB11: 15 | DC11: 0 | DD11: 20 | DE11: 12 | DF11: 21 | DG11: 9
D12: =IF(AVERAGE(F12:BC12)<0,0,AVERAGE(F12:BC12)) -> 15.1 | E12: 409.50491 | F12: 36 | G12: 37 | H12: 36 | I12: 46 | J12: 29 | K12: 29 | L12: 18 | M12: 17 | N12: 18 | O12: 29 | P12: -1 | Q12: 11 | R12: 25 | S12: 10 | T12: 6 | U12: -3 | V12: 6 | W12: 1 | X12: 7 | Y12: 5 | Z12: 15 | AA12: 5 | AB12: 34 | AC12: -18 | AD12: 10 | AE12: 18 | AF12: 21 | AG12: 2 | AH12: 13 | AI12: 16 | AJ12: 12 | AK12: 18 | AL12: 22 | AM12: 9 | AN12: -6 | AO12: 13 | AP12: 20 | AQ12: 13 | AR12: 7 | AS12: 5 | AT12: 22 | AU12: 12 | AV12: 6 | AW12: 30 | AX12: 19 | AY12: 29 | AZ12: 10 | BA12: 8 | BB12: 4 | BC12: 24 | BD12: 3 | BE12: 25 | BF12: 11 | BG12: 7 | BH12: 2 | BI12: 3 | BJ12: -6 | BK12: 5 | BL12: 3 | BM12: 3 | BN12: 7 | BO12: 16 | BP12: -11 | BQ12: 19 | BR12: 10 | BS12: -6 | BT12: -1 | BU12: -8 | BV12: 0 | BW12: 2 | BX12: 13 | BY12: 17 | BZ12: 20 | CA12: 22 | CB12: 16 | CC12: 0 | CD12: -7 | CE12: 26 | CF12: 15 | CG12: 8 | CH12: 5 | CI12: 13 | CJ12: 10 | CK12: 22 | CL12: 1 | CM12: 14 | CN12: 12 | CO12: 10 | CP12: 18 | CQ12: 14 | CR12: 4 | CS12: 15 | CT12: 11 | CU12: -5 | CV12: 2 | CW12: 7 | CX12: 16 | CY12: 8 | CZ12: 0 | DA12: 30 | DB12: 20 | DC12: 8 | DD12: 12 | DE12: 17 | DF12: 19 | DG12: 17
D13: =IF(AVERAGE(F13:BC13)<0,0,AVERAGE(F13:BC13)) -> 13.26 | E13: 410.70471 | F13: 37 | G13: 19 | H13: 30 | I13: 37 | J13: 30 | K13: 25 | L13: 5 | M13: 28 | N13: 9 | O13: -4 | P13: 19 | Q13: 5 | R13: 8 | S13: 15 | T13: -1 | U13: 0 | V13: 7 | W13: 5 | X13: 11 | Y13: 18 | Z13: 24 | AA13: 17 | AB13: 17 | AC13: 5 | AD13: 3 | AE13: 23 | AF13: 4 | AG13: -6 | AH13: 10 | AI13: 23 | AJ13: 0 | AK13: -17 | AL13: 15 | AM13: 11 | AN13: 16 | AO13: 4 | AP13: 9 | AQ13: 15 | AR13: 17 | AS13: 17 | AT13: 14 | AU13: 24 | AV13: 11 | AW13: 31 | AX13: 32 | AY13: 9 | AZ13: 9 | BA13: -2 | BB13: 11 | BC13: 14 | BD13: 15 | BE13: 14 | BF13: 8 | BG13: -5 | BH13: 2 | BI13: 3 | BJ13: -5 | BK13: -15 | BL13: 9 | BM13: 13 | BN13: 4 | BO13: -11 | BP13: -11 | BQ13: 15 | BR13: -2 | BS13: -16 | BT13: 4 | BU13: -1 | BV13: -4 | BW13: 5 | BX13: 12 | BY13: 1 | BZ13: 21 | CA13: 6 | CB13: 2 | CC13: 9 | CD13: 1 | CE13: 19 | CF13: 7 | CG13: 7 | CH13: 8 | CI13: 0 | CJ13: 12 | CK13: 13 | CL13: 9 | CM13: 22 | CN13: 6 | CO13: 19 | CP13: 25 | CQ13: 23 | CR13: 3 | CS13: 17 | CT13: 24 | CU13: 0 | CV13: 12 | CW13: -6 | CX13: 16 | CY13: 11 | CZ13: -5 | DA13: 23 | DB13: 24 | DC13: 4 | DD13: 6 | DE13: 15 | DF13: 17 | DG13: 9
D14: =IF(AVERAGE(F14:BC14)<0,0,AVERAGE(F14:BC14)) -> 13.82 | E14: 411.90491 | F14: 72 | G14: 34 | H14: 31 | I14: 18 | J14: 45 | K14: 22 | L14: 43 | M14: 40 | N14: -4 | O14: -7 | P14: 12 | Q14: 11 | R14: -1 | S14: 25 | T14: -2 | U14: 0 | V14: 8 | W14: 3 | X14: 2 | Y14: 15 | Z14: 14 | AA14: 5 | AB14: 13 | AC14: 4 | AD14: 6 | AE14: 19 | AF14: 20 | AG14: 18 | AH14: 7 | AI14: 3 | AJ14: 3 | AK14: 13 | AL14: 14 | AM14: 13 | AN14: 12 | AO14: 12 | AP14: 22 | AQ14: 3 | AR14: 1 | AS14: 8 | AT14: 13 | AU14: 17 | AV14: 8 | AW14: 8 | AX14: 8 | AY14: 13 | AZ14: 9 | BA14: 21 | BB14: 11 | BC14: 6 | BD14: 17 | BE14: 8 | BF14: 13 | BG14: 1 | BH14: 10 | BI14: -13 | BJ14: 16 | BK14: -8 | BL14: 9 | BM14: -13 | BN14: 0 | BO14: 1 | BP14: 2 | BQ14: 14 | BR14: 1 | BS14: 18 | BT14: 14 | BU14: -11 | BV14: -5 | BW14: 2 | BX14: 9 | BY14: 4 | BZ14: 13 | CA14: -8 | CB14: 9 | CC14: 17 | CD14: 13 | CE14: 17 | CF14: -4 | CG14: 21 | CH14: 1 | CI14: 1 | CJ14: 20 | CK14: 13 | CL14: 22 | CM14: 7 | CN14: 19 | CO14: 28 | CP14: 18 | CQ14: 24 | CR14: 13 | CS14: 11 | CT14: 8 | CU14: 7 | CV14: 8 | CW14: 10 | CX14: 8 | CY14: 16 | CZ14: 19 | DA14: 26 | DB14: 20 | DC14: 11 | DD14: 0 | DE14: 16 | DF14: 11 | DG14: 14
D15: =IF(AVERAGE(F15:BC15)<0,0,AVERAGE(F15:BC15)) -> 15.04 | E15: 413.10559 | F15: 42 | G15: 50 | H15: 42 | I15: 25 | J15: 51 | K15: 27 | L15: 29 | M15: 22 | N15: 24 | O15: 13 | P15: -3 | Q15: 13 | R15: 29 | S15: 1 | T15: 5 | U15: 31 | V15: 5 | W15: 9 | X15: 6 | Y15: 3 | Z15: -2 | AA15: -4 | AB15: 13 | AC15: 2 | AD15: 9 | AE15: 15 | AF15: 12 | AG15: 12 | AH15: 10 | AI15: -2 | AJ15: 21 | AK15: 4 | AL15: 15 | AM15: 12 | AN15: 12 | AO15: 14 | AP15: 8 | AQ15: 17 | AR15: 12 | AS15: 14 | AT15: 22 | AU15: 27 | AV15: 4 | AW15: 17 | AX15: 16 | AY15: -1 | AZ15: 1 | BA15: 17 | BB15: 20 | BC15: 11 | BD15: 14 | BE15: 29 | BF15: 11 | BG15: 2 | BH15: 1 | BI15: -6 | BJ15: 8 | BK15: 6 | BL15: -1 | BM15: 13 | BN15: 33 | BO15: 8 | BP15: -3 | BQ15: 3 | BR15: 9 | BS15: 7 | BT15: 4 | BU15: 3 | BV15: 13 | BW15: 14 | BX15: 11 | BY15: 7 | BZ15: -1 | CA15: 3 | CB15: 8 | CC15: 7 | CD15: 13 | CE15: 0 | CF15: 11 | CG15: 18 | CH15: 16 | CI15: 8 | CJ15: 9 | CK15: 8 | CL15: 10 | CM15: 10 | CN15: -1 | CO15: 8 | CP15: 11 | CQ15: 18 | CR15: 15 | CS15: 6 | CT15: 0 | CU15: -5 | CV15: 10 | CW15: 17 | CX15: 8 | CY15: -6 | CZ15: 9 | DA15: 28 | DB15: 5 | DC15: 4 | DD15: -5 | DE15: 16 | DF15: 8 | DG15: 19
... D464: =IF(AVERAGE(F464:BC464)<0,0,AVERAGE(F464:BC464)) -> 33.18 | E464: 999.65863 | F464: 124 | G464: 111 | H464: 136 | I464: 121 | J464: 139 | K464: 147 | L464: 181 | M464: 117 | N464: 30 | O464: 18 | P464: 14 | Q464: 19 | R464: 11 | S464: 1 | T464: 16 | U464: 28 | V464: -1 | W464: -10 | X464: 11 | Y464: 24 | Z464: 18 | AA464: 33 | AB464: 34 | AC464: 18 | AD464: 15 | AE464: -10 | AF464: -10 | AG464: 29 | AH464: 30 | AI464: -1 | AJ464: 23 | AK464: 14 | AL464: 26 | AM464: 1 | AN464: -2 | AO464: 19 | AP464: 10 | AQ464: 15 | AR464: 6 | AS464: 9 | AT464: 10 | AU464: 15 | AV464: 22 | AW464: 19 | AX464: 3 | AY464: 19 | AZ464: 7 | BA464: 5 | BB464: 26 | BC464: 19 | BD464: 21 | BE464: 19 | BF464: 25 | BG464: 5 | BH464: 6 | BI464: 16 | BJ464: 12 | BK464: -1 | BL464: 7 | BM464: 1 | BN464: 92 | BO464: -6 | BP464: 16 | BQ464: 2 | BR464: 18 | BS464: 25 | BT464: 1 | BU464: 4 | BV464: 16 | BW464: 14 | BX464: 14 | BY464: 19 | BZ464: 1 | CA464: -3 | CB464: 8 | CC464: 23 | CD464: 16 | CE464: 24 | CF464: 13 | CG464: 20 | CH464: 21 | CI464: 25 | CJ464: 68 | CK464: 29 | CL464: 29 | CM464: 16 | CN464: 20 | CO464: 39 | CP464: 23 | CQ464: 11 | CR464: 31 | CS464: 19 | CT464: 23 | CU464: -1 | CV464: 12 | CW464: 14 | CX464: 25 | CY464: 6 | CZ464: 26 | DA464: 32 | DB464: 28 | DC464: 6 | DD464: 15 | DE464: 4 | DF464: 16 | DG464: 21

Sheet PTFE unstained
D1: average intensity from 50 pixels | E1: wavelength (nm) | F1: intensity (a.u.) [each column represents one pixel]
D2: =IF(AVERAGE(F2:BC2)<0,0,AVERAGE(F2:BC2)) -> 45.2 | E2: 399.9241 | F2: 71 | G2: 44 | H2: 51 | I2: 22 | J2: 60 | K2: 64 | L2: 33 | M2: 42 | N2: 47 | O2: 52 | P2: 36 | Q2: 36 | R2: 56 | S2: 20 | T2: 41 | U2: 38 | V2: 47 | W2: 47 | X2: 58 | Y2: 34 | Z2: 39 | AA2: 50 | AB2: 44 | AC2: 31 | AD2: 56 | AE2: 69 | AF2: 27 | AG2: 52 | AH2: 64 | AI2: 24 | AJ2: 71 | AK2: 37 | AL2: 37 | AM2: 47 | AN2: 42 | AO2: 43 | AP2: 39 | AQ2: 35 | AR2: 49 | AS2: 38 | AT2: 62 | AU2: 55 | AV2: 60 | AW2: 51 | AX2: 33 | AY2: 36 | AZ2: 37 | BA2: 36 | BB2: 57 | BC2: 40 | BD2: 31 | BE2: 45
D3: =IF(AVERAGE(F3:BC3)<0,0,AVERAGE(F3:BC3)) -> 44.1 | E3: 401.12 | F3: 45 | G3: 60 | H3: 54 | I3: 30 | J3: 62 | K3: 32 | L3: 51 | M3: 53 | N3: 37 | O3: 32 | P3: 40 | Q3: 32 | R3: 70 | S3: 60 | T3: 49 | U3: 16 | V3: 51 | W3: 35 | X3: 41 | Y3: 30 | Z3: 58 | AA3: 48 | AB3: 43 | AC3: 39 | AD3: 50 | AE3: 68 | AF3: 42 | AG3: 60 | AH3: 42 | AI3: 52 | AJ3: 55 | AK3: 51 | AL3: 50 | AM3: 44 | AN3: 29 | AO3: 43 | AP3: 52 | AQ3: 50 | AR3: 39 | AS3: 39 | AT3: 46 | AU3: 53 | AV3: 40 | AW3: 29 | AX3: 34 | AY3: 35 | AZ3: 24 | BA3: 35 | BB3: 47 | BC3: 28 | BD3: 16 | BE3: 43
D4: =IF(AVERAGE(F4:BC4)<0,0,AVERAGE(F4:BC4)) -> 49.82 | E4: 402.31641 | F4: 50 | G4: 56 | H4: 55 | I4: 52 | J4: 60 | K4: 36 | L4: 58 | M4: 42 | N4: 39 | O4: 67 | P4: 41 | Q4: 54 | R4: 55 | S4: 42 | T4: 46 | U4: 50 | V4: 47 | W4: 41 | X4: 51 | Y4: 43 | Z4: 58 | AA4: 48 | AB4: 49 | AC4: 39 | AD4: 52 | AE4: 85 | AF4: 33 | AG4: 71 | AH4: 61 | AI4: 53 | AJ4: 64 | AK4: 61 | AL4: 55 | AM4: 48 | AN4: 43 | AO4: 39 | AP4: 45 | AQ4: 60 | AR4: 40 | AS4: 55 | AT4: 57 | AU4: 65 | AV4: 66 | AW4: 32 | AX4: 46 | AY4: 46 | AZ4: 21 | BA4: 46 | BB4: 52 | BC4: 16 | BD4: 52 | BE4: 15
D5: =IF(AVERAGE(F5:BC5)<0,0,AVERAGE(F5:BC5)) -> 51.22 | E5: 403.51331 | F5: 60 | G5: 61 | H5: 62 | I5: 55 | J5: 61 | K5: 39 | L5: 45 | M5: 70 | N5: 35 | O5: 46 | P5: 43 | Q5: 43 | R5: 37 | S5: 55 | T5: 25 | U5: 51 | V5: 44 | W5: 36 | X5: 44 | Y5: 32 | Z5: 60 | AA5: 65 | AB5: 57 | AC5: 47 | AD5: 69 | AE5: 92 | AF5: 48 | AG5: 73 | AH5: 75 | AI5: 76 | AJ5: 61 | AK5: 47 | AL5: 62 | AM5: 50 | AN5: 49 | AO5: 66 | AP5: 41 | AQ5: 33 | AR5: 48 | AS5: 41 | AT5: 36 | AU5: 57 | AV5: 56 | AW5: 47 | AX5: 41 | AY5: 43 | AZ5: 56 | BA5: 43 | BB5: 44 | BC5: 34 | BD5: 46 | BE5: 38
D6: =IF(AVERAGE(F6:BC6)<0,0,AVERAGE(F6:BC6)) -> 54.46 | E6: 404.7106 | F6: 61 | G6: 66 | H6: 62 | I6: 77 | J6: 62 | K6: 56 | L6: 23 | M6: 52 | N6: 53 | O6: 35 | P6: 50 | Q6: 40 | R6: 57 | S6: 30 | T6: 60 | U6: 51 | V6: 26 | W6: 66 | X6: 44 | Y6: 58 | Z6: 82 | AA6: 55 | AB6: 60 | AC6: 38 | AD6: 72 | AE6: 108 | AF6: 72 | AG6: 71 | AH6: 69 | AI6: 59 | AJ6: 73 | AK6: 69 | AL6: 35 | AM6: 50 | AN6: 21 | AO6: 54 | AP6: 55 | AQ6: 51 | AR6: 53 | AS6: 56 | AT6: 44 | AU6: 68 | AV6: 61 | AW6: 58 | AX6: 40 | AY6: 44 | AZ6: 42 | BA6: 44 | BB6: 45 | BC6: 45 | BD6: 19 | BE6: 37
D7: =IF(AVERAGE(F7:BC7)<0,0,AVERAGE(F7:BC7)) -> 60.46 | E7: 405.90851 | F7: 55 | G7: 71 | H7: 60 | I7: 58 | J7: 81 | K7: 57 | L7: 58 | M7: 63 | N7: 45 | O7: 56 | P7: 59 | Q7: 50 | R7: 50 | S7: 43 | T7: 60 | U7: 40 | V7: 68 | W7: 44 | X7: 42 | Y7: 36 | Z7: 45 | AA7: 47 | AB7: 60 | AC7: 64 | AD7: 84 | AE7: 129 | AF7: 67 | AG7: 82 | AH7: 82 | AI7: 105 | AJ7: 72 | AK7: 57 | AL7: 65 | AM7: 61 | AN7: 60 | AO7: 56 | AP7: 46 | AQ7: 82 | AR7: 54 | AS7: 63 | AT7: 55 | AU7: 74 | AV7: 58 | AW7: 37 | AX7: 51 | AY7: 50 | AZ7: 67 | BA7: 50 | BB7: 49 | BC7: 55 | BD7: 42 | BE7: 63
D8: =IF(AVERAGE(F8:BC8)<0,0,AVERAGE(F8:BC8)) -> 63.04 | E8: 407.10681 | F8: 83 | G8: 73 | H8: 89 | I8: 68 | J8: 78 | K8: 62 | L8: 51 | M8: 44 | N8: 63 | O8: 67 | P8: 49 | Q8: 57 | R8: 53 | S8: 51 | T8: 64 | U8: 44 | V8: 55 | W8: 41 | X8: 60 | Y8: 68 | Z8: 72 | AA8: 53 | AB8: 58 | AC8: 60 | AD8: 72 | AE8: 83 | AF8: 53 | AG8: 80 | AH8: 108 | AI8: 105 | AJ8: 65 | AK8: 61 | AL8: 69 | AM8: 37 | AN8: 37 | AO8: 58 | AP8: 55 | AQ8: 81 | AR8: 67 | AS8: 66 | AT8: 50 | AU8: 70 | AV8: 55 | AW8: 53 | AX8: 65 | AY8: 55 | AZ8: 69 | BA8: 55 | BB8: 73 | BC8: 47 | BD8: 46 | BE8: 40
D9: =IF(AVERAGE(F9:BC9)<0,0,AVERAGE(F9:BC9)) -> 66.62 | E9: 408.3056 | F9: 84 | G9: 82 | H9: 90 | I9: 55 | J9: 77 | K9: 68 | L9: 35 | M9: 59 | N9: 59 | O9: 59 | P9: 63 | Q9: 42 | R9: 51 | S9: 46 | T9: 71 | U9: 50 | V9: 51 | W9: 60 | X9: 55 | Y9: 46 | Z9: 77 | AA9: 74 | AB9: 76 | AC9: 75 | AD9: 97 | AE9: 111 | AF9: 45 | AG9: 70 | AH9: 87 | AI9: 92 | AJ9: 75 | AK9: 73 | AL9: 81 | AM9: 74 | AN9: 59 | AO9: 66 | AP9: 60 | AQ9: 112 | AR9: 60 | AS9: 58 | AT9: 80 | AU9: 68 | AV9: 79 | AW9: 30 | AX9: 57 | AY9: 63 | AZ9: 82 | BA9: 63 | BB9: 55 | BC9: 29 | BD9: 60 | BE9: 31
D10: =IF(AVERAGE(F10:BC10)<0,0,AVERAGE(F10:BC10)) -> 68.98 | E10: 409.50491 | F10: 70 | G10: 103 | H10: 80 | I10: 58 | J10: 92 | K10: 52 | L10: 63 | M10: 71 | N10: 69 | O10: 65 | P10: 50 | Q10: 72 | R10: 58 | S10: 50 | T10: 52 | U10: 72 | V10: 88 | W10: 50 | X10: 47 | Y10: 43 | Z10: 64 | AA10: 84 | AB10: 62 | AC10: 67 | AD10: 97 | AE10: 104 | AF10: 84 | AG10: 81 | AH10: 85 | AI10: 96 | AJ10: 80 | AK10: 74 | AL10: 65 | AM10: 47 | AN10: 45 | AO10: 59 | AP10: 57 | AQ10: 91 | AR10: 68 | AS10: 59 | AT10: 66 | AU10: 64 | AV10: 93 | AW10: 78 | AX10: 63 | AY10: 69 | AZ10: 78 | BA10: 69 | BB10: 63 | BC10: 32 | BD10: 55 | BE10: 37
D11: =IF(AVERAGE(F11:BC11)<0,0,AVERAGE(F11:BC11)) -> 74.62 | E11: 410.70471 | F11: 99 | G11: 94 | H11: 88 | I11: 73 | J11: 84 | K11: 62 | L11: 60 | M11: 77 | N11: 68 | O11: 59 | P11: 72 | Q11: 58 | R11: 71 | S11: 43 | T11: 70 | U11: 53 | V11: 59 | W11: 53 | X11: 47 | Y11: 46 | Z11: 97 | AA11: 76 | AB11: 86 | AC11: 71 | AD11: 93 | AE11: 148 | AF11: 110 | AG11: 54 | AH11: 103 | AI11: 96 | AJ11: 92 | AK11: 84 | AL11: 66 | AM11: 51 | AN11: 59 | AO11: 83 | AP11: 85 | AQ11: 71 | AR11: 73 | AS11: 83 | AT11: 64 | AU11: 76 | AV11: 55 | AW11: 75 | AX11: 71 | AY11: 81 | AZ11: 84 | BA11: 81 | BB11: 64 | BC11: 63 | BD11: 58 | BE11: 37
D12: =IF(AVERAGE(F12:BC12)<0,0,AVERAGE(F12:BC12)) -> 78.06 | E12: 411.90491 | F12: 87 | G12: 90 | H12: 80 | I12: 45 | J12: 107 | K12: 88 | L12: 51 | M12: 78 | N12: 81 | O12: 72 | P12: 71 | Q12: 55 | R12: 70 | S12: 74 | T12: 72 | U12: 59 | V12: 59 | W12: 53 | X12: 72 | Y12: 68 | Z12: 70 | AA12: 95 | AB12: 64 | AC12: 89 | AD12: 95 | AE12: 137 | AF12: 73 | AG12: 78 | AH12: 99 | AI12: 118 | AJ12: 79 | AK12: 106 | AL12: 107 | AM12: 54 | AN12: 62 | AO12: 73 | AP12: 94 | AQ12: 115 | AR12: 79 | AS12: 85 | AT12: 69 | AU12: 79 | AV12: 80 | AW12: 78 | AX12: 61 | AY12: 66 | AZ12: 90 | BA12: 66 | BB12: 58 | BC12: 52 | BD12: 64 | BE12: 53
D13: =IF(AVERAGE(F13:BC13)<0,0,AVERAGE(F13:BC13)) -> 84.36 | E13: 413.10559 | F13: 102 | G13: 103 | H13: 107 | I13: 64 | J13: 96 | K13: 70 | L13: 84 | M13: 75 | N13: 85 | O13: 64 | P13: 81 | Q13: 89 | R13: 62 | S13: 62 | T13: 60 | U13: 93 | V13: 76 | W13: 67 | X13: 69 | Y13: 72 | Z13: 100 | AA13: 69 | AB13: 85 | AC13: 95 | AD13: 109 | AE13: 160 | AF13: 82 | AG13: 78 | AH13: 106 | AI13: 142 | AJ13: 111 | AK13: 99 | AL13: 113 | AM13: 79 | AN13: 50 | AO13: 61 | AP13: 68 | AQ13: 99 | AR13: 69 | AS13: 97 | AT13: 89 | AU13: 84 | AV13: 94 | AW13: 78 | AX13: 58 | AY13: 76 | AZ13: 87 | BA13: 76 | BB13: 80 | BC13: 43 | BD13: 39 | BE13: 44
... D462: =IF(AVERAGE(F462:BC462)<0,0,AVERAGE(F462:BC462)) -> 124.68 | E462: 999.65863 | F462: 161 | G462: 137 | H462: 121 | I462: 109 | J462: 168 | K462: 94 | L462: 97 | M462: 198 | N462: 165 | O462: 110 | P462: 78 | Q462: 91 | R462: 77 | S462: 81 | T462: 69 | U462: 63 | V462: 100 | W462: 104 | X462: 125 | Y462: 158 | Z462: 128 | AA462: 92 | AB462: 85 | AC462: 121 | AD462: 149 | AE462: 123 | AF462: 56 | AG462: 110 | AH462: 121 | AI462: 149 | AJ462: 88 | AK462: 140 | AL462: 109 | AM462: 124 | AN462: 109 | AO462: 175 | AP462: 189 | AQ462: 118 | AR462: 125 | AS462: 152 | AT462: 130 | AU462: 140 | AV462: 84 | AW462: 151 | AX462: 165 | AY462: 124 | AZ462: 130 | BA462: 124 | BB462: 303 | BC462: 114 | BD462: 86 | BE462: 86
