Workbook

Sheet Graph (Panel E)
A1: Experimental Conditions: | D1: This row contains the average sepctra of 50 points from the sheet Biomass Spectra | E1: This row contains the average sepctra of 50 points from the sheet PS spectra in unstained slice
A2: Daphnia magna was exposed to 750 nm PS particles at a concentration of 0.1 ppm | C2: The 7 and 6 in cells D2 and E2 are used for the formula VLOOKUP used in D3 and E3 to find the peak wavelength | D2: 7 | E2: 6 | L2: The 7 and 6 in cells M2 and N2 are used for the formula VLOOKUP used in M3 and N3 to find the peak wavelength | M2: 7 | N2: 6
A3: histological slices were 20 µm thick | C3: Peak Wavelenghts (nm) | D3: =VLOOKUP(D4,D5:J466,D2,FALSE) -> 596.10461 | E3: =VLOOKUP(E4,E5:J466,E2,FALSE) -> 594.83289 | L3: Peak Wavelenghts (nm) | M3: =VLOOKUP(M4,M5:S466,M2,FALSE) -> 596.10461 | N3: =VLOOKUP(N4,N5:S466,N2,FALSE) -> 594.83289
A4: slices were not stained | C4: maximum intensity (a.u.) | D4: =MAX(D6:D466) -> 553.22 | E4: =MAX(E6:E466) -> 3315.64 | J4: this row here is used for the VLOOKUP formula in cell D3 and E3. It is used to find the peak wavelength. | L4: maximum intensity (a.u.) | M4: =MAX(M6:M466) -> 1 | N4: =MAX(N6:N466) -> 1 | S4: this row here is used for the VLOOKUP formula in cell M3 and N3. It is used to find the peak wavelength.
D5: Average Biomass Spectra | E5: Average PS spectra | J5: Wavelength (nm) | L5: Wavelength (nm) | M5: biomass (normalized agaisnt the maxium intensity in cell C4. (intensity value at each wavelength is divided by the maximum intensity | N5: PS spectra (normalized agaisnt the maxium intensity in cell C4. (intensity value at each wavelength is divided by the maximum intensity | S5: Wavelength (nm)
C6: 399.9241 | D6: ='Biomass Spectra raw'!D4 -> 1.16 | E6: ='PS spectra unstained slice raw'!D6 -> 3.9 | J6: 399.9241 | L6: 399.9241 | M6: =D6/D$4 -> 0.002096815 | N6: =E6/$E$4 -> 0.0011762435 | S6: 399.9241 | V6: Final graph using the normalized intensity (uses data in columnds L6 to N6)
C7: 401.12 | D7: ='Biomass Spectra raw'!D5 -> 4.5 | E7: ='PS spectra unstained slice raw'!D7 -> 5.26 | J7: 401.12 | L7: 401.12 | M7: =D7/$D$4 -> 0.0081341962 | N7: =E7/$E$4 -> 0.0015864207 | S7: 401.12
C8: 402.31641 | D8: ='Biomass Spectra raw'!D6 -> 3.6 | E8: ='PS spectra unstained slice raw'!D8 -> 6.28 | J8: 402.31641 | L8: 402.31641 | M8: =D8/$D$4 -> 0.0065073569 | N8: =E8/$E$4 -> 0.0018940536 | S8: 402.31641
C9: 403.51331 | D9: ='Biomass Spectra raw'!D7 -> 3.82 | E9: ='PS spectra unstained slice raw'!D9 -> 7.78 | J9: 403.51331 | L9: 403.51331 | M9: =D9/$D$4 -> 0.0069050287 | N9: =E9/$E$4 -> 0.002346455 | S9: 403.51331
C10: 404.7106 | D10: ='Biomass Spectra raw'!D8 -> 4.28 | E10: ='PS spectra unstained slice raw'!D10 -> 7.78 | J10: 404.7106 | L10: 404.7106 | M10: =D10/$D$4 -> 0.0077365243 | N10: =E10/$E$4 -> 0.002346455 | S10: 404.7106
C11: 405.90851 | D11: ='Biomass Spectra raw'!D9 -> 3.28 | E11: ='PS spectra unstained slice raw'!D11 -> 11.28 | J11: 405.90851 | L11: 405.90851 | M11: =D11/$D$4 -> 0.0059289252 | N11: =E11/$E$4 -> 0.0034020581 | S11: 405.90851
C12: 407.10681 | D12: ='Biomass Spectra raw'!D10 -> 3.38 | E12: ='PS spectra unstained slice raw'!D12 -> 9.68 | J12: 407.10681 | L12: 407.10681 | M12: =D12/$D$4 -> 0.0061096851 | N12: =E12/$E$4 -> 0.0029194967 | S12: 407.10681
C13: 408.3056 | D13: ='Biomass Spectra raw'!D11 -> 2.92 | E13: ='PS spectra unstained slice raw'!D13 -> 12.72 | J13: 408.3056 | L13: 408.3056 | M13: =D13/$D$4 -> 0.0052781895 | N13: =E13/$E$4 -> 0.0038363634 | S13: 408.3056
C14: 409.50491 | D14: ='Biomass Spectra raw'!D12 -> 4.14 | E14: ='PS spectra unstained slice raw'!D14 -> 10.28 | J14: 409.50491 | L14: 409.50491 | M14: =D14/$D$4 -> 0.0074834605 | N14: =E14/$E$4 -> 0.0031004572 | S14: 409.50491
C15: 410.70471 | D15: ='Biomass Spectra raw'!D13 -> 1.6 | E15: ='PS spectra unstained slice raw'!D15 -> 9.36 | J15: 410.70471 | L15: 410.70471 | M15: =D15/$D$4 -> 0.0028921586 | N15: =E15/$E$4 -> 0.0028229844 | S15: 410.70471
C16: 411.90491 | D16: ='Biomass Spectra raw'!D14 -> 6.56 | E16: ='PS spectra unstained slice raw'!D16 -> 11.32 | J16: 411.90491 | L16: 411.90491 | M16: =D16/$D$4 -> 0.01185785 | N16: =E16/$E$4 -> 0.0034141222 | S16: 411.90491
C17: 413.10559 | D17: ='Biomass Spectra raw'!D15 -> 5.78 | E17: ='PS spectra unstained slice raw'!D17 -> 13.68 | J17: 413.10559 | L17: 413.10559 | M17: =D17/$D$4 -> 0.010447923 | N17: =E17/$E$4 -> 0.0041259003 | S17: 413.10559
C18: 414.30679 | D18: ='Biomass Spectra raw'!D16 -> 4.46 | E18: ='PS spectra unstained slice raw'!D18 -> 15.72 | J18: 414.30679 | L18: 414.30679 | M18: =D18/$D$4 -> 0.0080618922 | N18: =E18/$E$4 -> 0.0047411661 | S18: 414.30679
... C466: 999.65863 | D466: ='Biomass Spectra raw'!D464 -> 10.28 | E466: ='PS spectra unstained slice raw'!D466 -> 30.86 | J466: 999.65863 | L466: 999.65863 | M466: =D466/$D$4 -> 0.018582119 | N466: =E466/$E$4 -> 0.0093074037 | S466: 999.65863

Sheet Biomass Spectra raw
C1: Peak Wavelenghts (nm) | D1: =VLOOKUP(D2,D4:E464,2,FALSE) -> 596.10461
C2: maximum intensity (a.u.) | D2: =MAX(D4:D464) -> 553.22
D3: Average intensity of 50 pixels at each wavelength. (a.u.) | E3: Wavelength (nm) | F3: Raw spectral data of pixels of biomass from image. Each column from Column F to BV is the spectrum for one pixel
D4: =IF(AVERAGE(F4:BC4)<0,0,AVERAGE(F4:BC4)) -> 1.16 | E4: 399.9241 | F4: 14 | G4: 15 | H4: 13 | I4: 2 | J4: -5 | K4: -5 | L4: 17 | M4: 3 | N4: 8 | O4: -7 | P4: 6 | Q4: 0 | R4: -2 | S4: 1 | T4: 0 | U4: -20 | V4: -3 | W4: -2 | X4: -17 | Y4: 19 | Z4: -1 | AA4: 6 | AB4: 11 | AC4: 3 | AD4: -22 | AE4: -7 | AF4: -1 | AG4: -11 | AH4: 2 | AI4: -11 | AJ4: -6 | AK4: 6 | AL4: 22 | AM4: 4 | AN4: 8 | AO4: 21 | AP4: -3 | AQ4: -5 | AR4: -3 | AS4: -7 | AT4: 5 | AU4: -7 | AV4: 3 | AW4: 5 | AX4: 6 | AY4: -1 | AZ4: 28 | BA4: -26 | BB4: -2 | BC4: 4 | BD4: 19 | BE4: -10 | BF4: -12 | BG4: 9 | BH4: 4 | BI4: 4 | BJ4: -1 | BK4: 5 | BL4: 0 | BM4: 7 | BN4: -6 | BO4: -5 | BP4: 3 | BQ4: -2 | BR4: -26 | BS4: -1 | BT4: -9 | BU4: 2 | BV4: 0 | BW4: 4 | BX4: 9 | BY4: -2 | BZ4: -6 | CA4: 5 | CB4: 9 | CC4: 1 | CD4: 4 | CE4: 15 | CF4: 12 | CG4: 1 | CH4: 5 | CI4: 2 | CJ4: 12 | CK4: 10 | CL4: 15 | CM4: 4 | CN4: -1 | CO4: -5 | CP4: 14 | CQ4: -2 | CR4: 3 | CS4: 18 | CT4: -1 | CU4: 4 | CV4: 17 | CW4: 6 | CX4: 6 | CY4: -5 | CZ4: -4 | DA4: 27 | DB4: 5 | DC4: -3 | DD4: 8 | DE4: 9 | DF4: 5 | DG4: 13 | DH4: 8 | DI4: -3 | DJ4: 32 | DK4: 2 | DL4: 8 | DM4: 12 | DN4: 4 | DO4: -6 | DP4: -17 | DQ4: -1 | DR4: 12 | DS4: -4 | DT4: 2 | DU4: -8 | DV4: 17
D5: =IF(AVERAGE(F5:BC5)<0,0,AVERAGE(F5:BC5)) -> 4.5 | E5: 401.12 | F5: 11 | G5: 4 | H5: 11 | I5: 24 | J5: 6 | K5: 2 | L5: 12 | M5: 16 | N5: 10 | O5: 1 | P5: 19 | Q5: 1 | R5: 13 | S5: 24 | T5: 17 | U5: 0 | V5: 5 | W5: 7 | X5: 17 | Y5: 5 | Z5: 10 | AA5: -16 | AB5: 6 | AC5: 0 | AD5: 1 | AE5: -2 | AF5: -10 | AG5: -1 | AH5: 1 | AI5: 1 | AJ5: -7 | AK5: 16 | AL5: -3 | AM5: -5 | AN5: 13 | AO5: 14 | AP5: 4 | AQ5: -7 | AR5: 4 | AS5: 3 | AT5: -4 | AU5: -16 | AV5: 1 | AW5: 7 | AX5: 12 | AY5: 9 | AZ5: 0 | BA5: -2 | BB5: -2 | BC5: -7 | BD5: 9 | BE5: 4 | BF5: 9 | BG5: 13 | BH5: 17 | BI5: -13 | BJ5: 6 | BK5: 6 | BL5: 12 | BM5: 6 | BN5: 0 | BO5: 2 | BP5: 9 | BQ5: -6 | BR5: -6 | BS5: -1 | BT5: -1 | BU5: 5 | BV5: -2 | BW5: 9 | BX5: -3 | BY5: 4 | BZ5: 1 | CA5: 3 | CB5: 12 | CC5: 11 | CD5: -15 | CE5: 7 | CF5: 2 | CG5: 7 | CH5: 8 | CI5: 0 | CJ5: -1 | CK5: 8 | CL5: 6 | CM5: 6 | CN5: 5 | CO5: 10 | CP5: 0 | CQ5: -7 | CR5: -4 | CS5: -12 | CT5: 10 | CU5: -1 | CV5: 9 | CW5: -4 | CX5: -3 | CY5: -11 | CZ5: -1 | DA5: 8 | DB5: -7 | DC5: 7 | DD5: -5 | DE5: -10 | DF5: -6 | DG5: -15 | DH5: -3 | DI5: 5 | DJ5: 1 | DK5: -7 | DL5: 0 | DM5: 4 | DN5: -8 | DO5: 3 | DP5: -14 | DQ5: -4 | DR5: 11 | DS5: 2 | DT5: -9 | DU5: 13 | DV5: -7
D6: =IF(AVERAGE(F6:BC6)<0,0,AVERAGE(F6:BC6)) -> 3.6 | E6: 402.31641 | F6: -6 | G6: 0 | H6: 3 | I6: 21 | J6: 11 | K6: 8 | L6: 18 | M6: 18 | N6: 9 | O6: 5 | P6: -15 | Q6: -9 | R6: 17 | S6: 11 | T6: -2 | U6: 5 | V6: -2 | W6: 12 | X6: 17 | Y6: -25 | Z6: 14 | AA6: -1 | AB6: 1 | AC6: -8 | AD6: 1 | AE6: 7 | AF6: -2 | AG6: 16 | AH6: 12 | AI6: 0 | AJ6: 3 | AK6: 11 | AL6: 5 | AM6: 4 | AN6: -6 | AO6: 9 | AP6: 8 | AQ6: 5 | AR6: 1 | AS6: 13 | AT6: 4 | AU6: -12 | AV6: -9 | AW6: 9 | AX6: -4 | AY6: -1 | AZ6: -1 | BA6: 12 | BB6: -13 | BC6: 6 | BD6: 3 | BE6: -1 | BF6: 8 | BG6: -6 | BH6: -15 | BI6: 8 | BJ6: -1 | BK6: 10 | BL6: 0 | BM6: -8 | BN6: -15 | BO6: -8 | BP6: 18 | BQ6: 7 | BR6: 19 | BS6: -1 | BT6: 7 | BU6: 10 | BV6: 4 | BW6: 7 | BX6: 8 | BY6: -2 | BZ6: 17 | CA6: 0 | CB6: 3 | CC6: -5 | CD6: 6 | CE6: 15 | CF6: 2 | CG6: -8 | CH6: -4 | CI6: 19 | CJ6: -6 | CK6: 5 | CL6: 9 | CM6: 7 | CN6: -7 | CO6: 5 | CP6: -15 | CQ6: 9 | CR6: 9 | CS6: -5 | CT6: 18 | CU6: 8 | CV6: 2 | CW6: 13 | CX6: 5 | CY6: -3 | CZ6: 19 | DA6: -13 | DB6: -4 | DC6: 8 | DD6: 0 | DE6: -9 | DF6: 10 | DG6: -18 | DH6: 1 | DI6: -5 | DJ6: 10 | DK6: 7 | DL6: -2 | DM6: 7 | DN6: -3 | DO6: -6 | DP6: 11 | DQ6: -8 | DR6: -7 | DS6: -21 | DT6: 11 | DU6: 9 | DV6: 17
D7: =IF(AVERAGE(F7:BC7)<0,0,AVERAGE(F7:BC7)) -> 3.82 | E7: 403.51331 | F7: 7 | G7: 5 | H7: 9 | I7: 9 | J7: 11 | K7: 0 | L7: 2 | M7: -3 | N7: 3 | O7: 13 | P7: 5 | Q7: 1 | R7: 6 | S7: 8 | T7: -15 | U7: 4 | V7: 21 | W7: 3 | X7: -5 | Y7: 4 | Z7: 11 | AA7: 0 | AB7: -6 | AC7: -4 | AD7: 2 | AE7: 6 | AF7: 11 | AG7: -1 | AH7: 19 | AI7: 0 | AJ7: 6 | AK7: -16 | AL7: -6 | AM7: -1 | AN7: 16 | AO7: -1 | AP7: 7 | AQ7: 15 | AR7: 21 | AS7: 0 | AT7: 8 | AU7: -7 | AV7: 7 | AW7: -6 | AX7: 11 | AY7: 0 | AZ7: 5 | BA7: 0 | BB7: -3 | BC7: 9 | BD7: -10 | BE7: -2 | BF7: 21 | BG7: -12 | BH7: -9 | BI7: -4 | BJ7: 3 | BK7: 9 | BL7: 6 | BM7: -8 | BN7: 12 | BO7: 4 | BP7: 6 | BQ7: -7 | BR7: 7 | BS7: 0 | BT7: -19 | BU7: -4 | BV7: 0 | BW7: 3 | BX7: -7 | BY7: -1 | BZ7: -6 | CA7: -11 | CB7: 35 | CC7: 16 | CD7: -16 | CE7: -1 | CF7: -4 | CG7: -2 | CH7: 15 | CI7: 19 | CJ7: 11 | CK7: 4 | CL7: -4 | CM7: 3 | CN7: -4 | CO7: 1 | CP7: 9 | CQ7: 18 | CR7: 6 | CS7: 6 | CT7: 0 | CU7: -4 | CV7: 6 | CW7: 11 | CX7: -15 | CY7: 0 | CZ7: -5 | DA7: 6 | DB7: -10 | DC7: 6 | DD7: 10 | DE7: 2 | DF7: 5 | DG7: -2 | DH7: 2 | DI7: -8 | DJ7: 17 | DK7: 13 | DL7: 17 | DM7: 24 | DN7: 5 | DO7: 26 | DP7: -6 | DQ7: -7 | DR7: 0 | DS7: -3 | DT7: -5 | DU7: -3 | DV7: 1
D8: =IF(AVERAGE(F8:BC8)<0,0,AVERAGE(F8:BC8)) -> 4.28 | E8: 404.7106 | F8: -1 | G8: -5 | H8: 6 | I8: 12 | J8: -1 | K8: -2 | L8: 5 | M8: 7 | N8: 14 | O8: 8 | P8: 7 | Q8: 7 | R8: 0 | S8: 3 | T8: 5 | U8: -8 | V8: 10 | W8: 3 | X8: 3 | Y8: 8 | Z8: 1 | AA8: -4 | AB8: 22 | AC8: 18 | AD8: 7 | AE8: 7 | AF8: 10 | AG8: 13 | AH8: -3 | AI8: -3 | AJ8: -2 | AK8: 1 | AL8: 9 | AM8: 3 | AN8: -1 | AO8: 3 | AP8: -16 | AQ8: 8 | AR8: 0 | AS8: 6 | AT8: 7 | AU8: 5 | AV8: 5 | AW8: 11 | AX8: -3 | AY8: 9 | AZ8: -7 | BA8: 21 | BB8: 20 | BC8: -14 | BD8: -2 | BE8: 9 | BF8: 14 | BG8: -3 | BH8: 12 | BI8: 21 | BJ8: 26 | BK8: 7 | BL8: -3 | BM8: 0 | BN8: -13 | BO8: 1 | BP8: 1 | BQ8: 4 | BR8: 9 | BS8: 4 | BT8: 8 | BU8: -5 | BV8: 6 | BW8: -4 | BX8: -10 | BY8: -13 | BZ8: 5 | CA8: -1 | CB8: 9 | CC8: 9 | CD8: 0 | CE8: 18 | CF8: -1 | CG8: 1 | CH8: 1 | CI8: -5 | CJ8: -3 | CK8: 10 | CL8: 3 | CM8: 2 | CN8: -1 | CO8: -4 | CP8: 6 | CQ8: -13 | CR8: -1 | CS8: 3 | CT8: 15 | CU8: -6 | CV8: -5 | CW8: 12 | CX8: -18 | CY8: 11 | CZ8: -1 | DA8: -3 | DB8: 17 | DC8: 8 | DD8: 7 | DE8: -1 | DF8: -11 | DG8: -2 | DH8: -6 | DI8: -9 | DJ8: 5 | DK8: 30 | DL8: -9 | DM8: -16 | DN8: -14 | DO8: 3 | DP8: -7 | DQ8: 3 | DR8: 6 | DS8: 6 | DT8: 8 | DU8: -7 | DV8: -6
D9: =IF(AVERAGE(F9:BC9)<0,0,AVERAGE(F9:BC9)) -> 3.28 | E9: 405.90851 | F9: 12 | G9: 12 | H9: 3 | I9: -1 | J9: -6 | K9: 9 | L9: 7 | M9: 16 | N9: 17 | O9: 2 | P9: -3 | Q9: 5 | R9: 13 | S9: -2 | T9: 16 | U9: 1 | V9: 7 | W9: -6 | X9: -6 | Y9: 18 | Z9: 3 | AA9: 4 | AB9: -6 | AC9: 15 | AD9: 18 | AE9: 6 | AF9: 15 | AG9: -11 | AH9: -2 | AI9: -15 | AJ9: 1 | AK9: 20 | AL9: 2 | AM9: -7 | AN9: -9 | AO9: 4 | AP9: -5 | AQ9: 6 | AR9: -9 | AS9: 4 | AT9: -11 | AU9: 1 | AV9: -17 | AW9: 11 | AX9: -7 | AY9: 7 | AZ9: -10 | BA9: 23 | BB9: 18 | BC9: 1 | BD9: -4 | BE9: -1 | BF9: 10 | BG9: 7 | BH9: -1 | BI9: 19 | BJ9: 20 | BK9: 1 | BL9: -2 | BM9: 4 | BN9: -7 | BO9: -1 | BP9: 0 | BQ9: -2 | BR9: -4 | BS9: 7 | BT9: 6 | BU9: -2 | BV9: -16 | BW9: -5 | BX9: 4 | BY9: 13 | BZ9: 4 | CA9: -9 | CB9: 21 | CC9: 9 | CD9: 6 | CE9: 15 | CF9: 8 | CG9: 6 | CH9: 10 | CI9: -11 | CJ9: 4 | CK9: 6 | CL9: 14 | CM9: 20 | CN9: -3 | CO9: -5 | CP9: -12 | CQ9: -17 | CR9: 5 | CS9: 0 | CT9: -6 | CU9: 5 | CV9: 5 | CW9: -2 | CX9: 20 | CY9: 1 | CZ9: 5 | DA9: 1 | DB9: 6 | DC9: 6 | DD9: 5 | DE9: 16 | DF9: -11 | DG9: -9 | DH9: -5 | DI9: 4 | DJ9: -5 | DK9: 14 | DL9: -9 | DM9: 12 | DN9: 12 | DO9: 2 | DP9: 6 | DQ9: 14 | DR9: 13 | DS9: -11 | DT9: 10 | DU9: -9 | DV9: -8
D10: =IF(AVERAGE(F10:BC10)<0,0,AVERAGE(F10:BC10)) -> 3.38 | E10: 407.10681 | F10: 4 | G10: 6 | H10: 8 | I10: 2 | J10: 0 | K10: 3 | L10: 10 | M10: 9 | N10: 0 | O10: 2 | P10: 4 | Q10: -1 | R10: 11 | S10: 13 | T10: -9 | U10: -1 | V10: -6 | W10: 8 | X10: 26 | Y10: 10 | Z10: -11 | AA10: 3 | AB10: -1 | AC10: 4 | AD10: -8 | AE10: 16 | AF10: -5 | AG10: 6 | AH10: 11 | AI10: -4 | AJ10: 4 | AK10: 8 | AL10: 10 | AM10: 4 | AN10: 2 | AO10: 1 | AP10: 4 | AQ10: 4 | AR10: -2 | AS10: 18 | AT10: 2 | AU10: -3 | AV10: 8 | AW10: 5 | AX10: -9 | AY10: 2 | AZ10: 17 | BA10: -6 | BB10: -3 | BC10: -7 | BD10: -6 | BE10: -8 | BF10: 13 | BG10: 2 | BH10: 9 | BI10: 11 | BJ10: 5 | BK10: 4 | BL10: -2 | BM10: 13 | BN10: 11 | BO10: 1 | BP10: -4 | BQ10: -5 | BR10: -9 | BS10: -5 | BT10: -11 | BU10: 12 | BV10: -3 | BW10: 5 | BX10: 3 | BY10: 2 | BZ10: -6 | CA10: 1 | CB10: -5 | CC10: 1 | CD10: -5 | CE10: 1 | CF10: -6 | CG10: 6 | CH10: -2 | CI10: 13 | CJ10: 6 | CK10: -7 | CL10: 0 | CM10: 13 | CN10: 9 | CO10: -12 | CP10: 8 | CQ10: 2 | CR10: 7 | CS10: 17 | CT10: 0 | CU10: -4 | CV10: -13 | CW10: -4 | CX10: -16 | CY10: 20 | CZ10: -2 | DA10: -4 | DB10: 23 | DC10: 9 | DD10: -1 | DE10: 9 | DF10: -3 | DG10: 8 | DH10: -5 | DI10: 6 | DJ10: -13 | DK10: 5 | DL10: 12 | DM10: 6 | DN10: 1 | DO10: -6 | DP10: -9 | DQ10: 10 | DR10: 22 | DS10: -4 | DT10: -6 | DU10: -5 | DV10: 2
D11: =IF(AVERAGE(F11:BC11)<0,0,AVERAGE(F11:BC11)) -> 2.92 | E11: 408.3056 | F11: 8 | G11: 8 | H11: 0 | I11: 5 | J11: -7 | K11: -11 | L11: -4 | M11: -3 | N11: -1 | O11: 2 | P11: -14 | Q11: -4 | R11: 0 | S11: 20 | T11: 22 | U11: 23 | V11: -14 | W11: 10 | X11: 4 | Y11: 25 | Z11: -1 | AA11: 9 | AB11: 5 | AC11: -2 | AD11: 16 | AE11: -16 | AF11: -4 | AG11: 33 | AH11: 9 | AI11: 2 | AJ11: -8 | AK11: -1 | AL11: 6 | AM11: -2 | AN11: 0 | AO11: 8 | AP11: -3 | AQ11: -11 | AR11: 1 | AS11: -2 | AT11: -8 | AU11: 16 | AV11: -7 | AW11: 3 | AX11: 13 | AY11: 6 | AZ11: 4 | BA11: 6 | BB11: 2 | BC11: 3 | BD11: 3 | BE11: 22 | BF11: 8 | BG11: 5 | BH11: 0 | BI11: 4 | BJ11: 10 | BK11: 0 | BL11: 1 | BM11: 18 | BN11: 17 | BO11: 5 | BP11: -16 | BQ11: 2 | BR11: -9 | BS11: -7 | BT11: 5 | BU11: 16 | BV11: 7 | BW11: 2 | BX11: 21 | BY11: 6 | BZ11: 0 | CA11: 5 | CB11: 6 | CC11: -9 | CD11: 8 | CE11: 2 | CF11: 14 | CG11: 18 | CH11: 6 | CI11: -5 | CJ11: 1 | CK11: 2 | CL11: 0 | CM11: 8 | CN11: 8 | CO11: 0 | CP11: 11 | CQ11: 7 | CR11: 0 | CS11: 4 | CT11: -9 | CU11: 1 | CV11: -2 | CW11: 4 | CX11: 7 | CY11: 2 | CZ11: 3 | DA11: 6 | DB11: 10 | DC11: -15 | DD11: -6 | DE11: 12 | DF11: 2 | DG11: 13 | DH11: 6 | DI11: 7 | DJ11: 14 | DK11: 14 | DL11: 7 | DM11: 7 | DN11: 2 | DO11: 13 | DP11: -3 | DQ11: -2 | DR11: -22 | DS11: 8 | DT11: 17 | DU11: 7 | DV11: 12
D12: =IF(AVERAGE(F12:BC12)<0,0,AVERAGE(F12:BC12)) -> 4.14 | E12: 409.50491 | F12: 3 | G12: 7 | H12: 14 | I12: 13 | J12: 13 | K12: 10 | L12: 2 | M12: -15 | N12: 1 | O12: 1 | P12: 16 | Q12: 10 | R12: 1 | S12: -4 | T12: -4 | U12: -2 | V12: 4 | W12: -9 | X12: 5 | Y12: 7 | Z12: -10 | AA12: -7 | AB12: 0 | AC12: 1 | AD12: 5 | AE12: -4 | AF12: -2 | AG12: -2 | AH12: 9 | AI12: 3 | AJ12: 11 | AK12: 3 | AL12: 9 | AM12: 4 | AN12: 4 | AO12: 6 | AP12: 2 | AQ12: 24 | AR12: 8 | AS12: 5 | AT12: 6 | AU12: 12 | AV12: -2 | AW12: 11 | AX12: 13 | AY12: 9 | AZ12: 5 | BA12: -12 | BB12: 3 | BC12: 20 | BD12: 5 | BE12: -17 | BF12: 9 | BG12: -10 | BH12: 8 | BI12: 16 | BJ12: -1 | BK12: 4 | BL12: 9 | BM12: 7 | BN12: 1 | BO12: 18 | BP12: -9 | BQ12: 4 | BR12: -17 | BS12: -12 | BT12: 12 | BU12: 2 | BV12: -11 | BW12: 15 | BX12: 13 | BY12: 8 | BZ12: -2 | CA12: 5 | CB12: -6 | CC12: -11 | CD12: 8 | CE12: 33 | CF12: 9 | CG12: 4 | CH12: 13 | CI12: 8 | CJ12: -3 | CK12: 4 | CL12: 13 | CM12: 9 | CN12: 17 | CO12: 12 | CP12: 14 | CQ12: 6 | CR12: 7 | CS12: 8 | CT12: -18 | CU12: 14 | CV12: 14 | CW12: 7 | CX12: 6 | CY12: 1 | CZ12: -8 | DA12: 0 | DB12: 8 | DC12: 1 | DD12: 4 | DE12: -6 | DF12: 5 | DG12: 7 | DH12: 10 | DI12: -1 | DJ12: -2 | DK12: 7 | DL12: -4 | DM12: 6 | DN12: -2 | DO12: 14 | DP12: -12 | DQ12: 9 | DR12: -4 | DS12: 13 | DT12: -9 | DU12: 14 | DV12: 4
D13: =IF(AVERAGE(F13:BC13)<0,0,AVERAGE(F13:BC13)) -> 1.6 | E13: 410.70471 | F13: -4 | G13: 0 | H13: -25 | I13: -2 | J13: -1 | K13: -7 | L13: -4 | M13: 19 | N13: 6 | O13: -8 | P13: 6 | Q13: -1 | R13: -5 | S13: 22 | T13: 13 | U13: -7 | V13: -11 | W13: 14 | X13: -1 | Y13: 5 | Z13: -10 | AA13: 3 | AB13: -1 | AC13: 2 | AD13: 1 | AE13: 5 | AF13: 0 | AG13: 14 | AH13: 0 | AI13: 6 | AJ13: 5 | AK13: 6 | AL13: -5 | AM13: 16 | AN13: 4 | AO13: 16 | AP13: 17 | AQ13: -1 | AR13: -4 | AS13: 15 | AT13: -17 | AU13: 8 | AV13: -1 | AW13: -3 | AX13: -8 | AY13: 5 | AZ13: 3 | BA13: 6 | BB13: 3 | BC13: -14 | BD13: -13 | BE13: 9 | BF13: 0 | BG13: -2 | BH13: 6 | BI13: 12 | BJ13: 15 | BK13: 5 | BL13: 8 | BM13: -3 | BN13: 10 | BO13: 10 | BP13: 23 | BQ13: 10 | BR13: 5 | BS13: 13 | BT13: -3 | BU13: -2 | BV13: -2 | BW13: -9 | BX13: -5 | BY13: 2 | BZ13: 9 | CA13: 4 | CB13: -2 | CC13: -2 | CD13: 9 | CE13: 12 | CF13: 10 | CG13: 2 | CH13: 15 | CI13: 18 | CJ13: -5 | CK13: 11 | CL13: 7 | CM13: 8 | CN13: 3 | CO13: 9 | CP13: 10 | CQ13: 2 | CR13: 1 | CS13: 4 | CT13: 9 | CU13: 0 | CV13: 8 | CW13: 1 | CX13: -5 | CY13: 5 | CZ13: 6 | DA13: 1 | DB13: 7 | DC13: 2 | DD13: 11 | DE13: 4 | DF13: 10 | DG13: 7 | DH13: 19 | DI13: -10 | DJ13: -2 | DK13: 8 | DL13: -4 | DM13: 2 | DN13: 13 | DO13: 10 | DP13: -11 | DQ13: 7 | DR13: 7 | DS13: 10 | DT13: -3 | DU13: 13 | DV13: -5
D14: =IF(AVERAGE(F14:BC14)<0,0,AVERAGE(F14:BC14)) -> 6.56 | E14: 411.90491 | F14: 10 | G14: 1 | H14: -13 | I14: 7 | J14: -2 | K14: 6 | L14: 20 | M14: 7 | N14: 10 | O14: 0 | P14: 17 | Q14: -8 | R14: 22 | S14: 5 | T14: 5 | U14: 3 | V14: 18 | W14: 14 | X14: 2 | Y14: 13 | Z14: 6 | AA14: 2 | AB14: -1 | AC14: -1 | AD14: 19 | AE14: 1 | AF14: -6 | AG14: 10 | AH14: -3 | AI14: 15 | AJ14: 15 | AK14: 5 | AL14: -7 | AM14: 11 | AN14: 7 | AO14: 4 | AP14: 17 | AQ14: 1 | AR14: 12 | AS14: 8 | AT14: 14 | AU14: 7 | AV14: 17 | AW14: 3 | AX14: 8 | AY14: 8 | AZ14: 21 | BA14: -2 | BB14: -7 | BC14: 7 | BD14: 15 | BE14: 7 | BF14: 0 | BG14: 11 | BH14: 12 | BI14: 3 | BJ14: 1 | BK14: 3 | BL14: 4 | BM14: 16 | BN14: 5 | BO14: -11 | BP14: 8 | BQ14: 3 | BR14: -2 | BS14: 0 | BT14: -6 | BU14: 9 | BV14: 39 | BW14: 6 | BX14: 5 | BY14: -9 | BZ14: -8 | CA14: 12 | CB14: 10 | CC14: 21 | CD14: -17 | CE14: 4 | CF14: 14 | CG14: 5 | CH14: 9 | CI14: 13 | CJ14: -3 | CK14: 8 | CL14: 14 | CM14: 19 | CN14: -21 | CO14: 15 | CP14: 1 | CQ14: 4 | CR14: -3 | CS14: 12 | CT14: 8 | CU14: -2 | CV14: -2 | CW14: 0 | CX14: 3 | CY14: 20 | CZ14: 11 | DA14: -16 | DB14: 13 | DC14: 5 | DD14: 25 | DE14: -7 | DF14: 4 | DG14: -1 | DH14: 21 | DI14: 2 | DJ14: -1 | DK14: -7 | DL14: 1 | DM14: -1 | DN14: 4 | DO14: 8 | DP14: -8 | DQ14: 12 | DR14: 3 | DS14: 6 | DT14: -9 | DU14: 14 | DV14: 5
D15: =IF(AVERAGE(F15:BC15)<0,0,AVERAGE(F15:BC15)) -> 5.78 | E15: 413.10559 | F15: 8 | G15: 6 | H15: 12 | I15: 2 | J15: -3 | K15: 12 | L15: 14 | M15: 10 | N15: 19 | O15: -8 | P15: 18 | Q15: 24 | R15: -5 | S15: 0 | T15: 6 | U15: 0 | V15: 3 | W15: 10 | X15: 8 | Y15: 8 | Z15: 4 | AA15: -1 | AB15: 4 | AC15: 2 | AD15: -3 | AE15: 8 | AF15: 15 | AG15: 9 | AH15: 4 | AI15: 0 | AJ15: 0 | AK15: 5 | AL15: -2 | AM15: 7 | AN15: 5 | AO15: 15 | AP15: 8 | AQ15: 4 | AR15: 9 | AS15: -11 | AT15: 6 | AU15: 9 | AV15: -7 | AW15: 3 | AX15: 10 | AY15: 20 | AZ15: 8 | BA15: 5 | BB15: -4 | BC15: 13 | BD15: 9 | BE15: -2 | BF15: -9 | BG15: 7 | BH15: 5 | BI15: 1 | BJ15: 10 | BK15: 11 | BL15: -3 | BM15: 12 | BN15: 17 | BO15: 7 | BP15: 2 | BQ15: 8 | BR15: -5 | BS15: -8 | BT15: -8 | BU15: 5 | BV15: 33 | BW15: -4 | BX15: 1 | BY15: 7 | BZ15: 8 | CA15: 0 | CB15: 13 | CC15: 19 | CD15: -3 | CE15: 11 | CF15: 11 | CG15: 4 | CH15: 9 | CI15: 1 | CJ15: -7 | CK15: 3 | CL15: 13 | CM15: 10 | CN15: -3 | CO15: -5 | CP15: 21 | CQ15: 2 | CR15: 5 | CS15: 9 | CT15: -3 | CU15: -4 | CV15: 5 | CW15: 4 | CX15: -10 | CY15: 13 | CZ15: -10 | DA15: 7 | DB15: -13 | DC15: -10 | DD15: 12 | DE15: 10 | DF15: -14 | DG15: -15 | DH15: 18 | DI15: 1 | DJ15: 3 | DK15: 6 | DL15: 3 | DM15: 6 | DN15: 7 | DO15: 5 | DP15: -13 | DQ15: 7 | DR15: 6 | DS15: -15 | DT15: 10 | DU15: -4 | DV15: -5
... D464: =IF(AVERAGE(F464:BC464)<0,0,AVERAGE(F464:BC464)) -> 10.28 | E464: 999.65863 | F464: 14 | G464: 11 | H464: 5 | I464: 0 | J464: 12 | K464: 16 | L464: 5 | M464: 10 | N464: 6 | O464: 6 | P464: 25 | Q464: 20 | R464: 11 | S464: 27 | T464: 23 | U464: 23 | V464: 8 | W464: 10 | X464: 12 | Y464: 11 | Z464: -11 | AA464: 18 | AB464: -3 | AC464: 22 | AD464: 12 | AE464: 19 | AF464: 15 | AG464: 19 | AH464: 6 | AI464: 17 | AJ464: 19 | AK464: 0 | AL464: 16 | AM464: 11 | AN464: 1 | AO464: 7 | AP464: 31 | AQ464: 0 | AR464: 0 | AS464: -2 | AT464: 7 | AU464: 9 | AV464: 4 | AW464: 3 | AX464: 11 | AY464: 15 | AZ464: 7 | BA464: 7 | BB464: 5 | BC464: -6 | BD464: 13 | BE464: 5 | BF464: 21 | BG464: -1 | BH464: -3 | BI464: 4 | BJ464: 7 | BK464: 13 | BL464: -2 | BM464: 20 | BN464: 18 | BO464: -10 | BP464: -9 | BQ464: 13 | BR464: 6 | BS464: -12 | BT464: 7 | BU464: 4 | BV464: -2 | BW464: 6 | BX464: 11 | BY464: 13 | BZ464: -5 | CA464: 3 | CB464: 5 | CC464: 1 | CD464: 2 | CE464: 20 | CF464: 4 | CG464: 2 | CH464: 3 | CI464: 26 | CJ464: 12 | CK464: 15 | CL464: 15 | CM464: 18 | CN464: 13 | CO464: 4 | CP464: 0 | CQ464: 13 | CR464: 6 | CS464: 23 | CT464: 21 | CU464: 18 | CV464: 12 | CW464: 7 | CX464: -5 | CY464: 8 | CZ464: -6 | DA464: 7 | DB464: 0 | DC464: 2 | DD464: -5 | DE464: 10 | DF464: 1 | DG464: 4 | DH464: 11 | DI464: -4 | DJ464: 22 | DK464: 5 | DL464: -1 | DM464: -4 | DN464: 9 | DO464: 8 | DP464: 3 | DQ464: 15 | DR464: -9 | DS464: -4 | DT464: -4 | DU464: -1 | DV464: -12

Sheet PS spectra unstained slice raw
C3: Peak Wavelenghts (nm) | D3: =(VLOOKUP(D4,D6:E466,2,FALSE)) -> 594.83289
C4: maximum intensity (a.u.) | D4: =MAX(D6:D466) -> 3315.64
D5: Average intensity of 50 pixels for each wavelength (a.u.) | E5: Wavelength (nm) | F5: Raw spectra data from points on the image. All points are taken from PS
D6: =IF(AVERAGE(F6:BC6)<0,0,AVERAGE(F6:BC6)) -> 3.9 | E6: 399.9241 | F6: 7 | G6: 18 | H6: 21 | I6: 12 | J6: 1 | K6: 5 | L6: 4 | M6: 20 | N6: 3 | O6: 5 | P6: 3 | Q6: -6 | R6: -11 | S6: 9 | T6: 8 | U6: -1 | V6: 1 | W6: 2 | X6: 2 | Y6: -6 | Z6: -5 | AA6: -4 | AB6: 9 | AC6: 13 | AD6: -1 | AE6: 4 | AF6: 2 | AG6: 28 | AH6: 4 | AI6: 10 | AJ6: -12 | AK6: 9 | AL6: -2 | AM6: -13 | AN6: 2 | AO6: 8 | AP6: -6 | AQ6: 10 | AR6: 8 | AS6: 4 | AT6: 14 | AU6: 15 | AV6: 27 | AW6: 12 | AX6: -12 | AY6: -9 | AZ6: -14 | BA6: -3 | BB6: -6 | BC6: 6 | BD6: 1 | BE6: 3 | BF6: -3 | BG6: 13 | BH6: 14 | BI6: 0 | BJ6: 2 | BK6: -18 | BL6: 5 | BM6: 15 | BN6: 14 | BO6: 3 | BP6: -21 | BQ6: 7 | BR6: 4
D7: =IF(AVERAGE(F7:BC7)<0,0,AVERAGE(F7:BC7)) -> 5.26 | E7: 401.12 | F7: 7 | G7: 1 | H7: -10 | I7: 3 | J7: 20 | K7: 7 | L7: -5 | M7: 5 | N7: 17 | O7: -2 | P7: 6 | Q7: 8 | R7: 5 | S7: 11 | T7: 13 | U7: 2 | V7: 17 | W7: 9 | X7: -5 | Y7: 7 | Z7: -4 | AA7: 3 | AB7: 7 | AC7: 11 | AD7: -9 | AE7: 13 | AF7: -4 | AG7: 10 | AH7: 4 | AI7: 20 | AJ7: 13 | AK7: -3 | AL7: -10 | AM7: 11 | AN7: -4 | AO7: 1 | AP7: 11 | AQ7: -1 | AR7: -11 | AS7: 16 | AT7: 17 | AU7: -2 | AV7: -4 | AW7: 6 | AX7: 17 | AY7: 10 | AZ7: 15 | BA7: 8 | BB7: 8 | BC7: -2 | BD7: 16 | BE7: -13 | BF7: -12 | BG7: 11 | BH7: 11 | BI7: 4 | BJ7: 4 | BK7: -5 | BL7: 5 | BM7: 11 | BN7: 0 | BO7: 6 | BP7: 14 | BQ7: -1 | BR7: -2
D8: =IF(AVERAGE(F8:BC8)<0,0,AVERAGE(F8:BC8)) -> 6.28 | E8: 402.31641 | F8: -8 | G8: -13 | H8: 10 | I8: 6 | J8: 7 | K8: -1 | L8: 2 | M8: 2 | N8: -11 | O8: 3 | P8: 14 | Q8: 5 | R8: 6 | S8: 6 | T8: -6 | U8: -16 | V8: 7 | W8: -10 | X8: 1 | Y8: -2 | Z8: 13 | AA8: 13 | AB8: 6 | AC8: 34 | AD8: 21 | AE8: 1 | AF8: 2 | AG8: 10 | AH8: 11 | AI8: -10 | AJ8: 22 | AK8: 11 | AL8: 7 | AM8: 13 | AN8: 13 | AO8: 4 | AP8: 23 | AQ8: 2 | AR8: 5 | AS8: 18 | AT8: 28 | AU8: 1 | AV8: 1 | AW8: 9 | AX8: 12 | AY8: 17 | AZ8: 7 | BA8: 14 | BB8: 2 | BC8: 2 | BD8: 17 | BE8: 12 | BF8: -3 | BG8: 20 | BH8: 18 | BI8: 8 | BJ8: -1 | BK8: 12 | BL8: 6 | BM8: -2 | BN8: 8 | BO8: 7 | BP8: 11 | BQ8: 6 | BR8: 5
D9: =IF(AVERAGE(F9:BC9)<0,0,AVERAGE(F9:BC9)) -> 7.78 | E9: 403.51331 | F9: 25 | G9: 19 | H9: 6 | I9: 9 | J9: -1 | K9: -6 | L9: -3 | M9: 10 | N9: 3 | O9: -1 | P9: 12 | Q9: 16 | R9: 19 | S9: 0 | T9: 9 | U9: 10 | V9: 13 | W9: 5 | X9: 4 | Y9: 2 | Z9: 7 | AA9: 17 | AB9: -1 | AC9: 12 | AD9: 16 | AE9: 14 | AF9: -5 | AG9: 13 | AH9: 9 | AI9: 8 | AJ9: 11 | AK9: -2 | AL9: -2 | AM9: -2 | AN9: 9 | AO9: 8 | AP9: 19 | AQ9: 29 | AR9: 5 | AS9: 8 | AT9: 29 | AU9: -8 | AV9: 6 | AW9: 18 | AX9: 19 | AY9: -18 | AZ9: 10 | BA9: 7 | BB9: 1 | BC9: 1 | BD9: 24 | BE9: 5 | BF9: 7 | BG9: 15 | BH9: 4 | BI9: 5 | BJ9: 6 | BK9: 8 | BL9: -9 | BM9: 4 | BN9: -10 | BO9: -8 | BP9: 5 | BQ9: -2 | BR9: 16
D10: =IF(AVERAGE(F10:BC10)<0,0,AVERAGE(F10:BC10)) -> 7.78 | E10: 404.7106 | F10: 30 | G10: 29 | H10: 8 | I10: 1 | J10: 16 | K10: -7 | L10: 15 | M10: -9 | N10: -7 | O10: 1 | P10: 33 | Q10: 20 | R10: 8 | S10: 6 | T10: 5 | U10: 22 | V10: 7 | W10: 30 | X10: -1 | Y10: 6 | Z10: 1 | AA10: 17 | AB10: -2 | AC10: 15 | AD10: 2 | AE10: 12 | AF10: 14 | AG10: 16 | AH10: 16 | AI10: 9 | AJ10: 14 | AK10: 2 | AL10: 6 | AM10: 8 | AN10: 12 | AO10: -7 | AP10: 3 | AQ10: -3 | AR10: 9 | AS10: 6 | AT10: 11 | AU10: 21 | AV10: 0 | AW10: 16 | AX10: -21 | AY10: 9 | AZ10: -6 | BA10: 11 | BB10: -25 | BC10: 10 | BD10: 4 | BE10: 0 | BF10: 1 | BG10: 14 | BH10: 7 | BI10: 13 | BJ10: -13 | BK10: 11 | BL10: 5 | BM10: 11 | BN10: 6 | BO10: -5 | BP10: 24 | BQ10: 5 | BR10: 4
D11: =IF(AVERAGE(F11:BC11)<0,0,AVERAGE(F11:BC11)) -> 11.28 | E11: 405.90851 | F11: 6 | G11: 8 | H11: 26 | I11: 7 | J11: 15 | K11: 10 | L11: 18 | M11: 0 | N11: 19 | O11: 11 | P11: 19 | Q11: 18 | R11: 20 | S11: 11 | T11: 18 | U11: 7 | V11: -1 | W11: 15 | X11: 4 | Y11: -1 | Z11: 8 | AA11: 19 | AB11: 14 | AC11: 24 | AD11: 5 | AE11: 22 | AF11: 13 | AG11: 19 | AH11: 15 | AI11: 0 | AJ11: 8 | AK11: 26 | AL11: 18 | AM11: 15 | AN11: -1 | AO11: 6 | AP11: -10 | AQ11: 10 | AR11: -4 | AS11: 3 | AT11: 13 | AU11: 21 | AV11: 4 | AW11: 14 | AX11: 13 | AY11: 15 | AZ11: 11 | BA11: 10 | BB11: 23 | BC11: 0 | BD11: 20 | BE11: 13 | BF11: 17 | BG11: 26 | BH11: 22 | BI11: -2 | BJ11: 5 | BK11: 12 | BL11: -1 | BM11: 0 | BN11: 3 | BO11: 1 | BP11: 5 | BQ11: 2 | BR11: 11
D12: =IF(AVERAGE(F12:BC12)<0,0,AVERAGE(F12:BC12)) -> 9.68 | E12: 407.10681 | F12: 11 | G12: 8 | H12: 9 | I12: 14 | J12: 12 | K12: 22 | L12: -1 | M12: 4 | N12: 27 | O12: 1 | P12: 18 | Q12: 35 | R12: 16 | S12: 3 | T12: 14 | U12: 9 | V12: -5 | W12: -2 | X12: 9 | Y12: -8 | Z12: 6 | AA12: 4 | AB12: 7 | AC12: 12 | AD12: -1 | AE12: -1 | AF12: 8 | AG12: 6 | AH12: 19 | AI12: 0 | AJ12: 11 | AK12: 22 | AL12: 5 | AM12: 14 | AN12: 18 | AO12: 23 | AP12: 0 | AQ12: 17 | AR12: 5 | AS12: 3 | AT12: 13 | AU12: 11 | AV12: 10 | AW12: 1 | AX12: 17 | AY12: 11 | AZ12: 12 | BA12: 8 | BB12: 16 | BC12: 11 | BD12: 10 | BE12: 10 | BF12: 9 | BG12: 9 | BH12: 12 | BI12: -8 | BJ12: 7 | BK12: 13 | BL12: -7 | BM12: 0 | BN12: 11 | BO12: 9 | BP12: 11 | BQ12: 5 | BR12: 15
D13: =IF(AVERAGE(F13:BC13)<0,0,AVERAGE(F13:BC13)) -> 12.72 | E13: 408.3056 | F13: 18 | G13: 7 | H13: 3 | I13: -2 | J13: 8 | K13: 27 | L13: 9 | M13: -13 | N13: 23 | O13: 12 | P13: 52 | Q13: 34 | R13: 8 | S13: -3 | T13: 10 | U13: 20 | V13: 20 | W13: 7 | X13: 17 | Y13: 2 | Z13: 24 | AA13: 8 | AB13: 16 | AC13: 39 | AD13: 26 | AE13: 21 | AF13: 1 | AG13: 20 | AH13: 7 | AI13: 24 | AJ13: 8 | AK13: 7 | AL13: 0 | AM13: -2 | AN13: 9 | AO13: 23 | AP13: -1 | AQ13: 11 | AR13: 12 | AS13: 0 | AT13: 31 | AU13: 11 | AV13: 7 | AW13: 7 | AX13: 18 | AY13: 15 | AZ13: 17 | BA13: 13 | BB13: 3 | BC13: 2 | BD13: 13 | BE13: 1 | BF13: -11 | BG13: 30 | BH13: 22 | BI13: 24 | BJ13: 4 | BK13: 5 | BL13: -6 | BM13: -6 | BN13: 14 | BO13: 0 | BP13: 12 | BQ13: 13 | BR13: 3
D14: =IF(AVERAGE(F14:BC14)<0,0,AVERAGE(F14:BC14)) -> 10.28 | E14: 409.50491 | F14: 31 | G14: 16 | H14: -1 | I14: -9 | J14: 2 | K14: 6 | L14: 0 | M14: 17 | N14: -2 | O14: 1 | P14: 34 | Q14: 13 | R14: 28 | S14: 10 | T14: 19 | U14: 4 | V14: 16 | W14: 16 | X14: 8 | Y14: 11 | Z14: 11 | AA14: 23 | AB14: -6 | AC14: 35 | AD14: 4 | AE14: 7 | AF14: -5 | AG14: 9 | AH14: 10 | AI14: 7 | AJ14: 9 | AK14: 5 | AL14: 0 | AM14: -1 | AN14: 14 | AO14: 9 | AP14: 12 | AQ14: 11 | AR14: 23 | AS14: 5 | AT14: 29 | AU14: 0 | AV14: 12 | AW14: 9 | AX14: 14 | AY14: 18 | AZ14: -8 | BA14: 12 | BB14: 17 | BC14: 9 | BD14: -7 | BE14: 27 | BF14: -8 | BG14: 21 | BH14: 13 | BI14: 28 | BJ14: 9 | BK14: 9 | BL14: 6 | BM14: 13 | BN14: 11 | BO14: 7 | BP14: -7 | BQ14: 2 | BR14: -7
D15: =IF(AVERAGE(F15:BC15)<0,0,AVERAGE(F15:BC15)) -> 9.36 | E15: 410.70471 | F15: 14 | G15: 15 | H15: 9 | I15: 18 | J15: -3 | K15: 17 | L15: -9 | M15: 10 | N15: 1 | O15: 5 | P15: 29 | Q15: 29 | R15: 7 | S15: -12 | T15: 27 | U15: 8 | V15: 2 | W15: -10 | X15: 5 | Y15: 2 | Z15: 35 | AA15: 18 | AB15: 27 | AC15: 28 | AD15: 8 | AE15: 0 | AF15: -18 | AG15: 1 | AH15: 10 | AI15: 11 | AJ15: 3 | AK15: 21 | AL15: 16 | AM15: 7 | AN15: 22 | AO15: 11 | AP15: -7 | AQ15: 13 | AR15: 5 | AS15: 8 | AT15: 4 | AU15: 18 | AV15: 25 | AW15: 9 | AX15: 11 | AY15: 6 | AZ15: 17 | BA15: 1 | BB15: -11 | BC15: 5 | BD15: 9 | BE15: -17 | BF15: 4 | BG15: 18 | BH15: 21 | BI15: 36 | BJ15: 14 | BK15: 6 | BL15: 20 | BM15: 1 | BN15: 11 | BO15: 3 | BP15: 10 | BQ15: 22 | BR15: 14
D16: =IF(AVERAGE(F16:BC16)<0,0,AVERAGE(F16:BC16)) -> 11.32 | E16: 411.90491 | F16: 20 | G16: -5 | H16: 8 | I16: -5 | J16: 13 | K16: 6 | L16: 10 | M16: 10 | N16: 7 | O16: 6 | P16: 38 | Q16: 19 | R16: 27 | S16: 12 | T16: 29 | U16: 7 | V16: 31 | W16: -25 | X16: 14 | Y16: 31 | Z16: 22 | AA16: 10 | AB16: 30 | AC16: 36 | AD16: 1 | AE16: -1 | AF16: 9 | AG16: 9 | AH16: -4 | AI16: -2 | AJ16: 33 | AK16: 23 | AL16: 11 | AM16: 30 | AN16: 6 | AO16: 2 | AP16: 8 | AQ16: -1 | AR16: 1 | AS16: 0 | AT16: 22 | AU16: -6 | AV16: 8 | AW16: 7 | AX16: 7 | AY16: -4 | AZ16: 16 | BA16: 13 | BB16: 12 | BC16: 15 | BD16: 18 | BE16: 21 | BF16: -5 | BG16: 14 | BH16: 7 | BI16: 9 | BJ16: 13 | BK16: 8 | BL16: 16 | BM16: 7 | BN16: 7 | BO16: 19 | BP16: -1 | BQ16: 23 | BR16: 15
D17: =IF(AVERAGE(F17:BC17)<0,0,AVERAGE(F17:BC17)) -> 13.68 | E17: 413.10559 | F17: 22 | G17: 11 | H17: 6 | I17: -4 | J17: 12 | K17: 18 | L17: 36 | M17: 18 | N17: 10 | O17: 18 | P17: 23 | Q17: 50 | R17: 22 | S17: 14 | T17: 9 | U17: 9 | V17: -2 | W17: 20 | X17: 14 | Y17: 5 | Z17: 24 | AA17: 13 | AB17: 10 | AC17: 35 | AD17: 26 | AE17: 5 | AF17: 0 | AG17: -1 | AH17: 3 | AI17: 21 | AJ17: 0 | AK17: 19 | AL17: 7 | AM17: 22 | AN17: 7 | AO17: 3 | AP17: 18 | AQ17: -7 | AR17: 6 | AS17: 1 | AT17: 22 | AU17: 13 | AV17: 9 | AW17: 15 | AX17: 14 | AY17: 27 | AZ17: 13 | BA17: 20 | BB17: 15 | BC17: 13 | BD17: -1 | BE17: 8 | BF17: -4 | BG17: 37 | BH17: 18 | BI17: 8 | BJ17: 22 | BK17: 7 | BL17: 3 | BM17: -6 | BN17: -2 | BO17: 4 | BP17: 16 | BQ17: 14 | BR17: 7
... D466: =IF(AVERAGE(F466:BC466)<0,0,AVERAGE(F466:BC466)) -> 30.86 | E466: 999.65863 | F466: 48 | G466: 36 | H466: 39 | I466: 54 | J466: 31 | K466: 26 | L466: 40 | M466: 7 | N466: 9 | O466: 1 | P466: 41 | Q466: 54 | R466: 34 | S466: 55 | T466: 46 | U466: 47 | V466: -1 | W466: 34 | X466: 34 | Y466: 24 | Z466: 28 | AA466: 41 | AB466: 78 | AC466: 53 | AD466: 15 | AE466: 34 | AF466: 38 | AG466: 22 | AH466: 19 | AI466: 56 | AJ466: 19 | AK466: 47 | AL466: 15 | AM466: 17 | AN466: 51 | AO466: 43 | AP466: 24 | AQ466: 28 | AR466: 15 | AS466: 43 | AT466: 24 | AU466: 11 | AV466: 25 | AW466: 30 | AX466: 13 | AY466: 16 | AZ466: 3 | BA466: 13 | BB466: 32 | BC466: 31 | BD466: 5 | BE466: 26 | BF466: 18 | BG466: 55 | BH466: 56 | BI466: 21 | BJ466: 19 | BK466: 30 | BL466: 38 | BM466: 38 | BN466: 23 | BO466: 46 | BP466: 33 | BQ466: -6 | BR466: 27
