Workbook

Sheet Figure S4A
L1: The values here have been normalized against the max intensity. For example, the intensity for 0% stain for the wavenumber of 399.924 was divided by the maximum intensity for that column, i.e. C6/C4. Likewise, the remaining data was normalized.
B2: this row (cells C1 to H1 and L1 to Q1) are used for the VLOOKUP function to find the peak wavelength in cells C3 to H3 and L3 to Q3. | C2: 7 | D2: 6 | E2: 5 | F2: 4 | G2: 3 | H2: 2 | L2: 7 | M2: 6 | N2: 5 | O2: 4 | P2: 3 | Q2: 2
B3: peak wavelength (nm) | C3: =VLOOKUP(C4,C5:I466,C2,FALSE) -> 594.83289 | D3: =VLOOKUP(D4,D5:I466,D2,FALSE) -> 594.83289 | E3: =VLOOKUP(E4,E5:I466,E2,FALSE) -> 596.10461 | F3: =VLOOKUP(F4,F5:K466,F2,FALSE) -> 596.10461 | G3: =VLOOKUP(G4,G5:L466,G2,FALSE) -> 613.95972 | H3: =VLOOKUP(H4,H5:M466,H2,FALSE) -> 613.95972 | K3: peak wavelength (nm) | L3: =VLOOKUP(L4,L5:R466,L2,FALSE) -> 594.83289 | M3: =VLOOKUP(M4,M5:R466,M2,FALSE) -> 594.83289 | N3: =VLOOKUP(N4,N5:R466,N2,FALSE) -> 596.10461 | O3: =VLOOKUP(O4,O5:T466,O2,FALSE) -> 596.10461 | P3: =VLOOKUP(P4,P6:U467,P2,FALSE) -> 613.95972 | Q3: =VLOOKUP(Q4,Q6:V467,Q2,FALSE) -> 613.95972
B4: maximum intensity (a.u.) | C4: =MAX(C6:C466) -> 5874.66 | D4: =MAX(D6:D466) -> 2088.94 | E4: =MAX(E6:E466) -> 1604.36 | F4: =MAX(F6:F466) -> 1402.2 | G4: =MAX(G6:G466) -> 504.32 | H4: =MAX(H6:H466) -> 602.16 | K4: maximum intensity (a.u.) | L4: =MAX(L6:L466) -> 1 | M4: =MAX(M6:M466) -> 1 | N4: =MAX(N6:N466) -> 1 | O4: =MAX(O6:O466) -> 1 | P4: =MAX(P6:P466) -> 1 | Q4: =MAX(Q6:Q466) -> 1
B5: Wavelength (nm) | C5: average intensity from 50 pixels of unstained PS from Sheet titled PS unstained (a.u.) | D5: average intensity from 50 pixels of PS stained with 5% H&E from Sheet titled 5 percent (a.u.) | E5: average intensity from 50 pixels of PS stained with 10% H&E from Sheet titled 10 percent (a.u.) | F5: average intensity from 50 pixels of PS stained with 25% H&E from Sheet titled 25 percent (a.u.) | G5: average intensity from 50 pixels of PS stained with 50% H&E from Sheet titled 50 percent (a.u.) | H5: average intensity from 50 pixels of PS stained with 100% H&E from Sheet titled 100 percent (a.u.) | I5: this column here is used for the VLOOKUP function used in the following cells: C3 to H3. The VLOOKUP function was used to find the peak wavelength. | K5: Wavelength (nm) | L5: 0 | M5: 0.05 | N5: 0.1 | O5: 0.25 | P5: 0.5 | Q5: 1 | R5: this column here is used for the VLOOKUP function used in the following cells: L3 to Q3. The VLOOKUP function was used to find the peak wavelength.
B6: 399.9241 | C6: ='PS unstained'!D3 -> 10.02 | D6: ='5 percent'!D6 -> 1.62 | E6: ='10 percent'!D6 -> 2.04 | F6: ='25 percent'!D4 -> 1.38 | G6: ='50 percent'!D6 -> 0 | H6: ='100 percent'!D6 -> 0.86 | I6: 399.9241 | K6: 399.9241 | L6: =C6/C$4 -> 0.0017056306 | M6: =D6/$D$4 -> 0.00077551294 | N6: =E6/$E$4 -> 0.0012715351 | O6: =F6/$F$4 -> 0.00098416774 | P6: =G6/G$4 -> 0 | Q6: =H6/H$4 -> 0.0014281918 | R6: 399.9241
B7: 401.12 | C7: ='PS unstained'!D4 -> 12.44 | D7: ='5 percent'!D7 -> 1.26 | E7: ='10 percent'!D7 -> 3 | F7: ='25 percent'!D5 -> 2.48 | G7: ='50 percent'!D7 -> 0 | H7: ='100 percent'!D7 -> 0.24 | I7: 401.12 | K7: 401.12 | L7: =C7/$C$4 -> 0.0021175694 | M7: =D7/$D$4 -> 0.00060317673 | N7: =E7/$E$4 -> 0.0018699045 | O7: =F7/$F$4 -> 0.0017686493 | P7: =G7/G$4 -> 0 | Q7: =H7/H$4 -> 0.00039856517 | R7: 401.12
B8: 402.31641 | C8: ='PS unstained'!D5 -> 12.28 | D8: ='5 percent'!D8 -> 1.56 | E8: ='10 percent'!D8 -> 3.58 | F8: ='25 percent'!D6 -> 1.78 | G8: ='50 percent'!D8 -> 1.94 | H8: ='100 percent'!D8 -> 1.62 | I8: 402.31641 | K8: 402.31641 | L8: =C8/$C$4 -> 0.0020903337 | M8: =D8/$D$4 -> 0.00074679024 | N8: =E8/$E$4 -> 0.0022314194 | O8: =F8/$F$4 -> 0.0012694337 | P8: =G8/G$4 -> 0.003846764 | Q8: =H8/H$4 -> 0.0026903149 | R8: 402.31641
B9: 403.51331 | C9: ='PS unstained'!D6 -> 16.58 | D9: ='5 percent'!D9 -> 3.2 | E9: ='10 percent'!D9 -> 1.62 | F9: ='25 percent'!D7 -> 2.08 | G9: ='50 percent'!D9 -> 1.06 | H9: ='100 percent'!D9 -> 0.42 | I9: 403.51331 | K9: 403.51331 | L9: =C9/$C$4 -> 0.002822291 | M9: =D9/$D$4 -> 0.0015318774 | N9: =E9/$E$4 -> 0.0010097484 | O9: =F9/$F$4 -> 0.0014833833 | P9: =G9/G$4 -> 0.0021018401 | Q9: =H9/H$4 -> 0.00069748904 | R9: 403.51331
B10: 404.7106 | C10: ='PS unstained'!D7 -> 15 | D10: ='5 percent'!D10 -> 1.5 | E10: ='10 percent'!D10 -> 5.16 | F10: ='25 percent'!D8 -> 4.6 | G10: ='50 percent'!D10 -> 0 | H10: ='100 percent'!D10 -> 0.8 | I10: 404.7106 | K10: 404.7106 | L10: =C10/$C$4 -> 0.0025533393 | M10: =D10/$D$4 -> 0.00071806754 | N10: =E10/$E$4 -> 0.0032162358 | O10: =F10/$F$4 -> 0.0032805591 | P10: =G10/G$4 -> 0 | Q10: =H10/H$4 -> 0.0013285506 | R10: 404.7106
B11: 405.90851 | C11: ='PS unstained'!D8 -> 18.78 | D11: ='5 percent'!D11 -> 1.4 | E11: ='10 percent'!D11 -> 5.02 | F11: ='25 percent'!D9 -> 2.82 | G11: ='50 percent'!D11 -> 0 | H11: ='100 percent'!D11 -> 0.16 | I11: 405.90851 | K11: 405.90851 | L11: =C11/$C$4 -> 0.0031967807 | M11: =D11/$D$4 -> 0.00067019637 | N11: =E11/$E$4 -> 0.0031289735 | O11: =F11/$F$4 -> 0.0020111254 | P11: =G11/G$4 -> 0 | Q11: =H11/H$4 -> 0.00026571011 | R11: 405.90851
B12: 407.10681 | C12: ='PS unstained'!D9 -> 19.46 | D12: ='5 percent'!D12 -> 0.74 | E12: ='10 percent'!D12 -> 4.04 | F12: ='25 percent'!D10 -> 6.08 | G12: ='50 percent'!D12 -> 0.06 | H12: ='100 percent'!D12 -> 0 | I12: 407.10681 | K12: 407.10681 | L12: =C12/$C$4 -> 0.0033125321 | M12: =D12/$D$4 -> 0.00035424665 | N12: =E12/$E$4 -> 0.0025181381 | O12: =F12/$F$4 -> 0.0043360434 | P12: =G12/G$4 -> 0.00011897208 | Q12: =H12/H$4 -> 0 | R12: 407.10681
B13: 408.3056 | C13: ='PS unstained'!D10 -> 20.42 | D13: ='5 percent'!D13 -> 1.82 | E13: ='10 percent'!D13 -> 5.46 | F13: ='25 percent'!D11 -> 4.58 | G13: ='50 percent'!D13 -> 0 | H13: ='100 percent'!D13 -> 0.42 | I13: 408.3056 | K13: 408.3056 | L13: =C13/$C$4 -> 0.0034759458 | M13: =D13/$D$4 -> 0.00087125528 | N13: =E13/$E$4 -> 0.0034032262 | O13: =F13/$F$4 -> 0.0032662958 | P13: =G13/G$4 -> 0 | Q13: =H13/H$4 -> 0.00069748904 | R13: 408.3056
B14: 409.50491 | C14: ='PS unstained'!D11 -> 24.16 | D14: ='5 percent'!D14 -> 4.22 | E14: ='10 percent'!D14 -> 6.38 | F14: ='25 percent'!D12 -> 5.42 | G14: ='50 percent'!D14 -> 0 | H14: ='100 percent'!D14 -> 1.46 | I14: 409.50491 | K14: 409.50491 | L14: =C14/$C$4 -> 0.0041125784 | M14: =D14/$D$4 -> 0.0020201633 | N14: =E14/$E$4 -> 0.0039766636 | O14: =F14/$F$4 -> 0.0038653544 | P14: =G14/G$4 -> 0 | Q14: =H14/H$4 -> 0.0024246048 | R14: 409.50491
B15: 410.70471 | C15: ='PS unstained'!D12 -> 22.68 | D15: ='5 percent'!D15 -> 3.98 | E15: ='10 percent'!D15 -> 6.76 | F15: ='25 percent'!D13 -> 3.1 | G15: ='50 percent'!D15 -> 0 | H15: ='100 percent'!D15 -> 2.44 | I15: 410.70471 | K15: 410.70471 | L15: =C15/$C$4 -> 0.003860649 | M15: =D15/$D$4 -> 0.0019052725 | N15: =E15/$E$4 -> 0.0042135182 | O15: =F15/$F$4 -> 0.0022108116 | P15: =G15/G$4 -> 0 | Q15: =H15/H$4 -> 0.0040520792 | R15: 410.70471
B16: 411.90491 | C16: ='PS unstained'!D13 -> 24.58 | D16: ='5 percent'!D16 -> 2.7 | E16: ='10 percent'!D16 -> 7.14 | F16: ='25 percent'!D14 -> 6.28 | G16: ='50 percent'!D16 -> 2.98 | H16: ='100 percent'!D16 -> 0 | I16: 411.90491 | K16: 411.90491 | L16: =C16/$C$4 -> 0.0041840719 | M16: =D16/$D$4 -> 0.0012925216 | N16: =E16/$E$4 -> 0.0044503727 | O16: =F16/$F$4 -> 0.0044786764 | P16: =G16/G$4 -> 0.0059089467 | Q16: =H16/H$4 -> 0 | R16: 411.90491
B17: 413.10559 | C17: ='PS unstained'!D14 -> 29.46 | D17: ='5 percent'!D17 -> 5.32 | E17: ='10 percent'!D17 -> 7.16 | F17: ='25 percent'!D15 -> 5.94 | G17: ='50 percent'!D17 -> 0.14 | H17: ='100 percent'!D17 -> 0 | I17: 413.10559 | K17: 413.10559 | L17: =C17/$C$4 -> 0.0050147583 | M17: =D17/$D$4 -> 0.0025467462 | N17: =E17/$E$4 -> 0.0044628388 | O17: =F17/$F$4 -> 0.0042362003 | P17: =G17/G$4 -> 0.00027760152 | Q17: =H17/H$4 -> 0 | R17: 413.10559
B18: 414.30679 | C18: ='PS unstained'!D15 -> 30.88 | D18: ='5 percent'!D18 -> 2.62 | E18: ='10 percent'!D18 -> 8.62 | F18: ='25 percent'!D16 -> 9.1 | G18: ='50 percent'!D18 -> 3.66 | H18: ='100 percent'!D18 -> 0.16 | I18: 414.30679 | K18: 414.30679 | L18: =C18/$C$4 -> 0.0052564744 | M18: =D18/$D$4 -> 0.0012542246 | N18: =E18/$E$4 -> 0.005372859 | O18: =F18/$F$4 -> 0.0064898017 | P18: =G18/G$4 -> 0.007257297 | Q18: =H18/H$4 -> 0.00026571011 | R18: 414.30679
... B466: 999.65863 | C466: ='PS unstained'!D463 -> 62.38 | D466: ='5 percent'!D466 -> 20.82 | E466: ='10 percent'!D466 -> 20.64 | F466: ='25 percent'!D464 -> 16.54 | G466: ='50 percent'!D466 -> 5.04 | H466: ='100 percent'!D466 -> 4.38 | I466: 999.65863 | K466: 999.65863 | L466: =C466/$C$4 -> 0.010618487 | M466: =D466/$D$4 -> 0.0099667774 | N466: =E466/$E$4 -> 0.012864943 | O466: =F466/$F$4 -> 0.01179575 | P466: =G466/G$4 -> 0.0099936548 | Q466: =H466/H$4 -> 0.0072738143 | R466: 999.65863

Sheet 5 percent
D5: average intensity from 50 pixels | E5: wavelength (nm) | F5: intensity (a.u.) [each column represents one pixel]
D6: =IF(AVERAGE(F6:BC6)<0,0,AVERAGE(F6:BC6)) -> 1.62 | E6: 399.9241 | F6: -5 | G6: -14 | H6: 12 | I6: 9 | J6: 2 | K6: 3 | L6: 11 | M6: 2 | N6: 8 | O6: 4 | P6: -5 | Q6: -2 | R6: -23 | S6: 4 | T6: 0 | U6: 8 | V6: 1 | W6: 4 | X6: -12 | Y6: 0 | Z6: -12 | AA6: 5 | AB6: -4 | AC6: 8 | AD6: 5 | AE6: -6 | AF6: 2 | AG6: 3 | AH6: -3 | AI6: 11 | AJ6: 4 | AK6: 14 | AL6: 17 | AM6: -1 | AN6: 14 | AO6: -3 | AP6: 19 | AQ6: -9 | AR6: 2 | AS6: 0 | AT6: -4 | AU6: 15 | AV6: 4 | AW6: -9 | AX6: 2 | AY6: 4 | AZ6: 1 | BA6: -15 | BB6: 4 | BC6: 6 | BD6: 6 | BE6: 1 | BF6: 3 | BG6: -5 | BH6: -23 | BI6: -6
D7: =IF(AVERAGE(F7:BC7)<0,0,AVERAGE(F7:BC7)) -> 1.26 | E7: 401.12 | F7: 17 | G7: -5 | H7: 3 | I7: 16 | J7: -12 | K7: -12 | L7: 5 | M7: 0 | N7: -9 | O7: -5 | P7: -8 | Q7: 5 | R7: 14 | S7: 3 | T7: -14 | U7: 13 | V7: -8 | W7: 15 | X7: -7 | Y7: 6 | Z7: -7 | AA7: 0 | AB7: 19 | AC7: 4 | AD7: 9 | AE7: 20 | AF7: 11 | AG7: 0 | AH7: 0 | AI7: 4 | AJ7: -5 | AK7: -8 | AL7: 1 | AM7: -2 | AN7: 3 | AO7: -1 | AP7: 4 | AQ7: -3 | AR7: -6 | AS7: -2 | AT7: 10 | AU7: 1 | AV7: 9 | AW7: -3 | AX7: -6 | AY7: 3 | AZ7: -8 | BA7: 1 | BB7: -2 | BC7: 0 | BD7: -2 | BE7: 1 | BF7: -17 | BG7: 1 | BH7: 4 | BI7: 3
D8: =IF(AVERAGE(F8:BC8)<0,0,AVERAGE(F8:BC8)) -> 1.56 | E8: 402.31641 | F8: -5 | G8: -4 | H8: 9 | I8: -9 | J8: 15 | K8: 0 | L8: 7 | M8: -11 | N8: -9 | O8: 2 | P8: -24 | Q8: 17 | R8: 15 | S8: 6 | T8: -1 | U8: -8 | V8: 1 | W8: 12 | X8: -1 | Y8: 1 | Z8: -1 | AA8: -2 | AB8: -14 | AC8: -3 | AD8: 10 | AE8: 7 | AF8: 2 | AG8: -10 | AH8: 20 | AI8: -7 | AJ8: 7 | AK8: -3 | AL8: 21 | AM8: -5 | AN8: 5 | AO8: 13 | AP8: -2 | AQ8: -1 | AR8: 6 | AS8: 5 | AT8: 10 | AU8: 4 | AV8: 4 | AW8: -4 | AX8: 1 | AY8: -7 | AZ8: 1 | BA8: -10 | BB8: 13 | BC8: 5 | BD8: 8 | BE8: 5 | BF8: -7 | BG8: 8 | BH8: 7 | BI8: 2
D9: =IF(AVERAGE(F9:BC9)<0,0,AVERAGE(F9:BC9)) -> 3.2 | E9: 403.51331 | F9: 14 | G9: 8 | H9: 9 | I9: 14 | J9: -12 | K9: 6 | L9: 3 | M9: 19 | N9: 15 | O9: -3 | P9: 13 | Q9: 15 | R9: 3 | S9: -3 | T9: -4 | U9: -3 | V9: -2 | W9: 7 | X9: 3 | Y9: -11 | Z9: 3 | AA9: 8 | AB9: -18 | AC9: 7 | AD9: -2 | AE9: 4 | AF9: -2 | AG9: 2 | AH9: 5 | AI9: 0 | AJ9: 1 | AK9: 7 | AL9: 15 | AM9: 15 | AN9: 26 | AO9: 2 | AP9: 5 | AQ9: 0 | AR9: -6 | AS9: -1 | AT9: -11 | AU9: 2 | AV9: -4 | AW9: 10 | AX9: 8 | AY9: -2 | AZ9: -2 | BA9: 6 | BB9: 10 | BC9: -19 | BD9: -10 | BE9: 0 | BF9: -4 | BG9: -11 | BH9: 14 | BI9: 3
D10: =IF(AVERAGE(F10:BC10)<0,0,AVERAGE(F10:BC10)) -> 1.5 | E10: 404.7106 | F10: 6 | G10: 8 | H10: 8 | I10: 8 | J10: 10 | K10: -12 | L10: -4 | M10: 5 | N10: 8 | O10: 2 | P10: 6 | Q10: -2 | R10: 7 | S10: 20 | T10: 12 | U10: -23 | V10: 0 | W10: -1 | X10: -5 | Y10: 0 | Z10: -5 | AA10: -3 | AB10: 5 | AC10: 8 | AD10: 4 | AE10: 0 | AF10: -6 | AG10: -14 | AH10: 5 | AI10: -7 | AJ10: 7 | AK10: 7 | AL10: 0 | AM10: 2 | AN10: 1 | AO10: 5 | AP10: 10 | AQ10: 1 | AR10: -5 | AS10: -3 | AT10: -1 | AU10: -4 | AV10: 4 | AW10: -4 | AX10: 1 | AY10: 3 | AZ10: 0 | BA10: -9 | BB10: 18 | BC10: 2 | BD10: 6 | BE10: -13 | BF10: 6 | BG10: -2 | BH10: -11 | BI10: -8
D11: =IF(AVERAGE(F11:BC11)<0,0,AVERAGE(F11:BC11)) -> 1.4 | E11: 405.90851 | F11: 4 | G11: 3 | H11: -3 | I11: 11 | J11: 1 | K11: 9 | L11: 6 | M11: -1 | N11: 4 | O11: -4 | P11: 4 | Q11: 20 | R11: 6 | S11: 7 | T11: 2 | U11: 1 | V11: 10 | W11: 2 | X11: 7 | Y11: -1 | Z11: 7 | AA11: -3 | AB11: 8 | AC11: -4 | AD11: 4 | AE11: -12 | AF11: -10 | AG11: 4 | AH11: -2 | AI11: 10 | AJ11: -14 | AK11: -4 | AL11: 1 | AM11: -12 | AN11: 15 | AO11: 1 | AP11: -4 | AQ11: -7 | AR11: -6 | AS11: 14 | AT11: -9 | AU11: -7 | AV11: -1 | AW11: -5 | AX11: 1 | AY11: -8 | AZ11: 10 | BA11: 5 | BB11: 15 | BC11: -5 | BD11: 5 | BE11: -3 | BF11: 3 | BG11: 1 | BH11: 8 | BI11: 7
D12: =IF(AVERAGE(F12:BC12)<0,0,AVERAGE(F12:BC12)) -> 0.74 | E12: 407.10681 | F12: -3 | G12: -3 | H12: 15 | I12: -14 | J12: 3 | K12: -2 | L12: 3 | M12: 5 | N12: -9 | O12: 9 | P12: -7 | Q12: 5 | R12: 3 | S12: -8 | T12: -5 | U12: -5 | V12: 8 | W12: -9 | X12: 7 | Y12: -3 | Z12: 7 | AA12: -6 | AB12: 17 | AC12: 5 | AD12: -6 | AE12: 4 | AF12: -3 | AG12: 5 | AH12: 14 | AI12: 6 | AJ12: -6 | AK12: -3 | AL12: -14 | AM12: 2 | AN12: 0 | AO12: 22 | AP12: -1 | AQ12: 3 | AR12: -27 | AS12: -8 | AT12: -1 | AU12: 5 | AV12: 4 | AW12: -3 | AX12: 8 | AY12: 4 | AZ12: 8 | BA12: 0 | BB12: 14 | BC12: -3 | BD12: -9 | BE12: 2 | BF12: -6 | BG12: 5 | BH12: 2 | BI12: -3
D13: =IF(AVERAGE(F13:BC13)<0,0,AVERAGE(F13:BC13)) -> 1.82 | E13: 408.3056 | F13: 7 | G13: -11 | H13: 5 | I13: 12 | J13: 0 | K13: -7 | L13: 8 | M13: 3 | N13: 1 | O13: 22 | P13: 4 | Q13: -3 | R13: -3 | S13: -4 | T13: 9 | U13: -3 | V13: 8 | W13: 2 | X13: -10 | Y13: 1 | Z13: -10 | AA13: 1 | AB13: -7 | AC13: -3 | AD13: 4 | AE13: 0 | AF13: 10 | AG13: 2 | AH13: 5 | AI13: -6 | AJ13: -8 | AK13: -7 | AL13: 8 | AM13: -7 | AN13: 20 | AO13: -10 | AP13: 9 | AQ13: -5 | AR13: -8 | AS13: 12 | AT13: 13 | AU13: 0 | AV13: 2 | AW13: -8 | AX13: -5 | AY13: 25 | AZ13: 8 | BA13: 5 | BB13: 4 | BC13: 6 | BD13: 20 | BE13: 6 | BF13: 9 | BG13: 17 | BH13: -7 | BI13: -4
D14: =IF(AVERAGE(F14:BC14)<0,0,AVERAGE(F14:BC14)) -> 4.22 | E14: 409.50491 | F14: 13 | G14: 10 | H14: 1 | I14: 2 | J14: -3 | K14: 0 | L14: -2 | M14: 6 | N14: 17 | O14: 6 | P14: 2 | Q14: -1 | R14: 4 | S14: 10 | T14: 5 | U14: -6 | V14: 16 | W14: -1 | X14: -14 | Y14: 6 | Z14: -14 | AA14: 9 | AB14: 5 | AC14: 35 | AD14: -2 | AE14: -2 | AF14: 7 | AG14: -10 | AH14: 0 | AI14: 12 | AJ14: 11 | AK14: -2 | AL14: 0 | AM14: -8 | AN14: 18 | AO14: 13 | AP14: 1 | AQ14: 8 | AR14: 5 | AS14: 2 | AT14: -5 | AU14: 12 | AV14: -1 | AW14: 10 | AX14: 14 | AY14: 5 | AZ14: 16 | BA14: -7 | BB14: 10 | BC14: -2 | BD14: -6 | BE14: 5 | BF14: -3 | BG14: -13 | BH14: 4 | BI14: 1
D15: =IF(AVERAGE(F15:BC15)<0,0,AVERAGE(F15:BC15)) -> 3.98 | E15: 410.70471 | F15: -2 | G15: 10 | H15: 3 | I15: -7 | J15: 3 | K15: 23 | L15: 4 | M15: -3 | N15: 8 | O15: -4 | P15: 12 | Q15: 16 | R15: 7 | S15: 9 | T15: -7 | U15: 6 | V15: 12 | W15: 1 | X15: -6 | Y15: 15 | Z15: -6 | AA15: 1 | AB15: -3 | AC15: -3 | AD15: -2 | AE15: -9 | AF15: 3 | AG15: 9 | AH15: 7 | AI15: -1 | AJ15: 3 | AK15: 14 | AL15: 14 | AM15: -10 | AN15: 23 | AO15: -9 | AP15: 6 | AQ15: 14 | AR15: 10 | AS15: 3 | AT15: 1 | AU15: 3 | AV15: 0 | AW15: 0 | AX15: 11 | AY15: -3 | AZ15: 12 | BA15: 3 | BB15: 8 | BC15: 0 | BD15: 1 | BE15: 5 | BF15: -2 | BG15: -6 | BH15: 11 | BI15: -7
D16: =IF(AVERAGE(F16:BC16)<0,0,AVERAGE(F16:BC16)) -> 2.7 | E16: 411.90491 | F16: -2 | G16: 9 | H16: -3 | I16: 1 | J16: 5 | K16: -4 | L16: -11 | M16: 9 | N16: 3 | O16: 8 | P16: 6 | Q16: -2 | R16: 8 | S16: 20 | T16: 4 | U16: -4 | V16: 1 | W16: 18 | X16: -9 | Y16: 6 | Z16: -9 | AA16: 14 | AB16: 19 | AC16: -3 | AD16: -15 | AE16: 15 | AF16: 2 | AG16: 4 | AH16: -9 | AI16: 6 | AJ16: -9 | AK16: 21 | AL16: 2 | AM16: -1 | AN16: 4 | AO16: 8 | AP16: 8 | AQ16: -6 | AR16: 1 | AS16: 11 | AT16: -11 | AU16: -3 | AV16: 11 | AW16: -2 | AX16: -2 | AY16: -10 | AZ16: 1 | BA16: 14 | BB16: 2 | BC16: 9 | BD16: 7 | BE16: -2 | BF16: -9 | BG16: 18 | BH16: 15 | BI16: 7
D17: =IF(AVERAGE(F17:BC17)<0,0,AVERAGE(F17:BC17)) -> 5.32 | E17: 413.10559 | F17: 22 | G17: 22 | H17: -2 | I17: -11 | J17: -7 | K17: 6 | L17: 25 | M17: -3 | N17: 3 | O17: 15 | P17: 15 | Q17: 4 | R17: 2 | S17: 1 | T17: 0 | U17: 2 | V17: 13 | W17: 4 | X17: 14 | Y17: 4 | Z17: 14 | AA17: 8 | AB17: 3 | AC17: 1 | AD17: 17 | AE17: 7 | AF17: -4 | AG17: 8 | AH17: 10 | AI17: -1 | AJ17: -1 | AK17: -2 | AL17: 12 | AM17: -6 | AN17: 7 | AO17: 15 | AP17: 10 | AQ17: 9 | AR17: -4 | AS17: -11 | AT17: 1 | AU17: 5 | AV17: -5 | AW17: 6 | AX17: 4 | AY17: 7 | AZ17: 13 | BA17: 5 | BB17: 8 | BC17: 1 | BD17: 0 | BE17: 5 | BF17: -1 | BG17: -10 | BH17: 10 | BI17: 1
... D466: =IF(AVERAGE(F466:BC466)<0,0,AVERAGE(F466:BC466)) -> 20.82 | E466: 999.65863 | F466: 33 | G466: 38 | H466: 25 | I466: 25 | J466: 21 | K466: 15 | L466: 17 | M466: 12 | N466: 15 | O466: 40 | P466: 26 | Q466: 14 | R466: 28 | S466: 28 | T466: 20 | U466: -2 | V466: 21 | W466: 12 | X466: 27 | Y466: 12 | Z466: 27 | AA466: 6 | AB466: 45 | AC466: 12 | AD466: 33 | AE466: 7 | AF466: 30 | AG466: 20 | AH466: 27 | AI466: 22 | AJ466: 1 | AK466: 5 | AL466: 25 | AM466: 15 | AN466: 25 | AO466: 38 | AP466: 7 | AQ466: 7 | AR466: 25 | AS466: 39 | AT466: 17 | AU466: 18 | AV466: 9 | AW466: 11 | AX466: 22 | AY466: 35 | AZ466: 21 | BA466: 18 | BB466: 15 | BC466: 32 | BD466: 3 | BE466: 6 | BF466: 10 | BG466: 15 | BH466: 18 | BI466: 20

Sheet 10 percent
D5: average intensity from 50 pixels | E5: wavelength (nm) | F5: intensity (a.u.) [each column represents one pixel]
D6: =IF(AVERAGE(F6:BC6)<0,0,AVERAGE(F6:BC6)) -> 2.04 | E6: 399.9241 | F6: 4 | G6: 27 | H6: 10 | I6: -17 | J6: -9 | K6: 7 | L6: -4 | M6: -4 | N6: 13 | O6: -2 | P6: 18 | Q6: 10 | R6: -6 | S6: 2 | T6: -12 | U6: -6 | V6: -17 | W6: 2 | X6: 8 | Y6: -3 | Z6: -9 | AA6: 5 | AB6: -5 | AC6: 28 | AD6: 13 | AE6: 5 | AF6: 6 | AG6: -10 | AH6: -7 | AI6: -3 | AJ6: -11 | AK6: 8 | AL6: 6 | AM6: 15 | AN6: 6 | AO6: -1 | AP6: 5 | AQ6: 14 | AR6: 0 | AS6: -7 | AT6: 16 | AU6: -5 | AV6: 11 | AW6: 7 | AX6: 4 | AY6: -12 | AZ6: -2 | BA6: 1 | BB6: 2 | BC6: 1 | BD6: 10 | BE6: 6 | BF6: -3 | BG6: 11 | BH6: -9 | BI6: 1
D7: =IF(AVERAGE(F7:BC7)<0,0,AVERAGE(F7:BC7)) -> 3 | E7: 401.12 | F7: 6 | G7: 0 | H7: -12 | I7: 15 | J7: 0 | K7: 16 | L7: -5 | M7: 0 | N7: 7 | O7: -12 | P7: 12 | Q7: -10 | R7: 0 | S7: -4 | T7: 17 | U7: -4 | V7: 0 | W7: -6 | X7: 13 | Y7: 0 | Z7: 15 | AA7: 7 | AB7: 4 | AC7: -9 | AD7: 10 | AE7: 5 | AF7: 10 | AG7: 0 | AH7: -2 | AI7: 21 | AJ7: -8 | AK7: 5 | AL7: 8 | AM7: 15 | AN7: -7 | AO7: -1 | AP7: 15 | AQ7: -3 | AR7: 1 | AS7: 23 | AT7: 7 | AU7: -10 | AV7: -8 | AW7: -2 | AX7: 14 | AY7: 0 | AZ7: -3 | BA7: 13 | BB7: -3 | BC7: 0 | BD7: 17 | BE7: -2 | BF7: 4 | BG7: 8 | BH7: 3 | BI7: 8
D8: =IF(AVERAGE(F8:BC8)<0,0,AVERAGE(F8:BC8)) -> 3.58 | E8: 402.31641 | F8: 8 | G8: 2 | H8: 9 | I8: 12 | J8: -9 | K8: 24 | L8: -3 | M8: 1 | N8: 14 | O8: 0 | P8: 1 | Q8: -4 | R8: 6 | S8: 5 | T8: 7 | U8: 5 | V8: 14 | W8: -13 | X8: 4 | Y8: 15 | Z8: 2 | AA8: -1 | AB8: 9 | AC8: -3 | AD8: 14 | AE8: -2 | AF8: -5 | AG8: 1 | AH8: -4 | AI8: 2 | AJ8: 8 | AK8: -4 | AL8: 15 | AM8: 5 | AN8: 6 | AO8: -3 | AP8: 14 | AQ8: 13 | AR8: 9 | AS8: 11 | AT8: 5 | AU8: 6 | AV8: 1 | AW8: 7 | AX8: 2 | AY8: -8 | AZ8: -10 | BA8: 4 | BB8: -15 | BC8: 2 | BD8: 12 | BE8: -5 | BF8: 0 | BG8: 16 | BH8: 13 | BI8: 5
D9: =IF(AVERAGE(F9:BC9)<0,0,AVERAGE(F9:BC9)) -> 1.62 | E9: 403.51331 | F9: 1 | G9: -5 | H9: 10 | I9: -1 | J9: -3 | K9: 7 | L9: 15 | M9: 4 | N9: -5 | O9: 1 | P9: -23 | Q9: -10 | R9: -2 | S9: 6 | T9: 17 | U9: -4 | V9: -1 | W9: 18 | X9: 9 | Y9: 3 | Z9: 2 | AA9: -3 | AB9: 3 | AC9: -2 | AD9: 8 | AE9: -3 | AF9: 1 | AG9: 7 | AH9: -9 | AI9: 2 | AJ9: 2 | AK9: 4 | AL9: 2 | AM9: 2 | AN9: 2 | AO9: 2 | AP9: 5 | AQ9: -3 | AR9: 7 | AS9: -8 | AT9: 22 | AU9: 8 | AV9: 4 | AW9: -2 | AX9: 8 | AY9: -3 | AZ9: -11 | BA9: 5 | BB9: 8 | BC9: -16 | BD9: 7 | BE9: 20 | BF9: 2 | BG9: 5 | BH9: 5 | BI9: -3
D10: =IF(AVERAGE(F10:BC10)<0,0,AVERAGE(F10:BC10)) -> 5.16 | E10: 404.7106 | F10: -6 | G10: 25 | H10: -1 | I10: 1 | J10: 9 | K10: -3 | L10: 17 | M10: 12 | N10: -7 | O10: 1 | P10: 9 | Q10: -6 | R10: -15 | S10: 2 | T10: 1 | U10: 10 | V10: 8 | W10: 10 | X10: 13 | Y10: 11 | Z10: 12 | AA10: 3 | AB10: 5 | AC10: 5 | AD10: 11 | AE10: 1 | AF10: 11 | AG10: -4 | AH10: 7 | AI10: 16 | AJ10: -15 | AK10: 12 | AL10: 15 | AM10: 7 | AN10: -2 | AO10: -9 | AP10: 22 | AQ10: 7 | AR10: 10 | AS10: 5 | AT10: -2 | AU10: 5 | AV10: -14 | AW10: 9 | AX10: 14 | AY10: 3 | AZ10: 2 | BA10: 9 | BB10: -2 | BC10: 24 | BD10: 13 | BE10: 0 | BF10: 2 | BG10: -6 | BH10: 7 | BI10: -4
D11: =IF(AVERAGE(F11:BC11)<0,0,AVERAGE(F11:BC11)) -> 5.02 | E11: 405.90851 | F11: 3 | G11: -7 | H11: -1 | I11: 6 | J11: -4 | K11: 9 | L11: 10 | M11: 4 | N11: 5 | O11: -12 | P11: 2 | Q11: 4 | R11: 10 | S11: 1 | T11: -1 | U11: 5 | V11: 10 | W11: -7 | X11: -2 | Y11: 14 | Z11: 11 | AA11: 24 | AB11: 14 | AC11: 3 | AD11: 9 | AE11: 11 | AF11: 10 | AG11: 0 | AH11: -6 | AI11: 7 | AJ11: 10 | AK11: 14 | AL11: -5 | AM11: 7 | AN11: -1 | AO11: 0 | AP11: 6 | AQ11: -11 | AR11: 9 | AS11: 11 | AT11: 1 | AU11: 30 | AV11: 7 | AW11: 14 | AX11: 7 | AY11: 13 | AZ11: 4 | BA11: 4 | BB11: 11 | BC11: -12 | BD11: -2 | BE11: 9 | BF11: -6 | BG11: -12 | BH11: -19 | BI11: -3
D12: =IF(AVERAGE(F12:BC12)<0,0,AVERAGE(F12:BC12)) -> 4.04 | E12: 407.10681 | F12: 21 | G12: 12 | H12: 8 | I12: 4 | J12: 17 | K12: 14 | L12: 14 | M12: 13 | N12: -5 | O12: -22 | P12: 13 | Q12: 0 | R12: 9 | S12: 4 | T12: -10 | U12: -5 | V12: 2 | W12: 5 | X12: 8 | Y12: 2 | Z12: -5 | AA12: -2 | AB12: 4 | AC12: 2 | AD12: 0 | AE12: 22 | AF12: -5 | AG12: 8 | AH12: 12 | AI12: 1 | AJ12: -6 | AK12: 5 | AL12: 7 | AM12: 9 | AN12: -5 | AO12: -6 | AP12: 29 | AQ12: -3 | AR12: -6 | AS12: -14 | AT12: 6 | AU12: 13 | AV12: 0 | AW12: 13 | AX12: -7 | AY12: 3 | AZ12: 8 | BA12: 5 | BB12: 1 | BC12: 9 | BD12: -7 | BE12: 2 | BF12: 2 | BG12: 9 | BH12: 5 | BI12: 10
D13: =IF(AVERAGE(F13:BC13)<0,0,AVERAGE(F13:BC13)) -> 5.46 | E13: 408.3056 | F13: 7 | G13: 11 | H13: 8 | I13: -10 | J13: 10 | K13: 22 | L13: 7 | M13: 25 | N13: 0 | O13: 7 | P13: 1 | Q13: 0 | R13: 6 | S13: 5 | T13: 13 | U13: 9 | V13: -9 | W13: -12 | X13: -1 | Y13: 23 | Z13: 3 | AA13: 5 | AB13: -6 | AC13: 10 | AD13: -5 | AE13: 14 | AF13: -3 | AG13: -9 | AH13: -12 | AI13: -3 | AJ13: -5 | AK13: -15 | AL13: 4 | AM13: 18 | AN13: 15 | AO13: 8 | AP13: -4 | AQ13: 18 | AR13: -7 | AS13: 17 | AT13: -1 | AU13: 12 | AV13: 12 | AW13: 9 | AX13: 30 | AY13: 7 | AZ13: -3 | BA13: 6 | BB13: 17 | BC13: 19 | BD13: 7 | BE13: 4 | BF13: -4 | BG13: 4 | BH13: 12 | BI13: 3
D14: =IF(AVERAGE(F14:BC14)<0,0,AVERAGE(F14:BC14)) -> 6.38 | E14: 409.50491 | F14: 11 | G14: 6 | H14: 3 | I14: 16 | J14: 24 | K14: 20 | L14: 15 | M14: 2 | N14: -3 | O14: -1 | P14: -1 | Q14: 8 | R14: -7 | S14: 16 | T14: 10 | U14: 13 | V14: 8 | W14: 5 | X14: 13 | Y14: -8 | Z14: -9 | AA14: 14 | AB14: 12 | AC14: 13 | AD14: 18 | AE14: 21 | AF14: 24 | AG14: -10 | AH14: 10 | AI14: 2 | AJ14: 2 | AK14: 18 | AL14: 6 | AM14: -1 | AN14: -16 | AO14: 9 | AP14: 0 | AQ14: 16 | AR14: -8 | AS14: 31 | AT14: 8 | AU14: 1 | AV14: -5 | AW14: 6 | AX14: 8 | AY14: -1 | AZ14: -5 | BA14: 11 | BB14: 5 | BC14: -11 | BD14: 17 | BE14: 8 | BF14: 3 | BG14: 4 | BH14: 4 | BI14: 7
D15: =IF(AVERAGE(F15:BC15)<0,0,AVERAGE(F15:BC15)) -> 6.76 | E15: 410.70471 | F15: 6 | G15: 4 | H15: 20 | I15: 18 | J15: 5 | K15: 14 | L15: 17 | M15: 9 | N15: 18 | O15: -15 | P15: 7 | Q15: 1 | R15: 0 | S15: -13 | T15: 4 | U15: 14 | V15: 0 | W15: 25 | X15: 11 | Y15: 0 | Z15: 4 | AA15: 2 | AB15: 2 | AC15: 26 | AD15: 7 | AE15: -1 | AF15: -1 | AG15: -8 | AH15: 17 | AI15: 7 | AJ15: 12 | AK15: 2 | AL15: 11 | AM15: -7 | AN15: 20 | AO15: 4 | AP15: 13 | AQ15: 5 | AR15: 3 | AS15: 1 | AT15: 4 | AU15: 9 | AV15: 7 | AW15: 5 | AX15: 7 | AY15: 8 | AZ15: 10 | BA15: 5 | BB15: 15 | BC15: 4 | BD15: -7 | BE15: -2 | BF15: 0 | BG15: 6 | BH15: -5 | BI15: 12
D16: =IF(AVERAGE(F16:BC16)<0,0,AVERAGE(F16:BC16)) -> 7.14 | E16: 411.90491 | F16: 12 | G16: 6 | H16: 13 | I16: 13 | J16: 6 | K16: 13 | L16: 0 | M16: 3 | N16: 7 | O16: 13 | P16: -5 | Q16: 2 | R16: 10 | S16: 2 | T16: -12 | U16: 3 | V16: 6 | W16: 7 | X16: 7 | Y16: 26 | Z16: 14 | AA16: 14 | AB16: 14 | AC16: 12 | AD16: 7 | AE16: -5 | AF16: -6 | AG16: 7 | AH16: 5 | AI16: 3 | AJ16: 28 | AK16: 3 | AL16: 16 | AM16: 15 | AN16: 13 | AO16: 14 | AP16: 10 | AQ16: 13 | AR16: 8 | AS16: -7 | AT16: -1 | AU16: 0 | AV16: 0 | AW16: 21 | AX16: 2 | AY16: 9 | AZ16: -3 | BA16: 12 | BB16: 4 | BC16: 3 | BD16: 17 | BE16: 19 | BF16: 11 | BG16: 3 | BH16: -1 | BI16: 8
D17: =IF(AVERAGE(F17:BC17)<0,0,AVERAGE(F17:BC17)) -> 7.16 | E17: 413.10559 | F17: -1 | G17: 11 | H17: 11 | I17: 8 | J17: 17 | K17: 13 | L17: -2 | M17: 7 | N17: 4 | O17: 11 | P17: 2 | Q17: -9 | R17: 3 | S17: 6 | T17: 22 | U17: 26 | V17: 21 | W17: 8 | X17: 10 | Y17: 10 | Z17: 15 | AA17: 1 | AB17: 6 | AC17: -1 | AD17: 1 | AE17: 8 | AF17: -2 | AG17: 15 | AH17: 8 | AI17: -3 | AJ17: 2 | AK17: 17 | AL17: 6 | AM17: 2 | AN17: 4 | AO17: 0 | AP17: 6 | AQ17: 2 | AR17: 24 | AS17: -8 | AT17: 5 | AU17: 12 | AV17: 10 | AW17: 6 | AX17: 4 | AY17: 16 | AZ17: 7 | BA17: 3 | BB17: -2 | BC17: 16 | BD17: 5 | BE17: 1 | BF17: -8 | BG17: 7 | BH17: 18 | BI17: 17
... D466: =IF(AVERAGE(F466:BC466)<0,0,AVERAGE(F466:BC466)) -> 20.64 | E466: 999.65863 | F466: 28 | G466: 40 | H466: 60 | I466: 26 | J466: 43 | K466: 35 | L466: 44 | M466: 36 | N466: 13 | O466: 32 | P466: 41 | Q466: 14 | R466: 29 | S466: 13 | T466: 8 | U466: 25 | V466: 1 | W466: 4 | X466: 23 | Y466: 36 | Z466: 11 | AA466: 17 | AB466: 8 | AC466: 8 | AD466: 12 | AE466: 21 | AF466: 9 | AG466: 10 | AH466: 9 | AI466: 28 | AJ466: 21 | AK466: 28 | AL466: 5 | AM466: 15 | AN466: 18 | AO466: 3 | AP466: 9 | AQ466: 46 | AR466: 53 | AS466: 48 | AT466: -6 | AU466: 15 | AV466: 14 | AW466: 5 | AX466: 12 | AY466: -4 | AZ466: 10 | BA466: 21 | BB466: 12 | BC466: 23 | BD466: 11 | BE466: 8 | BF466: 11 | BG466: 22 | BH466: 6 | BI466: 10

Sheet 25 percent
D3: average intensity from 50 pixels | E3: wavelength (nm) | F3: intensity (a.u.) [each column represents one pixel]
D4: =IF(AVERAGE(F4:BC4)<0,0,AVERAGE(F4:BC4)) -> 1.38 | E4: 399.9241 | F4: -1 | G4: -8 | H4: 0 | I4: 1 | J4: -17 | K4: -2 | L4: 13 | M4: 3 | N4: 1 | O4: 10 | P4: -25 | Q4: 8 | R4: -5 | S4: 11 | T4: 4 | U4: 1 | V4: 2 | W4: 8 | X4: 9 | Y4: -8 | Z4: 5 | AA4: -4 | AB4: 8 | AC4: 12 | AD4: 4 | AE4: -2 | AF4: 5 | AG4: -12 | AH4: 11 | AI4: 3 | AJ4: -6 | AK4: 7 | AL4: -1 | AM4: -3 | AN4: 11 | AO4: 2 | AP4: 8 | AQ4: 0 | AR4: -3 | AS4: 5 | AT4: -3 | AU4: -8 | AV4: -6 | AW4: 18 | AX4: 5 | AY4: -7 | AZ4: -1 | BA4: 2 | BB4: 10 | BC4: 4 | BD4: 20 | BE4: 11 | BF4: 10
D5: =IF(AVERAGE(F5:BC5)<0,0,AVERAGE(F5:BC5)) -> 2.48 | E5: 401.12 | F5: 13 | G5: -5 | H5: -2 | I5: 11 | J5: 7 | K5: 6 | L5: 15 | M5: 2 | N5: 8 | O5: 9 | P5: 16 | Q5: 1 | R5: -9 | S5: 4 | T5: 1 | U5: -1 | V5: 10 | W5: -1 | X5: 0 | Y5: -5 | Z5: 8 | AA5: 2 | AB5: -2 | AC5: 1 | AD5: -6 | AE5: 5 | AF5: 1 | AG5: -4 | AH5: 1 | AI5: 2 | AJ5: 14 | AK5: -5 | AL5: 3 | AM5: -8 | AN5: 4 | AO5: 1 | AP5: 2 | AQ5: 14 | AR5: 7 | AS5: -16 | AT5: 6 | AU5: -10 | AV5: 12 | AW5: -14 | AX5: -1 | AY5: 9 | AZ5: 3 | BA5: -2 | BB5: 10 | BC5: 7 | BD5: 0 | BE5: 7 | BF5: -2
D6: =IF(AVERAGE(F6:BC6)<0,0,AVERAGE(F6:BC6)) -> 1.78 | E6: 402.31641 | F6: 5 | G6: 8 | H6: 7 | I6: -9 | J6: 9 | K6: -6 | L6: -3 | M6: 0 | N6: 8 | O6: 7 | P6: 7 | Q6: 0 | R6: 8 | S6: 3 | T6: -11 | U6: 5 | V6: -1 | W6: -3 | X6: 1 | Y6: 8 | Z6: 0 | AA6: -1 | AB6: 21 | AC6: 3 | AD6: -11 | AE6: -2 | AF6: 21 | AG6: -5 | AH6: -3 | AI6: 1 | AJ6: -9 | AK6: -1 | AL6: -8 | AM6: -9 | AN6: 6 | AO6: -1 | AP6: -2 | AQ6: 15 | AR6: -5 | AS6: -7 | AT6: 19 | AU6: 2 | AV6: 8 | AW6: 5 | AX6: 8 | AY6: 9 | AZ6: -14 | BA6: 10 | BB6: -5 | BC6: 1 | BD6: 3 | BE6: -9 | BF6: -5
D7: =IF(AVERAGE(F7:BC7)<0,0,AVERAGE(F7:BC7)) -> 2.08 | E7: 403.51331 | F7: 5 | G7: 6 | H7: 11 | I7: 7 | J7: -10 | K7: 19 | L7: 12 | M7: 7 | N7: 8 | O7: -8 | P7: -19 | Q7: 6 | R7: -1 | S7: 0 | T7: -3 | U7: 12 | V7: 16 | W7: 10 | X7: 4 | Y7: 6 | Z7: -13 | AA7: 2 | AB7: -13 | AC7: -9 | AD7: -11 | AE7: 11 | AF7: -2 | AG7: -29 | AH7: 0 | AI7: -2 | AJ7: -7 | AK7: 2 | AL7: -3 | AM7: -1 | AN7: 6 | AO7: 9 | AP7: 5 | AQ7: 11 | AR7: 11 | AS7: 2 | AT7: 1 | AU7: 12 | AV7: 3 | AW7: 0 | AX7: 2 | AY7: 5 | AZ7: 13 | BA7: 7 | BB7: 0 | BC7: 4 | BD7: 7 | BE7: -6 | BF7: 0
D8: =IF(AVERAGE(F8:BC8)<0,0,AVERAGE(F8:BC8)) -> 4.6 | E8: 404.7106 | F8: 6 | G8: 2 | H8: 16 | I8: 7 | J8: 12 | K8: -3 | L8: -4 | M8: 13 | N8: 0 | O8: 20 | P8: 0 | Q8: 20 | R8: 0 | S8: 0 | T8: 1 | U8: 4 | V8: -10 | W8: 13 | X8: 3 | Y8: 2 | Z8: 23 | AA8: 10 | AB8: 7 | AC8: 21 | AD8: -2 | AE8: 12 | AF8: 5 | AG8: -2 | AH8: -1 | AI8: -10 | AJ8: 10 | AK8: 1 | AL8: -11 | AM8: -15 | AN8: 2 | AO8: -11 | AP8: 20 | AQ8: 10 | AR8: 7 | AS8: -7 | AT8: 6 | AU8: -7 | AV8: 9 | AW8: 5 | AX8: 12 | AY8: 12 | AZ8: 7 | BA8: 6 | BB8: 9 | BC8: 0 | BD8: -10 | BE8: 2 | BF8: 17
D9: =IF(AVERAGE(F9:BC9)<0,0,AVERAGE(F9:BC9)) -> 2.82 | E9: 405.90851 | F9: 17 | G9: 1 | H9: 22 | I9: -8 | J9: 10 | K9: -4 | L9: -3 | M9: 6 | N9: 8 | O9: -10 | P9: -1 | Q9: -11 | R9: -1 | S9: 4 | T9: -12 | U9: 3 | V9: -7 | W9: -9 | X9: 15 | Y9: 1 | Z9: -2 | AA9: 11 | AB9: 3 | AC9: 16 | AD9: 2 | AE9: 7 | AF9: 4 | AG9: -2 | AH9: 10 | AI9: 2 | AJ9: -3 | AK9: 8 | AL9: 3 | AM9: -1 | AN9: 3 | AO9: -8 | AP9: 13 | AQ9: 14 | AR9: 10 | AS9: 8 | AT9: 8 | AU9: -4 | AV9: 7 | AW9: 5 | AX9: 13 | AY9: -8 | AZ9: -2 | BA9: -1 | BB9: 10 | BC9: -6 | BD9: 10 | BE9: 4 | BF9: 10
D10: =IF(AVERAGE(F10:BC10)<0,0,AVERAGE(F10:BC10)) -> 6.08 | E10: 407.10681 | F10: 7 | G10: 16 | H10: 15 | I10: 2 | J10: 4 | K10: -2 | L10: -5 | M10: 7 | N10: 2 | O10: 15 | P10: 19 | Q10: 11 | R10: 9 | S10: -3 | T10: 9 | U10: -9 | V10: -5 | W10: 4 | X10: -3 | Y10: 16 | Z10: 33 | AA10: 0 | AB10: 7 | AC10: -2 | AD10: -10 | AE10: -1 | AF10: 4 | AG10: 19 | AH10: 12 | AI10: 10 | AJ10: 11 | AK10: 11 | AL10: 24 | AM10: -2 | AN10: -7 | AO10: -1 | AP10: -1 | AQ10: 13 | AR10: 12 | AS10: 14 | AT10: 13 | AU10: -2 | AV10: 12 | AW10: -3 | AX10: 8 | AY10: 6 | AZ10: -5 | BA10: 12 | BB10: 1 | BC10: 7 | BD10: 14 | BE10: -1 | BF10: 9
D11: =IF(AVERAGE(F11:BC11)<0,0,AVERAGE(F11:BC11)) -> 4.58 | E11: 408.3056 | F11: 2 | G11: 17 | H11: 5 | I11: 0 | J11: -5 | K11: 9 | L11: 20 | M11: 14 | N11: 0 | O11: 24 | P11: -8 | Q11: -4 | R11: 7 | S11: 8 | T11: 1 | U11: -13 | V11: -12 | W11: 0 | X11: 18 | Y11: 17 | Z11: 13 | AA11: 4 | AB11: 1 | AC11: 3 | AD11: 6 | AE11: -4 | AF11: -9 | AG11: 17 | AH11: 19 | AI11: 10 | AJ11: -3 | AK11: 9 | AL11: 11 | AM11: -12 | AN11: 0 | AO11: -10 | AP11: -6 | AQ11: 22 | AR11: 1 | AS11: 5 | AT11: 7 | AU11: 3 | AV11: 0 | AW11: 21 | AX11: 4 | AY11: -11 | AZ11: -6 | BA11: 7 | BB11: 14 | BC11: 13 | BD11: 11 | BE11: 7 | BF11: 25
D12: =IF(AVERAGE(F12:BC12)<0,0,AVERAGE(F12:BC12)) -> 5.42 | E12: 409.50491 | F12: -3 | G12: 4 | H12: 12 | I12: 8 | J12: 21 | K12: 7 | L12: 13 | M12: 11 | N12: 5 | O12: -7 | P12: 20 | Q12: 6 | R12: -2 | S12: -4 | T12: 4 | U12: -2 | V12: -4 | W12: -2 | X12: 5 | Y12: 4 | Z12: 10 | AA12: 11 | AB12: 13 | AC12: -2 | AD12: 21 | AE12: 4 | AF12: 10 | AG12: -6 | AH12: 0 | AI12: 1 | AJ12: -3 | AK12: -8 | AL12: -6 | AM12: 3 | AN12: 16 | AO12: 7 | AP12: -9 | AQ12: -6 | AR12: 15 | AS12: -1 | AT12: 18 | AU12: 3 | AV12: 8 | AW12: 1 | AX12: -4 | AY12: 26 | AZ12: 19 | BA12: 2 | BB12: 12 | BC12: 20 | BD12: 2 | BE12: -13 | BF12: 3
D13: =IF(AVERAGE(F13:BC13)<0,0,AVERAGE(F13:BC13)) -> 3.1 | E13: 410.70471 | F13: 6 | G13: 12 | H13: -3 | I13: 6 | J13: 16 | K13: 16 | L13: 4 | M13: -1 | N13: -1 | O13: 7 | P13: 15 | Q13: -7 | R13: 1 | S13: 5 | T13: -1 | U13: 1 | V13: 0 | W13: -9 | X13: 0 | Y13: 12 | Z13: 4 | AA13: 9 | AB13: 8 | AC13: 12 | AD13: 3 | AE13: -5 | AF13: 1 | AG13: 7 | AH13: 1 | AI13: -6 | AJ13: 6 | AK13: 9 | AL13: -9 | AM13: 2 | AN13: -4 | AO13: 2 | AP13: -2 | AQ13: 7 | AR13: -2 | AS13: -2 | AT13: 6 | AU13: -6 | AV13: 7 | AW13: 9 | AX13: 0 | AY13: -3 | AZ13: 2 | BA13: 4 | BB13: 17 | BC13: -1 | BD13: 15 | BE13: -7 | BF13: 3
D14: =IF(AVERAGE(F14:BC14)<0,0,AVERAGE(F14:BC14)) -> 6.28 | E14: 411.90491 | F14: -2 | G14: 14 | H14: 1 | I14: 14 | J14: 7 | K14: 14 | L14: 25 | M14: -2 | N14: 0 | O14: -11 | P14: 11 | Q14: -10 | R14: -13 | S14: 1 | T14: 0 | U14: 0 | V14: 8 | W14: 14 | X14: 17 | Y14: 14 | Z14: 13 | AA14: 25 | AB14: 16 | AC14: 7 | AD14: 16 | AE14: 17 | AF14: 12 | AG14: -1 | AH14: -7 | AI14: 17 | AJ14: 8 | AK14: 23 | AL14: -6 | AM14: -4 | AN14: 33 | AO14: 3 | AP14: 4 | AQ14: 8 | AR14: -1 | AS14: 5 | AT14: -5 | AU14: -3 | AV14: 14 | AW14: -9 | AX14: 9 | AY14: 12 | AZ14: 11 | BA14: -9 | BB14: 7 | BC14: -3 | BD14: 1 | BE14: 18 | BF14: 5
D15: =IF(AVERAGE(F15:BC15)<0,0,AVERAGE(F15:BC15)) -> 5.94 | E15: 413.10559 | F15: 12 | G15: -3 | H15: 15 | I15: 7 | J15: 17 | K15: 2 | L15: -5 | M15: 2 | N15: 5 | O15: 0 | P15: -1 | Q15: 19 | R15: -7 | S15: 7 | T15: 6 | U15: -5 | V15: -3 | W15: 19 | X15: 10 | Y15: -3 | Z15: 0 | AA15: -2 | AB15: 9 | AC15: 18 | AD15: 9 | AE15: 8 | AF15: 10 | AG15: 15 | AH15: 5 | AI15: 9 | AJ15: 14 | AK15: 9 | AL15: -7 | AM15: -8 | AN15: 0 | AO15: -1 | AP15: -5 | AQ15: 12 | AR15: 7 | AS15: 3 | AT15: 12 | AU15: 7 | AV15: 18 | AW15: 9 | AX15: 2 | AY15: 28 | AZ15: 12 | BA15: 14 | BB15: -4 | BC15: 0 | BD15: -14 | BE15: 7 | BF15: 3
... D464: =IF(AVERAGE(F464:BC464)<0,0,AVERAGE(F464:BC464)) -> 16.54 | E464: 999.65863 | F464: 24 | G464: 8 | H464: 33 | I464: 14 | J464: 25 | K464: 15 | L464: -1 | M464: 2 | N464: 5 | O464: 13 | P464: 23 | Q464: 23 | R464: 29 | S464: 14 | T464: 0 | U464: 28 | V464: 47 | W464: 10 | X464: 22 | Y464: 8 | Z464: 36 | AA464: 9 | AB464: 30 | AC464: 22 | AD464: 10 | AE464: 21 | AF464: 46 | AG464: -3 | AH464: -2 | AI464: 6 | AJ464: 3 | AK464: 11 | AL464: 17 | AM464: 9 | AN464: 20 | AO464: 18 | AP464: 7 | AQ464: 25 | AR464: 29 | AS464: 15 | AT464: 12 | AU464: 30 | AV464: -4 | AW464: 15 | AX464: 30 | AY464: 18 | AZ464: 25 | BA464: 1 | BB464: 19 | BC464: 10 | BD464: 17 | BE464: 3 | BF464: 21

Sheet 50 percent
D5: average intensity from 50 pixels | E5: wavelength (nm) | F5: intensity (a.u.) [each column represents one pixel]
D6: =IF(AVERAGE(F6:BC6)<0,0,AVERAGE(F6:BC6)) -> 0 | E6: 399.9241 | F6: 6 | G6: 4 | H6: -4 | I6: -5 | J6: -14 | K6: -13 | L6: -1 | M6: 0 | N6: -9 | O6: -10 | P6: -2 | Q6: -3 | R6: -5 | S6: -4 | T6: -1 | U6: 4 | V6: 12 | W6: -1 | X6: 8 | Y6: 1 | Z6: 8 | AA6: -3 | AB6: 5 | AC6: -14 | AD6: -12 | AE6: -21 | AF6: 3 | AG6: 4 | AH6: 11 | AI6: 18 | AJ6: -3 | AK6: 2 | AL6: 1 | AM6: 11 | AN6: -26 | AO6: -1 | AP6: 8 | AQ6: -1 | AR6: -1 | AS6: -5 | AT6: -11 | AU6: -8 | AV6: -3 | AW6: -11 | AX6: -5 | AY6: -21 | AZ6: -11 | BA6: 2 | BB6: -11 | BC6: -9 | BD6: -1 | BE6: -3 | BF6: 1
D7: =IF(AVERAGE(F7:BC7)<0,0,AVERAGE(F7:BC7)) -> 0 | E7: 401.12 | F7: 2 | G7: 18 | H7: 8 | I7: 4 | J7: -6 | K7: 6 | L7: -6 | M7: -6 | N7: 1 | O7: 7 | P7: 12 | Q7: 2 | R7: 1 | S7: 1 | T7: -11 | U7: 1 | V7: 5 | W7: 6 | X7: -8 | Y7: 0 | Z7: -9 | AA7: 3 | AB7: 11 | AC7: -2 | AD7: -11 | AE7: -4 | AF7: 7 | AG7: 1 | AH7: -6 | AI7: 10 | AJ7: 4 | AK7: -6 | AL7: -5 | AM7: -6 | AN7: -7 | AO7: -9 | AP7: 10 | AQ7: 2 | AR7: 0 | AS7: -14 | AT7: 0 | AU7: 4 | AV7: -10 | AW7: 8 | AX7: -15 | AY7: 3 | AZ7: -8 | BA7: 1 | BB7: -8 | BC7: 5 | BD7: 2 | BE7: 1 | BF7: -5
D8: =IF(AVERAGE(F8:BC8)<0,0,AVERAGE(F8:BC8)) -> 1.94 | E8: 402.31641 | F8: 8 | G8: 5 | H8: -1 | I8: -5 | J8: 5 | K8: 11 | L8: 8 | M8: 14 | N8: -1 | O8: -2 | P8: 8 | Q8: 10 | R8: 5 | S8: -2 | T8: 9 | U8: 3 | V8: 1 | W8: 7 | X8: 14 | Y8: 10 | Z8: 12 | AA8: -4 | AB8: -12 | AC8: -11 | AD8: 5 | AE8: 9 | AF8: 5 | AG8: -3 | AH8: 3 | AI8: -11 | AJ8: 13 | AK8: 4 | AL8: -2 | AM8: 3 | AN8: -11 | AO8: -5 | AP8: 7 | AQ8: -12 | AR8: -1 | AS8: 4 | AT8: -4 | AU8: 13 | AV8: 0 | AW8: -2 | AX8: -8 | AY8: -10 | AZ8: 2 | BA8: 6 | BB8: 2 | BC8: -2 | BD8: 4 | BE8: -8 | BF8: -1
D9: =IF(AVERAGE(F9:BC9)<0,0,AVERAGE(F9:BC9)) -> 1.06 | E9: 403.51331 | F9: 14 | G9: 2 | H9: -3 | I9: 0 | J9: 8 | K9: -11 | L9: -18 | M9: -16 | N9: -4 | O9: 7 | P9: -3 | Q9: 8 | R9: 10 | S9: 4 | T9: 3 | U9: 7 | V9: -12 | W9: 10 | X9: 14 | Y9: 3 | Z9: -1 | AA9: 11 | AB9: 2 | AC9: -10 | AD9: 6 | AE9: -6 | AF9: -7 | AG9: 4 | AH9: 1 | AI9: -2 | AJ9: 0 | AK9: -1 | AL9: 17 | AM9: 1 | AN9: 1 | AO9: -9 | AP9: 0 | AQ9: -14 | AR9: 4 | AS9: -1 | AT9: -6 | AU9: 16 | AV9: 11 | AW9: -1 | AX9: -4 | AY9: 7 | AZ9: 4 | BA9: 9 | BB9: 4 | BC9: -6 | BD9: 2 | BE9: 4 | BF9: 2
D10: =IF(AVERAGE(F10:BC10)<0,0,AVERAGE(F10:BC10)) -> 0 | E10: 404.7106 | F10: 19 | G10: 6 | H10: -4 | I10: 3 | J10: -2 | K10: -9 | L10: -4 | M10: 3 | N10: -8 | O10: 39 | P10: 21 | Q10: 5 | R10: 1 | S10: 5 | T10: 1 | U10: 3 | V10: 9 | W10: 7 | X10: -3 | Y10: 15 | Z10: 9 | AA10: 20 | AB10: -1 | AC10: 3 | AD10: -15 | AE10: -23 | AF10: -6 | AG10: -6 | AH10: -9 | AI10: -12 | AJ10: -9 | AK10: 3 | AL10: -4 | AM10: -9 | AN10: -7 | AO10: 1 | AP10: -7 | AQ10: -1 | AR10: -14 | AS10: -14 | AT10: 0 | AU10: -4 | AV10: -2 | AW10: -6 | AX10: 13 | AY10: 5 | AZ10: -5 | BA10: -6 | BB10: -5 | BC10: -11 | BD10: -4 | BE10: 6 | BF10: -3
D11: =IF(AVERAGE(F11:BC11)<0,0,AVERAGE(F11:BC11)) -> 0 | E11: 405.90851 | F11: -3 | G11: 0 | H11: -4 | I11: -5 | J11: -6 | K11: -5 | L11: 2 | M11: -18 | N11: 3 | O11: -15 | P11: -1 | Q11: -3 | R11: 0 | S11: -5 | T11: -25 | U11: -11 | V11: -5 | W11: 8 | X11: 4 | Y11: 3 | Z11: 5 | AA11: 9 | AB11: 7 | AC11: -7 | AD11: 1 | AE11: -3 | AF11: -2 | AG11: -1 | AH11: -13 | AI11: -7 | AJ11: -1 | AK11: -3 | AL11: -2 | AM11: -13 | AN11: -14 | AO11: 1 | AP11: -2 | AQ11: 7 | AR11: -4 | AS11: 0 | AT11: 8 | AU11: 6 | AV11: -1 | AW11: 1 | AX11: -17 | AY11: 0 | AZ11: 4 | BA11: 2 | BB11: 4 | BC11: 14 | BD11: 8 | BE11: -5 | BF11: -12
D12: =IF(AVERAGE(F12:BC12)<0,0,AVERAGE(F12:BC12)) -> 0.06 | E12: 407.10681 | F12: 4 | G12: 6 | H12: 1 | I12: 4 | J12: -17 | K12: 9 | L12: 5 | M12: 14 | N12: 8 | O12: -13 | P12: 0 | Q12: 5 | R12: -7 | S12: 6 | T12: -9 | U12: -15 | V12: -18 | W12: 5 | X12: -5 | Y12: 6 | Z12: 3 | AA12: 14 | AB12: 6 | AC12: 2 | AD12: -17 | AE12: -12 | AF12: -2 | AG12: 4 | AH12: -9 | AI12: 8 | AJ12: 8 | AK12: -11 | AL12: 4 | AM12: -9 | AN12: 3 | AO12: 7 | AP12: 4 | AQ12: -1 | AR12: 8 | AS12: -3 | AT12: -15 | AU12: -1 | AV12: 10 | AW12: 2 | AX12: -27 | AY12: -3 | AZ12: 9 | BA12: 16 | BB12: 9 | BC12: 7 | BD12: 7 | BE12: 7 | BF12: -5
D13: =IF(AVERAGE(F13:BC13)<0,0,AVERAGE(F13:BC13)) -> 0 | E13: 408.3056 | F13: 3 | G13: 2 | H13: -29 | I13: -19 | J13: -18 | K13: -21 | L13: -15 | M13: -1 | N13: -17 | O13: 3 | P13: 11 | Q13: 2 | R13: 1 | S13: 2 | T13: 6 | U13: 7 | V13: 7 | W13: 1 | X13: 4 | Y13: -10 | Z13: -5 | AA13: -4 | AB13: -9 | AC13: -12 | AD13: -5 | AE13: 1 | AF13: -8 | AG13: -3 | AH13: -13 | AI13: -8 | AJ13: 12 | AK13: -8 | AL13: 5 | AM13: -13 | AN13: -5 | AO13: -6 | AP13: 2 | AQ13: -7 | AR13: 5 | AS13: 0 | AT13: 7 | AU13: 4 | AV13: 7 | AW13: 9 | AX13: -6 | AY13: 5 | AZ13: 7 | BA13: 7 | BB13: 7 | BC13: -18 | BD13: 9 | BE13: 5 | BF13: 3
D14: =IF(AVERAGE(F14:BC14)<0,0,AVERAGE(F14:BC14)) -> 0 | E14: 409.50491 | F14: -11 | G14: -13 | H14: 5 | I14: 7 | J14: 8 | K14: 11 | L14: 12 | M14: -3 | N14: 15 | O14: -7 | P14: -4 | Q14: 3 | R14: -1 | S14: 0 | T14: 0 | U14: 3 | V14: -2 | W14: 0 | X14: -27 | Y14: 3 | Z14: -18 | AA14: -13 | AB14: -2 | AC14: -18 | AD14: -6 | AE14: -2 | AF14: 3 | AG14: 2 | AH14: -9 | AI14: -4 | AJ14: -12 | AK14: 7 | AL14: -1 | AM14: -9 | AN14: -5 | AO14: -11 | AP14: -4 | AQ14: 12 | AR14: -4 | AS14: -9 | AT14: 1 | AU14: 20 | AV14: -3 | AW14: 2 | AX14: 11 | AY14: -1 | AZ14: 8 | BA14: 9 | BB14: 8 | BC14: 7 | BD14: -3 | BE14: -14 | BF14: -8
D15: =IF(AVERAGE(F15:BC15)<0,0,AVERAGE(F15:BC15)) -> 0 | E15: 410.70471 | F15: 4 | G15: 2 | H15: -2 | I15: -2 | J15: 2 | K15: 7 | L15: 14 | M15: -3 | N15: -7 | O15: 2 | P15: 4 | Q15: 9 | R15: -17 | S15: -8 | T15: -4 | U15: 0 | V15: -14 | W15: -11 | X15: -11 | Y15: 4 | Z15: -8 | AA15: 8 | AB15: 12 | AC15: -17 | AD15: -6 | AE15: 0 | AF15: -8 | AG15: -9 | AH15: -7 | AI15: -9 | AJ15: 9 | AK15: 0 | AL15: 15 | AM15: -7 | AN15: -11 | AO15: 14 | AP15: -2 | AQ15: 6 | AR15: 7 | AS15: 8 | AT15: -2 | AU15: 8 | AV15: 8 | AW15: 7 | AX15: 13 | AY15: -4 | AZ15: -2 | BA15: 0 | BB15: -2 | BC15: -11 | BD15: 5 | BE15: 11 | BF15: 4
D16: =IF(AVERAGE(F16:BC16)<0,0,AVERAGE(F16:BC16)) -> 2.98 | E16: 411.90491 | F16: -9 | G16: 2 | H16: 5 | I16: 14 | J16: 18 | K16: 7 | L16: 16 | M16: -1 | N16: 8 | O16: 3 | P16: 0 | Q16: -9 | R16: 4 | S16: 3 | T16: 2 | U16: 6 | V16: 1 | W16: 1 | X16: -10 | Y16: 11 | Z16: 5 | AA16: -6 | AB16: -15 | AC16: -4 | AD16: 2 | AE16: -2 | AF16: 3 | AG16: 8 | AH16: 2 | AI16: 0 | AJ16: 1 | AK16: -3 | AL16: 1 | AM16: 2 | AN16: 0 | AO16: -4 | AP16: 12 | AQ16: -5 | AR16: 26 | AS16: -3 | AT16: 6 | AU16: 10 | AV16: 20 | AW16: 16 | AX16: 11 | AY16: 8 | AZ16: -3 | BA16: -2 | BB16: -3 | BC16: -6 | BD16: 7 | BE16: 0 | BF16: 8
D17: =IF(AVERAGE(F17:BC17)<0,0,AVERAGE(F17:BC17)) -> 0.14 | E17: 413.10559 | F17: 0 | G17: -4 | H17: 11 | I17: -7 | J17: 7 | K17: -4 | L17: 9 | M17: 10 | N17: 5 | O17: -4 | P17: -9 | Q17: -4 | R17: 14 | S17: 0 | T17: -4 | U17: 3 | V17: -2 | W17: 1 | X17: 5 | Y17: 1 | Z17: 8 | AA17: -10 | AB17: -6 | AC17: -3 | AD17: -6 | AE17: -2 | AF17: -7 | AG17: 3 | AH17: -4 | AI17: -3 | AJ17: 4 | AK17: 0 | AL17: -6 | AM17: -4 | AN17: -15 | AO17: 0 | AP17: -2 | AQ17: 7 | AR17: 3 | AS17: -2 | AT17: 2 | AU17: 8 | AV17: -4 | AW17: 12 | AX17: -2 | AY17: 9 | AZ17: -9 | BA17: 2 | BB17: -9 | BC17: 15 | BD17: -2 | BE17: 4 | BF17: -8
... D466: =IF(AVERAGE(F466:BC466)<0,0,AVERAGE(F466:BC466)) -> 5.04 | E466: 999.65863 | F466: 7 | G466: 10 | H466: -3 | I466: 8 | J466: 5 | K466: -6 | L466: 3 | M466: 10 | N466: 6 | O466: 1 | P466: 3 | Q466: 5 | R466: 3 | S466: 13 | T466: 4 | U466: -1 | V466: 7 | W466: 0 | X466: 18 | Y466: -9 | Z466: 22 | AA466: -5 | AB466: 9 | AC466: 16 | AD466: -2 | AE466: -2 | AF466: 9 | AG466: 5 | AH466: 3 | AI466: 1 | AJ466: 6 | AK466: 9 | AL466: 8 | AM466: 3 | AN466: 5 | AO466: 3 | AP466: 12 | AQ466: -2 | AR466: -1 | AS466: 7 | AT466: 9 | AU466: 8 | AV466: 13 | AW466: 14 | AX466: 9 | AY466: 3 | AZ466: 5 | BA466: -9 | BB466: 5 | BC466: 5 | BD466: 9 | BE466: 10 | BF466: 13

Sheet 100 percent
D5: average intensity from 50 pixels | E5: wavelength (nm) | F5: intensity (a.u.) [each column represents one pixel]
D6: =IF(AVERAGE(F6:BC6)<0,0,AVERAGE(F6:BC6)) -> 0.86 | E6: 399.9241 | F6: -7 | G6: 12 | H6: 6 | I6: -6 | J6: 2 | K6: -2 | L6: 7 | M6: 9 | N6: 15 | O6: 7 | P6: 1 | Q6: 1 | R6: 6 | S6: 8 | T6: 8 | U6: -4 | V6: 1 | W6: -9 | X6: -10 | Y6: -3 | Z6: 12 | AA6: -4 | AB6: 8 | AC6: 2 | AD6: -1 | AE6: 7 | AF6: 12 | AG6: -3 | AH6: -6 | AI6: -6 | AJ6: 6 | AK6: 0 | AL6: -16 | AM6: 6 | AN6: -2 | AO6: 13 | AP6: 3 | AQ6: 11 | AR6: 10 | AS6: 7 | AT6: -8 | AU6: 5 | AV6: -5 | AW6: -9 | AX6: -15 | AY6: -4 | AZ6: -4 | BA6: -11 | BB6: -11 | BC6: 4 | BD6: 3 | BE6: 14 | BF6: 14 | BG6: 1 | BH6: 5 | BI6: 5 | BJ6: 11 | BK6: 1 | BL6: -2 | BM6: -3 | BN6: 13 | BO6: 0 | BP6: -16 | BQ6: -16 | BR6: -6 | BS6: -1 | BT6: 3 | BU6: 0
D7: =IF(AVERAGE(F7:BC7)<0,0,AVERAGE(F7:BC7)) -> 0.24 | E7: 401.12 | F7: -1 | G7: 4 | H7: 8 | I7: -4 | J7: 3 | K7: 2 | L7: 1 | M7: 10 | N7: 5 | O7: 1 | P7: 14 | Q7: 3 | R7: 0 | S7: 7 | T7: -3 | U7: -10 | V7: 3 | W7: 1 | X7: -13 | Y7: 18 | Z7: -16 | AA7: -10 | AB7: 7 | AC7: -8 | AD7: -3 | AE7: 10 | AF7: 5 | AG7: 7 | AH7: 1 | AI7: 9 | AJ7: 7 | AK7: -18 | AL7: -14 | AM7: -3 | AN7: 5 | AO7: 16 | AP7: -8 | AQ7: -5 | AR7: 1 | AS7: -1 | AT7: 7 | AU7: -1 | AV7: -21 | AW7: 8 | AX7: -16 | AY7: 5 | AZ7: 5 | BA7: -7 | BB7: -6 | BC7: 7 | BD7: -2 | BE7: 7 | BF7: 1 | BG7: -3 | BH7: -10 | BI7: -9 | BJ7: 0 | BK7: -3 | BL7: -2 | BM7: -16 | BN7: 1 | BO7: 10 | BP7: 3 | BQ7: -6 | BR7: -21 | BS7: 11 | BT7: 18 | BU7: -18
D8: =IF(AVERAGE(F8:BC8)<0,0,AVERAGE(F8:BC8)) -> 1.62 | E8: 402.31641 | F8: -1 | G8: -3 | H8: 11 | I8: -13 | J8: 3 | K8: -4 | L8: -9 | M8: 1 | N8: 15 | O8: 12 | P8: -10 | Q8: 9 | R8: -5 | S8: -1 | T8: -1 | U8: 15 | V8: 9 | W8: 11 | X8: -8 | Y8: 4 | Z8: -2 | AA8: 15 | AB8: -1 | AC8: 1 | AD8: -2 | AE8: -16 | AF8: -4 | AG8: -17 | AH8: -5 | AI8: -4 | AJ8: 8 | AK8: -8 | AL8: -10 | AM8: 4 | AN8: 6 | AO8: -6 | AP8: 0 | AQ8: -4 | AR8: 24 | AS8: -2 | AT8: 18 | AU8: 11 | AV8: 3 | AW8: -2 | AX8: 9 | AY8: 0 | AZ8: 7 | BA8: 7 | BB8: 0 | BC8: 16 | BD8: -10 | BE8: 6 | BF8: -13 | BG8: 11 | BH8: 21 | BI8: 25 | BJ8: -10 | BK8: -6 | BL8: 3 | BM8: -1 | BN8: 10 | BO8: -5 | BP8: -3 | BQ8: 1 | BR8: -5 | BS8: -3 | BT8: -16 | BU8: -4
D9: =IF(AVERAGE(F9:BC9)<0,0,AVERAGE(F9:BC9)) -> 0.42 | E9: 403.51331 | F9: -14 | G9: 12 | H9: 10 | I9: -5 | J9: -5 | K9: 0 | L9: 2 | M9: -6 | N9: 14 | O9: -12 | P9: -7 | Q9: -6 | R9: -6 | S9: -14 | T9: 8 | U9: 8 | V9: -6 | W9: -3 | X9: 1 | Y9: 16 | Z9: 17 | AA9: 8 | AB9: -14 | AC9: 28 | AD9: 15 | AE9: -7 | AF9: 9 | AG9: -9 | AH9: -11 | AI9: 6 | AJ9: -2 | AK9: -11 | AL9: -5 | AM9: 4 | AN9: -9 | AO9: -11 | AP9: 3 | AQ9: 2 | AR9: 7 | AS9: -4 | AT9: 4 | AU9: 2 | AV9: -1 | AW9: 12 | AX9: -3 | AY9: 21 | AZ9: 6 | BA9: -9 | BB9: -2 | BC9: -12 | BD9: -4 | BE9: 18 | BF9: 10 | BG9: -1 | BH9: -8 | BI9: -5 | BJ9: -10 | BK9: 15 | BL9: 5 | BM9: -8 | BN9: 7 | BO9: 9 | BP9: 1 | BQ9: -11 | BR9: 10 | BS9: 9 | BT9: 6 | BU9: 24
D10: =IF(AVERAGE(F10:BC10)<0,0,AVERAGE(F10:BC10)) -> 0.8 | E10: 404.7106 | F10: 2 | G10: 6 | H10: 10 | I10: 3 | J10: 3 | K10: 4 | L10: -2 | M10: 10 | N10: 7 | O10: 8 | P10: -24 | Q10: 2 | R10: 0 | S10: 3 | T10: 2 | U10: -8 | V10: 2 | W10: -16 | X10: 5 | Y10: 13 | Z10: -7 | AA10: -8 | AB10: 3 | AC10: -2 | AD10: 15 | AE10: -1 | AF10: 6 | AG10: 1 | AH10: -8 | AI10: -4 | AJ10: -11 | AK10: 2 | AL10: -4 | AM10: -1 | AN10: -10 | AO10: -9 | AP10: 15 | AQ10: 20 | AR10: 12 | AS10: -3 | AT10: -15 | AU10: 0 | AV10: 11 | AW10: 0 | AX10: -6 | AY10: -8 | AZ10: 6 | BA10: 2 | BB10: 18 | BC10: -4 | BD10: -1 | BE10: 3 | BF10: 12 | BG10: -10 | BH10: -4 | BI10: -3 | BJ10: 3 | BK10: 10 | BL10: 3 | BM10: 2 | BN10: -9 | BO10: -1 | BP10: 11 | BQ10: 3 | BR10: -5 | BS10: 7 | BT10: -4 | BU10: 4
D11: =IF(AVERAGE(F11:BC11)<0,0,AVERAGE(F11:BC11)) -> 0.16 | E11: 405.90851 | F11: 0 | G11: -18 | H11: 4 | I11: -5 | J11: -14 | K11: 8 | L11: 1 | M11: -14 | N11: 3 | O11: -4 | P11: -5 | Q11: -5 | R11: 12 | S11: 2 | T11: 0 | U11: 8 | V11: -5 | W11: 18 | X11: 10 | Y11: 8 | Z11: 3 | AA11: 8 | AB11: 2 | AC11: 1 | AD11: 7 | AE11: -14 | AF11: 11 | AG11: -6 | AH11: 8 | AI11: 5 | AJ11: 4 | AK11: -5 | AL11: 0 | AM11: -12 | AN11: -5 | AO11: 3 | AP11: 0 | AQ11: -5 | AR11: 9 | AS11: 0 | AT11: -3 | AU11: -4 | AV11: 1 | AW11: -4 | AX11: 2 | AY11: 1 | AZ11: -7 | BA11: 4 | BB11: -6 | BC11: 6 | BD11: 0 | BE11: 8 | BF11: 21 | BG11: 3 | BH11: 6 | BI11: -14 | BJ11: 11 | BK11: -6 | BL11: -4 | BM11: -2 | BN11: -6 | BO11: 9 | BP11: 8 | BQ11: 2 | BR11: -8 | BS11: -4 | BT11: -3 | BU11: -6
D12: =IF(AVERAGE(F12:BC12)<0,0,AVERAGE(F12:BC12)) -> 0 | E12: 407.10681 | F12: -7 | G12: 8 | H12: -2 | I12: -5 | J12: -8 | K12: -3 | L12: 3 | M12: 10 | N12: -5 | O12: -15 | P12: 1 | Q12: 6 | R12: -6 | S12: 3 | T12: 3 | U12: 6 | V12: 6 | W12: 16 | X12: -7 | Y12: -7 | Z12: 7 | AA12: 6 | AB12: 3 | AC12: -13 | AD12: -15 | AE12: -5 | AF12: -21 | AG12: -2 | AH12: 19 | AI12: 2 | AJ12: 1 | AK12: -10 | AL12: 12 | AM12: 7 | AN12: -9 | AO12: 1 | AP12: 8 | AQ12: -8 | AR12: -1 | AS12: 0 | AT12: 3 | AU12: 1 | AV12: 3 | AW12: 3 | AX12: 0 | AY12: 4 | AZ12: -7 | BA12: -5 | BB12: -6 | BC12: 9 | BD12: 4 | BE12: -1 | BF12: 10 | BG12: -8 | BH12: -10 | BI12: -17 | BJ12: 9 | BK12: -10 | BL12: -9 | BM12: -1 | BN12: 9 | BO12: 11 | BP12: 12 | BQ12: 11 | BR12: -4 | BS12: -5 | BT12: 6 | BU12: -8
D13: =IF(AVERAGE(F13:BC13)<0,0,AVERAGE(F13:BC13)) -> 0.42 | E13: 408.3056 | F13: 9 | G13: 2 | H13: -4 | I13: -4 | J13: -16 | K13: -7 | L13: 9 | M13: 5 | N13: -10 | O13: 3 | P13: -2 | Q13: -16 | R13: 8 | S13: 1 | T13: 13 | U13: 3 | V13: -16 | W13: -8 | X13: -5 | Y13: -3 | Z13: 5 | AA13: 3 | AB13: 1 | AC13: 14 | AD13: 15 | AE13: -2 | AF13: 21 | AG13: -10 | AH13: 2 | AI13: -9 | AJ13: -12 | AK13: -1 | AL13: 0 | AM13: -21 | AN13: -1 | AO13: -5 | AP13: 6 | AQ13: -4 | AR13: 0 | AS13: 8 | AT13: -1 | AU13: 8 | AV13: 22 | AW13: -4 | AX13: 19 | AY13: -10 | AZ13: 12 | BA13: -8 | BB13: -2 | BC13: 13 | BD13: -4 | BE13: 12 | BF13: -3 | BG13: 15 | BH13: -2 | BI13: -4 | BJ13: -3 | BK13: 4 | BL13: 5 | BM13: -9 | BN13: -11 | BO13: -1 | BP13: 10 | BQ13: 6 | BR13: 11 | BS13: -1 | BT13: -1 | BU13: 9
D14: =IF(AVERAGE(F14:BC14)<0,0,AVERAGE(F14:BC14)) -> 1.46 | E14: 409.50491 | F14: 10 | G14: 7 | H14: 0 | I14: 17 | J14: 4 | K14: -5 | L14: 0 | M14: -11 | N14: -10 | O14: -1 | P14: 6 | Q14: -14 | R14: 3 | S14: 4 | T14: 2 | U14: 7 | V14: -14 | W14: -7 | X14: -6 | Y14: 2 | Z14: -10 | AA14: 7 | AB14: 4 | AC14: -2 | AD14: 2 | AE14: -8 | AF14: 1 | AG14: -1 | AH14: 6 | AI14: 4 | AJ14: 21 | AK14: 2 | AL14: 22 | AM14: 4 | AN14: -3 | AO14: -4 | AP14: 7 | AQ14: 7 | AR14: 12 | AS14: -3 | AT14: 0 | AU14: 11 | AV14: -3 | AW14: 4 | AX14: -10 | AY14: 10 | AZ14: 12 | BA14: -19 | BB14: 1 | BC14: 5 | BD14: 1 | BE14: -23 | BF14: -6 | BG14: 6 | BH14: 0 | BI14: 2 | BJ14: -4 | BK14: -2 | BL14: -9 | BM14: 4 | BN14: -1 | BO14: -15 | BP14: -16 | BQ14: -6 | BR14: -6 | BS14: -8 | BT14: 4 | BU14: -12
D15: =IF(AVERAGE(F15:BC15)<0,0,AVERAGE(F15:BC15)) -> 2.44 | E15: 410.70471 | F15: 16 | G15: 5 | H15: 1 | I15: 17 | J15: 17 | K15: 5 | L15: 12 | M15: 6 | N15: 6 | O15: 3 | P15: 4 | Q15: -1 | R15: 5 | S15: 2 | T15: 2 | U15: 13 | V15: -1 | W15: 6 | X15: 4 | Y15: -14 | Z15: 13 | AA15: 13 | AB15: 2 | AC15: 3 | AD15: -1 | AE15: 6 | AF15: 10 | AG15: -12 | AH15: 4 | AI15: 11 | AJ15: -10 | AK15: 8 | AL15: -3 | AM15: 3 | AN15: 0 | AO15: 0 | AP15: -2 | AQ15: 2 | AR15: 0 | AS15: -7 | AT15: 4 | AU15: 2 | AV15: 2 | AW15: -5 | AX15: -11 | AY15: 8 | AZ15: -10 | BA15: -9 | BB15: -10 | BC15: 3 | BD15: 14 | BE15: 3 | BF15: -3 | BG15: 1 | BH15: -13 | BI15: -3 | BJ15: -10 | BK15: 9 | BL15: 2 | BM15: 5 | BN15: 8 | BO15: 12 | BP15: 14 | BQ15: -10 | BR15: 7 | BS15: 10 | BT15: 1 | BU15: 15
D16: =IF(AVERAGE(F16:BC16)<0,0,AVERAGE(F16:BC16)) -> 0 | E16: 411.90491 | F16: -4 | G16: 19 | H16: 1 | I16: -8 | J16: -8 | K16: 0 | L16: 6 | M16: -3 | N16: -4 | O16: -5 | P16: 11 | Q16: -10 | R16: -7 | S16: -5 | T16: 8 | U16: 2 | V16: -10 | W16: -11 | X16: 1 | Y16: 7 | Z16: 7 | AA16: 2 | AB16: -5 | AC16: 9 | AD16: -4 | AE16: -3 | AF16: -6 | AG16: -14 | AH16: 1 | AI16: 3 | AJ16: -2 | AK16: -21 | AL16: 1 | AM16: 1 | AN16: 0 | AO16: -1 | AP16: -4 | AQ16: -5 | AR16: 2 | AS16: -14 | AT16: 3 | AU16: 5 | AV16: -2 | AW16: 4 | AX16: 0 | AY16: 0 | AZ16: 4 | BA16: 0 | BB16: -8 | BC16: 6 | BD16: 4 | BE16: 6 | BF16: 5 | BG16: -1 | BH16: 12 | BI16: 3 | BJ16: -4 | BK16: 20 | BL16: 0 | BM16: 13 | BN16: -5 | BO16: -4 | BP16: -11 | BQ16: 12 | BR16: -7 | BS16: 4 | BT16: 9 | BU16: -10
D17: =IF(AVERAGE(F17:BC17)<0,0,AVERAGE(F17:BC17)) -> 0 | E17: 413.10559 | F17: 2 | G17: -4 | H17: -5 | I17: -2 | J17: 3 | K17: -5 | L17: 7 | M17: -7 | N17: 1 | O17: 13 | P17: -4 | Q17: 2 | R17: 0 | S17: 9 | T17: -8 | U17: -19 | V17: 2 | W17: 0 | X17: 5 | Y17: 2 | Z17: 2 | AA17: -19 | AB17: 9 | AC17: 5 | AD17: 10 | AE17: 6 | AF17: 0 | AG17: -3 | AH17: -7 | AI17: -5 | AJ17: -5 | AK17: 3 | AL17: -8 | AM17: 0 | AN17: 2 | AO17: -8 | AP17: 14 | AQ17: -1 | AR17: 3 | AS17: -3 | AT17: 8 | AU17: -15 | AV17: -14 | AW17: 2 | AX17: -21 | AY17: 13 | AZ17: -20 | BA17: -7 | BB17: -24 | BC17: 5 | BD17: 0 | BE17: 2 | BF17: -3 | BG17: -2 | BH17: -14 | BI17: -7 | BJ17: -8 | BK17: 13 | BL17: -1 | BM17: -12 | BN17: 17 | BO17: -14 | BP17: 3 | BQ17: -8 | BR17: -10 | BS17: 8 | BT17: 2 | BU17: -1
... D466: =IF(AVERAGE(F466:BC466)<0,0,AVERAGE(F466:BC466)) -> 4.38 | E466: 999.65863 | F466: -2 | G466: 4 | H466: 9 | I466: 10 | J466: 11 | K466: 2 | L466: 11 | M466: -1 | N466: 10 | O466: 16 | P466: 7 | Q466: 4 | R466: 16 | S466: 14 | T466: 11 | U466: 10 | V466: 4 | W466: 7 | X466: 9 | Y466: -9 | Z466: 12 | AA466: 10 | AB466: 14 | AC466: 15 | AD466: 3 | AE466: 14 | AF466: -2 | AG466: 18 | AH466: 5 | AI466: 7 | AJ466: -2 | AK466: -12 | AL466: -7 | AM466: 3 | AN466: 13 | AO466: 1 | AP466: 17 | AQ466: -4 | AR466: 8 | AS466: 4 | AT466: -5 | AU466: -2 | AV466: -1 | AW466: 4 | AX466: 1 | AY466: -4 | AZ466: -16 | BA466: -2 | BB466: -5 | BC466: -11 | BD466: 10 | BE466: 1 | BF466: 11 | BG466: 7 | BH466: -5 | BI466: 0 | BJ466: 14 | BK466: 20 | BL466: 10 | BM466: 0 | BN466: 2 | BO466: 7 | BP466: 2 | BQ466: 11 | BR466: 5 | BS466: 3 | BT466: -2 | BU466: 4

Sheet PS unstained
D2: average intensity from 50 pixels | E2: wavelength (nm) | F2: intensity (a.u.) [each column represents one pixel]
D3: =AVERAGE(F3:BC3) -> 10.02 | E3: 399.9241 | F3: 6 | G3: 12 | H3: 24 | I3: 17 | J3: 9 | K3: 9 | L3: 12 | M3: 27 | N3: 1 | O3: 5 | P3: 8 | Q3: 18 | R3: 5 | S3: 5 | T3: 11 | U3: 6 | V3: 16 | W3: -7 | X3: 0 | Y3: -9 | Z3: 5 | AA3: 3 | AB3: 0 | AC3: 9 | AD3: 40 | AE3: 34 | AF3: 5 | AG3: 3 | AH3: 13 | AI3: -4 | AJ3: 1 | AK3: 28 | AL3: -1 | AM3: 13 | AN3: 20 | AO3: 23 | AP3: 17 | AQ3: 22 | AR3: 12 | AS3: 7 | AT3: 10 | AU3: 5 | AV3: -6 | AW3: 8 | AX3: 23 | AY3: 13 | AZ3: -11 | BA3: 21 | BB3: 9 | BC3: 4 | BD3: 1 | BE3: 11 | BF3: 17 | BG3: 18
D4: =AVERAGE(F4:BC4) -> 12.44 | E4: 401.12 | F4: -7 | G4: 6 | H4: 31 | I4: -1 | J4: -3 | K4: 27 | L4: 29 | M4: 9 | N4: 14 | O4: -1 | P4: 6 | Q4: 19 | R4: 14 | S4: 22 | T4: 10 | U4: 8 | V4: 22 | W4: 8 | X4: 14 | Y4: 16 | Z4: 16 | AA4: 21 | AB4: 21 | AC4: -3 | AD4: 13 | AE4: -2 | AF4: 2 | AG4: 5 | AH4: 10 | AI4: 5 | AJ4: 4 | AK4: 23 | AL4: 11 | AM4: 15 | AN4: 24 | AO4: 25 | AP4: 23 | AQ4: 28 | AR4: 32 | AS4: 13 | AT4: 13 | AU4: 4 | AV4: 13 | AW4: 14 | AX4: 24 | AY4: 12 | AZ4: -7 | BA4: 13 | BB4: 0 | BC4: 7 | BD4: -2 | BE4: 10 | BF4: 5 | BG4: 20
D5: =AVERAGE(F5:BC5) -> 12.28 | E5: 402.31641 | F5: 0 | G5: 26 | H5: 5 | I5: 18 | J5: 2 | K5: 24 | L5: 26 | M5: 13 | N5: 14 | O5: 26 | P5: 2 | Q5: 15 | R5: 11 | S5: 22 | T5: 22 | U5: 18 | V5: 20 | W5: 5 | X5: -6 | Y5: 2 | Z5: 12 | AA5: 29 | AB5: 0 | AC5: 2 | AD5: 27 | AE5: 2 | AF5: -12 | AG5: 16 | AH5: -1 | AI5: 6 | AJ5: 16 | AK5: 28 | AL5: 13 | AM5: 21 | AN5: 22 | AO5: 19 | AP5: 34 | AQ5: 3 | AR5: 22 | AS5: 19 | AT5: 22 | AU5: 11 | AV5: 3 | AW5: 21 | AX5: -13 | AY5: 15 | AZ5: -8 | BA5: -2 | BB5: 3 | BC5: 19 | BD5: 6 | BE5: -5 | BF5: 1 | BG5: 1
D6: =AVERAGE(F6:BC6) -> 16.58 | E6: 403.51331 | F6: 10 | G6: 13 | H6: 36 | I6: 12 | J6: 23 | K6: 9 | L6: 21 | M6: -19 | N6: 12 | O6: 8 | P6: 11 | Q6: 5 | R6: 13 | S6: 27 | T6: -2 | U6: 38 | V6: 24 | W6: 18 | X6: -3 | Y6: 14 | Z6: 17 | AA6: 24 | AB6: 3 | AC6: 6 | AD6: 21 | AE6: 30 | AF6: 24 | AG6: 12 | AH6: 29 | AI6: 25 | AJ6: 17 | AK6: 40 | AL6: 6 | AM6: 20 | AN6: 24 | AO6: 41 | AP6: 29 | AQ6: 27 | AR6: 40 | AS6: 2 | AT6: 18 | AU6: 17 | AV6: -1 | AW6: 1 | AX6: 18 | AY6: 14 | AZ6: -2 | BA6: 16 | BB6: 22 | BC6: 19 | BD6: 2 | BE6: -4 | BF6: 11 | BG6: 12
D7: =AVERAGE(F7:BC7) -> 15 | E7: 404.7106 | F7: 8 | G7: 27 | H7: 11 | I7: 24 | J7: 10 | K7: 15 | L7: 24 | M7: 19 | N7: 38 | O7: 14 | P7: 14 | Q7: 4 | R7: 0 | S7: 7 | T7: -4 | U7: 18 | V7: 17 | W7: 2 | X7: 14 | Y7: 13 | Z7: -1 | AA7: 11 | AB7: 3 | AC7: 8 | AD7: 25 | AE7: 27 | AF7: 10 | AG7: -7 | AH7: -1 | AI7: 10 | AJ7: 10 | AK7: 47 | AL7: 32 | AM7: 31 | AN7: 28 | AO7: 14 | AP7: 16 | AQ7: 42 | AR7: 25 | AS7: 16 | AT7: 13 | AU7: 6 | AV7: 17 | AW7: 17 | AX7: 12 | AY7: 17 | AZ7: 1 | BA7: 16 | BB7: 16 | BC7: 14 | BD7: 11 | BE7: 3 | BF7: 21 | BG7: 22
D8: =AVERAGE(F8:BC8) -> 18.78 | E8: 405.90851 | F8: 19 | G8: 38 | H8: 47 | I8: 20 | J8: 11 | K8: 25 | L8: 22 | M8: 13 | N8: 0 | O8: 1 | P8: 16 | Q8: 30 | R8: 20 | S8: 2 | T8: 20 | U8: -2 | V8: 36 | W8: 17 | X8: 0 | Y8: 12 | Z8: 5 | AA8: 24 | AB8: 19 | AC8: 12 | AD8: 24 | AE8: 24 | AF8: 9 | AG8: 20 | AH8: -2 | AI8: 3 | AJ8: 9 | AK8: 26 | AL8: 16 | AM8: 38 | AN8: 25 | AO8: 39 | AP8: 38 | AQ8: 32 | AR8: 33 | AS8: 32 | AT8: 20 | AU8: 20 | AV8: 3 | AW8: 22 | AX8: 33 | AY8: 3 | AZ8: 30 | BA8: 2 | BB8: 5 | BC8: 28 | BD8: 1 | BE8: 16 | BF8: 20 | BG8: 17
D9: =AVERAGE(F9:BC9) -> 19.46 | E9: 407.10681 | F9: 5 | G9: 31 | H9: 17 | I9: 21 | J9: 3 | K9: 12 | L9: 23 | M9: -8 | N9: 50 | O9: 17 | P9: 15 | Q9: -4 | R9: 16 | S9: 32 | T9: 21 | U9: 32 | V9: 29 | W9: 19 | X9: 8 | Y9: -3 | Z9: 0 | AA9: 26 | AB9: 9 | AC9: 17 | AD9: 22 | AE9: 21 | AF9: 16 | AG9: 20 | AH9: 7 | AI9: 19 | AJ9: 32 | AK9: 27 | AL9: 30 | AM9: 39 | AN9: 25 | AO9: 47 | AP9: 16 | AQ9: 42 | AR9: 31 | AS9: 21 | AT9: 8 | AU9: 42 | AV9: 6 | AW9: 18 | AX9: 27 | AY9: 25 | AZ9: -1 | BA9: 16 | BB9: 12 | BC9: 17 | BD9: 1 | BE9: 19 | BF9: 20 | BG9: 4
D10: =AVERAGE(F10:BC10) -> 20.42 | E10: 408.3056 | F10: 13 | G10: 22 | H10: 49 | I10: 20 | J10: 36 | K10: 21 | L10: 26 | M10: 30 | N10: 17 | O10: 0 | P10: 23 | Q10: 7 | R10: 10 | S10: 10 | T10: 11 | U10: 16 | V10: 40 | W10: -1 | X10: -4 | Y10: 6 | Z10: -3 | AA10: 35 | AB10: 14 | AC10: 2 | AD10: 30 | AE10: 5 | AF10: 21 | AG10: 20 | AH10: 8 | AI10: -9 | AJ10: -1 | AK10: 38 | AL10: 20 | AM10: 33 | AN10: 49 | AO10: 43 | AP10: 47 | AQ10: 40 | AR10: 51 | AS10: 10 | AT10: 23 | AU10: 40 | AV10: 3 | AW10: 24 | AX10: 25 | AY10: 34 | AZ10: 12 | BA10: 28 | BB10: 15 | BC10: 12 | BD10: 10 | BE10: 9 | BF10: 17 | BG10: 10
D11: =AVERAGE(F11:BC11) -> 24.16 | E11: 409.50491 | F11: 14 | G11: 36 | H11: 21 | I11: 43 | J11: 14 | K11: 45 | L11: 35 | M11: 24 | N11: 32 | O11: 18 | P11: 0 | Q11: 1 | R11: 1 | S11: 14 | T11: 33 | U11: 20 | V11: 34 | W11: 14 | X11: 18 | Y11: 13 | Z11: 34 | AA11: 28 | AB11: 14 | AC11: 29 | AD11: 19 | AE11: 34 | AF11: 4 | AG11: 4 | AH11: 3 | AI11: 20 | AJ11: 20 | AK11: 39 | AL11: 40 | AM11: 44 | AN11: 17 | AO11: 36 | AP11: 35 | AQ11: 37 | AR11: 41 | AS11: 22 | AT11: 46 | AU11: 39 | AV11: 7 | AW11: 35 | AX11: 35 | AY11: 36 | AZ11: 8 | BA11: 14 | BB11: 18 | BC11: 20 | BD11: 24 | BE11: -1 | BF11: 16 | BG11: 27
D12: =AVERAGE(F12:BC12) -> 22.68 | E12: 410.70471 | F12: 8 | G12: 42 | H12: 42 | I12: 16 | J12: 9 | K12: 48 | L12: 27 | M12: 32 | N12: 34 | O12: 32 | P12: 12 | Q12: 11 | R12: 0 | S12: 16 | T12: 28 | U12: 24 | V12: 31 | W12: -2 | X12: 10 | Y12: -4 | Z12: 21 | AA12: 25 | AB12: 4 | AC12: 5 | AD12: 40 | AE12: 30 | AF12: 13 | AG12: 8 | AH12: 7 | AI12: 4 | AJ12: 15 | AK12: 60 | AL12: 19 | AM12: 21 | AN12: 42 | AO12: 46 | AP12: 48 | AQ12: 56 | AR12: 51 | AS12: 19 | AT12: 20 | AU12: 33 | AV12: 19 | AW12: 23 | AX12: 36 | AY12: 1 | AZ12: 4 | BA12: 18 | BB12: 5 | BC12: 25 | BD12: -9 | BE12: -3 | BF12: 8 | BG12: 15
D13: =AVERAGE(F13:BC13) -> 24.58 | E13: 411.90491 | F13: 22 | G13: 47 | H13: 48 | I13: 44 | J13: 21 | K13: 20 | L13: 16 | M13: 21 | N13: 27 | O13: 11 | P13: 18 | Q13: 6 | R13: 2 | S13: -1 | T13: 20 | U13: 22 | V13: 32 | W13: 29 | X13: 5 | Y13: 2 | Z13: 28 | AA13: 29 | AB13: 18 | AC13: 3 | AD13: 25 | AE13: 33 | AF13: 37 | AG13: 30 | AH13: 0 | AI13: 14 | AJ13: 22 | AK13: 45 | AL13: 37 | AM13: 43 | AN13: 42 | AO13: 51 | AP13: 38 | AQ13: 50 | AR13: 41 | AS13: 37 | AT13: 24 | AU13: 44 | AV13: -1 | AW13: 27 | AX13: 20 | AY13: 18 | AZ13: -14 | BA13: 21 | BB13: 24 | BC13: 31 | BD13: -4 | BE13: 13 | BF13: 7 | BG13: 20
D14: =AVERAGE(F14:BC14) -> 29.46 | E14: 413.10559 | F14: 10 | G14: 41 | H14: 47 | I14: 25 | J14: 40 | K14: 39 | L14: 56 | M14: 33 | N14: 53 | O14: 29 | P14: 26 | Q14: 11 | R14: 18 | S14: 2 | T14: 21 | U14: 29 | V14: 24 | W14: 18 | X14: 11 | Y14: 15 | Z14: 23 | AA14: 48 | AB14: 31 | AC14: 11 | AD14: 51 | AE14: 39 | AF14: 18 | AG14: 2 | AH14: 0 | AI14: 22 | AJ14: -2 | AK14: 41 | AL14: 40 | AM14: 39 | AN14: 47 | AO14: 44 | AP14: 38 | AQ14: 53 | AR14: 36 | AS14: 35 | AT14: 44 | AU14: 51 | AV14: 26 | AW14: 20 | AX14: 30 | AY14: 42 | AZ14: 20 | BA14: 33 | BB14: 23 | BC14: 20 | BD14: 10 | BE14: 9 | BF14: 30 | BG14: 25
... D463: =AVERAGE(F463:BC463) -> 62.38 | E463: 999.65863 | F463: 49 | G463: 120 | H463: 90 | I463: 79 | J463: 106 | K463: 80 | L463: 66 | M463: 63 | N463: 53 | O463: 47 | P463: 70 | Q463: 67 | R463: 21 | S463: 62 | T463: 39 | U463: 53 | V463: 49 | W463: 41 | X463: 37 | Y463: 44 | Z463: 59 | AA463: 52 | AB463: 33 | AC463: 55 | AD463: 96 | AE463: 73 | AF463: 45 | AG463: 55 | AH463: 40 | AI463: 77 | AJ463: 73 | AK463: 83 | AL463: 54 | AM463: 86 | AN463: 83 | AO463: 114 | AP463: 112 | AQ463: 107 | AR463: 83 | AS463: 68 | AT463: 97 | AU463: 68 | AV463: 42 | AW463: 42 | AX463: 20 | AY463: 34 | AZ463: 16 | BA463: 35 | BB463: 44 | BC463: 37 | BD463: 1 | BE463: 36 | BF463: 49 | BG463: 56
