Workbook

Sheet raw data biomass
A1: X value [cmâ»Â¹] | B1: IR Spectrum 11/OPTIR (mV) [] | C1: IR Spectrum 10/OPTIR (mV) [] | D1: IR Spectrum 9/OPTIR (mV) [] | E1: IR Spectrum 8/OPTIR (mV) [] | F1: IR Spectrum 5/OPTIR (mV) [] | G1: IR Spectrum 4/OPTIR (mV) [] | H1: IR Spectrum 3/OPTIR (mV) []
A2: 940 | B2: 2.1222334 | C2: 0.46258065 | D2: 0.12888481 | E2: 0.065574996 | F2: 0.43785843 | G2: 0.38072518 | H2: 0.26106188
A3: 942 | B3: 2.0639648 | C3: 0.40936127 | D3: 0.24868369 | E3: 0.041820966 | F3: 0.57321626 | G3: 0.37052459 | H3: 0.36766008
A4: 944 | B4: 2.1260552 | C4: 0.46813056 | D4: 0.29455876 | E4: 0.1145611 | F4: 0.49375963 | G4: 0.36873764 | H4: 0.30580166
A5: 946 | B5: 2.1398621 | C5: 0.48850098 | D5: 0.27874872 | E5: 0.12500601 | F5: 0.48007435 | G5: 0.41145179 | H5: 0.2516588
A6: 948 | B6: 2.1547906 | C6: 0.50221008 | D6: 0.27174371 | E6: 0.1604245 | F6: 0.62112039 | G6: 0.44664395 | H6: 0.23980513
A7: 950 | B7: 2.1355896 | C7: 0.52362496 | D7: 0.32681546 | E7: 0.19044071 | F7: 0.66609329 | G7: 0.48917574 | H7: 0.2381715
A8: 952 | B8: 2.0686355 | C8: 0.56769091 | D8: 0.33522657 | E8: 0.20155714 | F8: 0.69403481 | G8: 0.46330723 | H8: 0.24209537
A9: 954 | B9: 2.1935198 | C9: 0.61476636 | D9: 0.3744373 | E9: 0.23348993 | F9: 0.7314437 | G9: 0.50839961 | H9: 0.24212827
A10: 956 | B10: 2.2883439 | C10: 0.61800551 | D10: 0.39217132 | E10: 0.25524011 | F10: 0.77880979 | G10: 0.56961328 | H10: 0.2894235
A11: 958 | B11: 2.2683649 | C11: 0.64434135 | D11: 0.41196734 | E11: 0.26413792 | F11: 0.77563322 | G11: 0.6103161 | H11: 0.33901125
A12: 960 | B12: 2.2069805 | C12: 0.65728658 | D12: 0.42888924 | E12: 0.30901536 | F12: 0.76946133 | G12: 0.64472806 | H12: 0.34143862
A13: 962 | B13: 2.1689281 | C13: 0.66533631 | D13: 0.41910452 | E13: 0.33277282 | F13: 0.77582991 | G13: 0.66245753 | H13: 0.3396734
... A587: 2998 | B587: 0.5650053 | C587: -0.2579425 | D587: -0.48994586 | E587: -0.5397383 | F587: 0.39001191 | G587: -0.26453644 | H587: 0.050821871

Sheet Figure S12J
A1: This data here is copied from the raw data biomass sheet. It is the IR data from the red points shown in Figure S12F. | J1: Maximum intensity from Column K (mV): | K1: =MAX(K3:K588) -> 7.8639954 | L1: =MAX(L3:L588) -> 1
A2: Wavenumber (cm-1) | B2: IR Spectrum 11/OPTIR (mV) [] | C2: IR Spectrum 10/OPTIR (mV) [] | D2: IR Spectrum 9/OPTIR (mV) [] | E2: IR Spectrum 8/OPTIR (mV) [] | F2: IR Spectrum 5/OPTIR (mV) [] | G2: IR Spectrum 4/OPTIR (mV) [] | H2: IR Spectrum 3/OPTIR (mV) [] | J2: Wavenumber (cm-1) | K2: average intensity (mV) | L2: The values here have been normalized against the max intensity. For example, the intensity for the wavenumber of 940 was divided by the maximum intensity, i.e. K3/k1. Likewise, the remaining data was normalized.
A3: 940 | B3: 2.1222334 | C3: 0.46258065 | D3: 0.12888481 | E3: 0.065574996 | F3: 0.43785843 | G3: 0.38072518 | H3: 0.26106188 | J3: 940 | K3: =AVERAGE(B3:H3) -> 0.55127419 | L3: =K3/$K$1 -> 0.070101031
A4: 942 | B4: 2.0639648 | C4: 0.40936127 | D4: 0.24868369 | E4: 0.041820966 | F4: 0.57321626 | G4: 0.37052459 | H4: 0.36766008 | J4: 942 | K4: =AVERAGE(B4:H4) -> 0.58217596 | L4: =K4/$K$1 -> 0.074030556
A5: 944 | B5: 2.1260552 | C5: 0.46813056 | D5: 0.29455876 | E5: 0.1145611 | F5: 0.49375963 | G5: 0.36873764 | H5: 0.30580166 | J5: 944 | K5: =AVERAGE(B5:H5) -> 0.59594351 | L5: =K5/$K$1 -> 0.075781264 | N5: Graph plotted using normalized intensity values
A6: 946 | B6: 2.1398621 | C6: 0.48850098 | D6: 0.27874872 | E6: 0.12500601 | F6: 0.48007435 | G6: 0.41145179 | H6: 0.2516588 | J6: 946 | K6: =AVERAGE(B6:H6) -> 0.59647181 | L6: =K6/$K$1 -> 0.075848444
A7: 948 | B7: 2.1547906 | C7: 0.50221008 | D7: 0.27174371 | E7: 0.1604245 | F7: 0.62112039 | G7: 0.44664395 | H7: 0.23980513 | J7: 948 | K7: =AVERAGE(B7:H7) -> 0.62810549 | L7: =K7/$K$1 -> 0.079871039
A8: 950 | B8: 2.1355896 | C8: 0.52362496 | D8: 0.32681546 | E8: 0.19044071 | F8: 0.66609329 | G8: 0.48917574 | H8: 0.2381715 | J8: 950 | K8: =AVERAGE(B8:H8) -> 0.65284447 | L8: =K8/$K$1 -> 0.083016893
A9: 952 | B9: 2.0686355 | C9: 0.56769091 | D9: 0.33522657 | E9: 0.20155714 | F9: 0.69403481 | G9: 0.46330723 | H9: 0.24209537 | J9: 952 | K9: =AVERAGE(B9:H9) -> 0.65322107 | L9: =K9/$K$1 -> 0.083064783
A10: 954 | B10: 2.1935198 | C10: 0.61476636 | D10: 0.3744373 | E10: 0.23348993 | F10: 0.7314437 | G10: 0.50839961 | H10: 0.24212827 | J10: 954 | K10: =AVERAGE(B10:H10) -> 0.69974071 | L10: =K10/$K$1 -> 0.088980305
A11: 956 | B11: 2.2883439 | C11: 0.61800551 | D11: 0.39217132 | E11: 0.25524011 | F11: 0.77880979 | G11: 0.56961328 | H11: 0.2894235 | J11: 956 | K11: =AVERAGE(B11:H11) -> 0.7416582 | L11: =K11/$K$1 -> 0.094310609
A12: 958 | B12: 2.2683649 | C12: 0.64434135 | D12: 0.41196734 | E12: 0.26413792 | F12: 0.77563322 | G12: 0.6103161 | H12: 0.33901125 | J12: 958 | K12: =AVERAGE(B12:H12) -> 0.7591103 | L12: =K12/$K$1 -> 0.09652985
A13: 960 | B13: 2.2069805 | C13: 0.65728658 | D13: 0.42888924 | E13: 0.30901536 | F13: 0.76946133 | G13: 0.64472806 | H13: 0.34143862 | J13: 960 | K13: =AVERAGE(B13:H13) -> 0.76539995 | L13: =K13/$K$1 -> 0.097329654
A14: 962 | B14: 2.1689281 | C14: 0.66533631 | D14: 0.41910452 | E14: 0.33277282 | F14: 0.77582991 | G14: 0.66245753 | H14: 0.3396734 | J14: 962 | K14: =AVERAGE(B14:H14) -> 0.76630038 | L14: =K14/$K$1 -> 0.097444153
A15: 964 | B15: 2.2293923 | C15: 0.68609428 | D15: 0.44315714 | E15: 0.34341311 | F15: 0.81451744 | G15: 0.70413339 | H15: 0.32611492 | J15: 964 | K15: =AVERAGE(B15:H15) -> 0.79240323 | L15: =K15/$K$1 -> 0.10076344
A16: 966 | B16: 2.3144002 | C16: 0.69471163 | D16: 0.46490571 | E16: 0.35364467 | F16: 0.86874634 | G16: 0.71965158 | H16: 0.33318356 | J16: 966 | K16: =AVERAGE(B16:H16) -> 0.82132053 | L16: =K16/$K$1 -> 0.10444062
A17: 968 | B17: 2.2960553 | C17: 0.68802589 | D17: 0.49353155 | E17: 0.37062219 | F17: 0.84298825 | G17: 0.68440402 | H17: 0.35075048 | J17: 968 | K17: =AVERAGE(B17:H17) -> 0.81805396 | L17: =K17/$K$1 -> 0.10402523
... A588: 2998 | B588: 0.5650053 | C588: -0.2579425 | D588: -0.48994586 | E588: -0.5397383 | F588: 0.39001191 | G588: -0.26453644 | H588: 0.050821871 | J588: 2998 | K588: =AVERAGE(B588:H588) -> -0.078046288 | L588: =K588/$K$1 -> -0.0099245083

Sheet raw data PTFE in slice
A1: X value [cm‚Åª¬π] | B1: PTFE/OPTIR (mV) [] | C1: PTFE1/OPTIR (mV) [] | D1: PTFE6/OPTIR (mV) [] | E1: PTFE3/OPTIR (mV) [] | F1: PTFE5/OPTIR (mV) [] | G1: PTFE kinda/OPTIR (mV) []
A2: 940 | B2: 0.03302504 | C2: -0.0236711 | D2: 0.17450203 | E2: 0.08756634 | F2: -0.045572 | G2: 0.29805651
A3: 942 | B3: 0.03812902 | C3: 0.11891998 | D3: 0.29605207 | E3: 0.06679794 | F3: 0.02743046 | G3: 0.26380152
A4: 944 | B4: 0.11235041 | C4: 0.0433263 | D4: 0.42035592 | E4: 0.18875988 | F4: 0.0506132 | G4: 0.24578829
A5: 946 | B5: 0.17409158 | C5: 0.05471793 | D5: 0.52338099 | E5: 0.20820676 | F5: 0.12372133 | G5: 0.28126597
A6: 948 | B6: 0.2203441 | C6: 0.04153029 | D6: 0.56750339 | E6: 0.24911021 | F6: 0.18142498 | G6: 0.26498052
A7: 950 | B7: 0.29969507 | C7: 0.06680611 | D7: 0.50604635 | E7: 0.31586468 | F7: 0.17991927 | G7: 0.23967797
A8: 952 | B8: 0.36247367 | C8: 0.06855045 | D8: 0.46612859 | E8: 0.41434121 | F8: 0.20950617 | G8: 0.24247113
A9: 954 | B9: 0.3730461 | C9: 0.05665619 | D9: 0.48137835 | E9: 0.46737343 | F9: 0.23188145 | G9: 0.23315394
A10: 956 | B10: 0.40240192 | C10: 0.06779821 | D10: 0.53500181 | E10: 0.42795011 | F10: 0.26024291 | G10: 0.25415677
A11: 958 | B11: 0.44788232 | C11: 0.05570927 | D11: 0.53500295 | E11: 0.41826665 | F11: 0.28592339 | G11: 0.29494748
A12: 960 | B12: 0.51071954 | C12: 0.02777156 | D12: 0.54445124 | E12: 0.4434931 | F12: 0.31578416 | G12: 0.29562503
A13: 962 | B13: 0.54729658 | C13: 0.05315238 | D13: 0.55667627 | E13: 0.46522647 | F13: 0.32689711 | G13: 0.28219536
... A587: 2998 | B587: -0.1072576 | C587: 0.41209972 | D587: 0.42603981 | E587: -0.2046679 | F587: -0.2438716 | G587: 0.16352744

Sheet raw data ptfe ref
A1: X value [cmâ»Â¹] | B1: IR Spectrum 53/O-PTIR (mV) [] | C1: IR Spectrum 54/O-PTIR (mV) [] | D1: IR Spectrum 55/O-PTIR (mV) [] | E1: IR Spectrum 56/O-PTIR (mV) [] | F1: IR Spectrum 57/O-PTIR (mV) [] | G1: IR Spectrum 58/O-PTIR (mV) [] | H1: IR Spectrum 59/O-PTIR (mV) [] | I1: IR Spectrum 60/O-PTIR (mV) [] | J1: IR Spectrum 61/O-PTIR (mV) [] | K1: IR Spectrum 62/O-PTIR (mV) [] | L1: IR Spectrum 63/O-PTIR (mV) [] | M1: IR Spectrum 64/O-PTIR (mV) [] | N1: IR Spectrum 65/O-PTIR (mV) [] | O1: IR Spectrum 66/O-PTIR (mV) [] | P1: IR Spectrum 67/O-PTIR (mV) [] | Q1: IR Spectrum 68/O-PTIR (mV) [] | R1: IR Spectrum 69/O-PTIR (mV) [] | S1: IR Spectrum 70/O-PTIR (mV) [] | T1: IR Spectrum 71/O-PTIR (mV) [] | U1: IR Spectrum 72/O-PTIR (mV) [] | V1: IR Spectrum 73/O-PTIR (mV) [] | W1: IR Spectrum 74/O-PTIR (mV) [] | X1: IR Spectrum 75/O-PTIR (mV) [] | Y1: IR Spectrum 76/O-PTIR (mV) [] | Z1: IR Spectrum 77/O-PTIR (mV) [] | AA1: IR Spectrum 78/O-PTIR (mV) []
A2: 935 | B2: -2.3194294 | C2: 0.6342625 | D2: -2.0980597 | E2: 2.5600626 | F2: -1.9451584 | G2: 6.3228002 | H2: -7.077363 | I2: -1.4736512 | J2: -1.4365194 | K2: 0.35685408 | L2: -2.6859732 | M2: -6.1509156 | N2: -0.67070627 | O2: -0.89184982 | P2: -6.1207309 | Q2: 2.2356691 | R2: 7.5061865 | S2: 2.1827896 | T2: -8.5924988 | U2: 4.0109224 | V2: 1.559126 | W2: -3.2165804 | X2: 3.1307466 | Y2: -0.69078255 | Z2: 2.3904133 | AA2: -1.7880855
A3: 937 | B3: -1.6496073 | C3: 2.2497785 | D3: -0.49567556 | E3: 1.3805333 | F3: -2.0759561 | G3: -1.1698923 | H3: -1.9862975 | I3: 1.5509238 | J3: 0.87338048 | K3: 2.5010383 | L3: -1.2795959 | M3: -3.7593756 | N3: 1.7459037 | O3: 0.88517761 | P3: -1.8355066 | Q3: -1.2898198 | R3: 1.4005421 | S3: -0.5569663 | T3: -4.401927 | U3: 1.9117204 | V3: -0.8073867 | W3: 0.44882947 | X3: 1.9678643 | Y3: -3.1878977 | Z3: 4.6364532 | AA3: -1.4637865
A4: 939 | B4: -1.7233262 | C4: -0.73645872 | D4: -0.35568795 | E4: 1.2887762 | F4: -0.88553679 | G4: -0.61895055 | H4: -1.65342 | I4: 3.4980235 | J4: -0.75270271 | K4: 2.7969728 | L4: -0.71579677 | M4: -1.770842 | N4: 1.2223262 | O4: 2.2623706 | P4: 0.43681064 | Q4: -0.14249022 | R4: 2.1409979 | S4: -1.5069293 | T4: -2.1149962 | U4: 1.3936679 | V4: -1.1150451 | W4: 1.1015922 | X4: 0.11457557 | Y4: 1.7799956 | Z4: 4.8869486 | AA4: -1.438895
A5: 941 | B5: -0.45754281 | C5: 0.90454882 | D5: 0.68507642 | E5: -0.29007334 | F5: -1.6727972 | G5: 2.0089142 | H5: -1.4793326 | I5: 4.6552768 | J5: 0.64284509 | K5: -0.93917775 | L5: 1.0318167 | M5: -0.75691295 | N5: 0.3273963 | O5: 1.0712223 | P5: 0.31051925 | Q5: -1.750486 | R5: 1.1974524 | S5: -0.69200253 | T5: -2.2824926 | U5: 0.17273377 | V5: -1.4185481 | W5: -1.6252242 | X5: 0.17976326 | Y5: 2.3502088 | Z5: 5.4023976 | AA5: -0.50038052
A6: 943 | B6: -0.12549014 | C6: -0.067232236 | D6: -0.73274028 | E6: -0.64199996 | F6: -1.2310683 | G6: 1.562302 | H6: -0.38349056 | I6: 1.991279 | J6: -0.7129218 | K6: -0.90668821 | L6: 0.28796536 | M6: 0.53678864 | N6: -0.0317863 | O6: -0.63928694 | P6: 0.30288556 | Q6: -0.9731946 | R6: 0.35279438 | S6: 0.4685992 | T6: -1.9229891 | U6: -2.2921522 | V6: 0.76443797 | W6: -1.1008755 | X6: 1.7587658 | Y6: 1.2150126 | Z6: 6.1076269 | AA6: 0.28357935
A7: 945 | B7: -0.93491012 | C7: -0.66322881 | D7: -0.13827698 | E7: -0.24279918 | F7: -1.519912 | G7: -0.26289219 | H7: 0.13376212 | I7: 0.84144837 | J7: 1.0380217 | K7: -1.6286488 | L7: 1.8386786 | M7: 0.37634516 | N7: 1.5294997 | O7: -1.0251933 | P7: -0.27485579 | Q7: -0.66887015 | R7: 1.2609495 | S7: 1.4080791 | T7: -2.0124502 | U7: -1.8846184 | V7: 0.94401151 | W7: -1.1316105 | X7: 2.1302261 | Y7: -0.051455699 | Z7: 6.9378676 | AA7: 0.68732548
A8: 947 | B8: -1.2183067 | C8: -0.86209631 | D8: -0.59690696 | E8: -0.030826485 | F8: -0.34164518 | G8: 1.7671006 | H8: 0.32747468 | I8: 1.0903206 | J8: 0.14334665 | K8: -1.1838049 | L8: 2.0633297 | M8: -0.73542261 | N8: 0.40505499 | O8: -1.0581988 | P8: -0.65573013 | Q8: 0.80090773 | R8: 0.34970033 | S8: 1.6178417 | T8: -2.6421883 | U8: -0.28511268 | V8: 0.63965201 | W8: -0.48834771 | X8: 1.4304065 | Y8: 0.22366697 | Z8: 7.2565975 | AA8: 1.0138649
A9: 949 | B9: -0.47263539 | C9: 0.4581863 | D9: -0.42305443 | E9: 0.9232111 | F9: -0.30673134 | G9: 0.92390722 | H9: 0.16548803 | I9: 0.45053676 | J9: -0.71198171 | K9: -0.71853936 | L9: 1.1572665 | M9: -0.1333143 | N9: 0.99927747 | O9: -1.0726705 | P9: -0.41675365 | Q9: 0.55633777 | R9: -1.0011953 | S9: 1.5073607 | T9: -0.95042062 | U9: -0.66525924 | V9: -0.36261088 | W9: -0.70853281 | X9: 0.048255846 | Y9: -0.058312308 | Z9: 7.37468 | AA9: 1.4327334
A10: 951 | B10: 0.31117338 | C10: 1.0026182 | D10: -0.7216416 | E10: 0.76291895 | F10: -0.23078904 | G10: 1.6043179 | H10: 0.47615883 | I10: 0.80616522 | J10: -0.57583374 | K10: -0.74492073 | L10: 0.96496147 | M10: 0.15159953 | N10: 0.62246436 | O10: 0.34607896 | P10: -0.20848544 | Q10: 0.46720871 | R10: 0.2769233 | S10: 0.27297226 | T10: -0.74779969 | U10: 0.76490754 | V10: -0.5846433 | W10: -0.18587248 | X10: -0.24788721 | Y10: -0.4694556 | Z10: 7.4254947 | AA10: 1.8653257
A11: 953 | B11: -0.13490777 | C11: 0.41569632 | D11: 0.33218351 | E11: 0.38889879 | F11: 0.15232615 | G11: 0.97470295 | H11: 0.01505915 | I11: 0.43867138 | J11: 0.51184487 | K11: 0.2230424 | L11: 0.37649325 | M11: 0.33309197 | N11: -0.18833794 | O11: 0.14000496 | P11: -0.37735102 | Q11: 0.34508264 | R11: 0.43029433 | S11: -0.34690949 | T11: -0.96465206 | U11: 0.68771243 | V11: -0.36235785 | W11: 0.29708958 | X11: -0.05970671 | Y11: 0.1846216 | Z11: 7.7650642 | AA11: 2.0327103
A12: 955 | B12: -0.03716268 | C12: -0.40390146 | D12: 0.015437069 | E12: 0.37277856 | F12: 0.39735746 | G12: 0.56217098 | H12: -0.50607443 | I12: -0.022245606 | J12: 0.53128642 | K12: 0.027727509 | L12: 0.43962157 | M12: -0.76372182 | N12: -0.4002372 | O12: -0.0066033513 | P12: -0.77916479 | Q12: 0.22965698 | R12: -0.078185655 | S12: 0.075871065 | T12: -0.61912906 | U12: 0.25407052 | V12: 0.076947644 | W12: 0.064961828 | X12: 0.61977309 | Y12: 0.46554369 | Z12: 8.1105537 | AA12: 2.3759532
A13: 957 | B13: -0.39821118 | C13: -0.30084431 | D13: -0.53917593 | E13: 0.22665247 | F13: 0.02774331 | G13: 0.77038902 | H13: -0.41845515 | I13: 0.32665971 | J13: 0.58442873 | K13: -0.37388578 | L13: 0.31081069 | M13: -0.20292982 | N13: -0.61470282 | O13: 0.28632805 | P13: -0.11608274 | Q13: 0.58402503 | R13: 0.40909848 | S13: -0.47244358 | T13: -0.86700761 | U13: 1.0441195 | V13: 0.61586255 | W13: 0.059173454 | X13: 0.70009094 | Y13: 0.70387554 | Z13: 8.1842384 | AA13: 2.8252997
... A589: 2995 | B589: 2.3413017 | C589: -7.9381018 | D589: -2.7255661 | E589: 10.469634 | F589: -11.732261 | G589: 19.987404 | H589: -10.201453 | I589: 20.46701 | J589: -10.277841 | K589: 2.358922 | L589: -3.7250743 | M589: 0.28585964 | N589: 1.156376 | O589: -14.37201 | P589: -15.791941 | Q589: 15.844992 | R589: 15.398137 | S589: -10.935107 | T589: -16.815191 | U589: -2.0469766 | V589: 0.75066501 | W589: -5.8896117 | X589: 2.1246765 | Y589: -16.062502 | Z589: -0.20928651 | AA589: -0.28124237

Sheet PTFE slice
A1: This data here is copied from the raw data PTFE in slice sheet. It is the IR data from the red points shown in Figure S12E. | J1: Maximum intensity from Column K (mV): | K1: =MAX(K3:K588) -> 4.4835767 | L1: =MAX(L3:L588) -> 1
A2: Wavenumber (cm-1) | B2: PTFE/OPTIR (mV) [] | C2: PTFE1/OPTIR (mV) [] | D2: PTFE6/OPTIR (mV) [] | E2: PTFE3/OPTIR (mV) [] | F2: PTFE5/OPTIR (mV) [] | G2: PTFE kinda/OPTIR (mV) [] | J2: Wavenumber (cm-1) | K2: average intensity (mV) | L2: The values here have been normalized against the max intensity. For example, the intensity for the wavenumber of 940 was divided by the maximum intensity, i.e. K3/k1. Likewise, the remaining data was normalized.
A3: 940 | B3: 0.03302504 | C3: -0.0236711 | D3: 0.17450203 | E3: 0.08756634 | F3: -0.045572 | G3: 0.29805651 | J3: 940 | K3: =AVERAGE(B3:G3) -> 0.087317803 | L3: =K3/$K$1 -> 0.019475033
A4: 942 | B4: 0.03812902 | C4: 0.11891998 | D4: 0.29605207 | E4: 0.06679794 | F4: 0.02743046 | G4: 0.26380152 | J4: 942 | K4: =AVERAGE(B4:G4) -> 0.1351885 | L4: =K4/$K$1 -> 0.030151932
A5: 944 | B5: 0.11235041 | C5: 0.0433263 | D5: 0.42035592 | E5: 0.18875988 | F5: 0.0506132 | G5: 0.24578829 | J5: 944 | K5: =AVERAGE(B5:G5) -> 0.17686567 | L5: =K5/$K$1 -> 0.03944745
A6: 946 | B6: 0.17409158 | C6: 0.05471793 | D6: 0.52338099 | E6: 0.20820676 | F6: 0.12372133 | G6: 0.28126597 | J6: 946 | K6: =AVERAGE(B6:G6) -> 0.22756409 | L6: =K6/$K$1 -> 0.050755035
A7: 948 | B7: 0.2203441 | C7: 0.04153029 | D7: 0.56750339 | E7: 0.24911021 | F7: 0.18142498 | G7: 0.26498052 | J7: 948 | K7: =AVERAGE(B7:G7) -> 0.25414892 | L7: =K7/$K$1 -> 0.056684413
A8: 950 | B8: 0.29969507 | C8: 0.06680611 | D8: 0.50604635 | E8: 0.31586468 | F8: 0.17991927 | G8: 0.23967797 | J8: 950 | K8: =AVERAGE(B8:G8) -> 0.26800158 | L8: =K8/$K$1 -> 0.059774058
A9: 952 | B9: 0.36247367 | C9: 0.06855045 | D9: 0.46612859 | E9: 0.41434121 | F9: 0.20950617 | G9: 0.24247113 | J9: 952 | K9: =AVERAGE(B9:G9) -> 0.29391187 | L9: =K9/$K$1 -> 0.065552993
A10: 954 | B10: 0.3730461 | C10: 0.05665619 | D10: 0.48137835 | E10: 0.46737343 | F10: 0.23188145 | G10: 0.23315394 | J10: 954 | K10: =AVERAGE(B10:G10) -> 0.30724824 | L10: =K10/$K$1 -> 0.068527487
A11: 956 | B11: 0.40240192 | C11: 0.06779821 | D11: 0.53500181 | E11: 0.42795011 | F11: 0.26024291 | G11: 0.25415677 | J11: 956 | K11: =AVERAGE(B11:G11) -> 0.32459195 | L11: =K11/$K$1 -> 0.072395763
A12: 958 | B12: 0.44788232 | C12: 0.05570927 | D12: 0.53500295 | E12: 0.41826665 | F12: 0.28592339 | G12: 0.29494748 | J12: 958 | K12: =AVERAGE(B12:G12) -> 0.33962201 | L12: =K12/$K$1 -> 0.075748009
A13: 960 | B13: 0.51071954 | C13: 0.02777156 | D13: 0.54445124 | E13: 0.4434931 | F13: 0.31578416 | G13: 0.29562503 | J13: 960 | K13: =AVERAGE(B13:G13) -> 0.35630744 | L13: =K13/$K$1 -> 0.079469464
A14: 962 | B14: 0.54729658 | C14: 0.05315238 | D14: 0.55667627 | E14: 0.46522647 | F14: 0.32689711 | G14: 0.28219536 | J14: 962 | K14: =AVERAGE(B14:G14) -> 0.37190736 | L14: =K14/$K$1 -> 0.082948812
... A588: 2998 | B588: -0.1072576 | C588: 0.41209972 | D588: 0.42603981 | E588: -0.2046679 | F588: -0.2438716 | G588: 0.16352744 | J588: 2998 | K588: =AVERAGE(B588:G588) -> 0.074311645 | L588: =K588/$K$1 -> 0.016574188

Sheet Final Plot for Figure S12I
B1: Values from the sheet titled PTFE Slice column L | C1: Values from the sheet titled PTFE ref column AE
A2: Wavenumber (cm-1) | B2: PTFE in sample | C2: reference PTFE
A3: ='PTFE Ref'!AC3 -> 940 | B3: ='PTFE slice'!L3 -> 0.019475033 | C3: ='PTFE Ref'!AE3 -> -0.031285629
A4: ='PTFE Ref'!AC4 -> 942 | B4: ='PTFE slice'!L4 -> 0.030151932 | C4: ='PTFE Ref'!AE4 -> -0.0096641634
A5: ='PTFE Ref'!AC5 -> 944 | B5: ='PTFE slice'!L5 -> 0.03944745 | C5: ='PTFE Ref'!AE5 -> 0.016207956
A6: ='PTFE Ref'!AC6 -> 946 | B6: ='PTFE slice'!L6 -> 0.050755035 | C6: ='PTFE Ref'!AE6 -> 0.015513373
A7: ='PTFE Ref'!AC7 -> 948 | B7: ='PTFE slice'!L7 -> 0.056684413 | C7: ='PTFE Ref'!AE7 -> 0.0084857838
A8: ='PTFE Ref'!AC8 -> 950 | B8: ='PTFE slice'!L8 -> 0.059774058 | C8: ='PTFE Ref'!AE8 -> 0.014661076
A9: ='PTFE Ref'!AC9 -> 952 | B9: ='PTFE slice'!L9 -> 0.065552993 | C9: ='PTFE Ref'!AE9 -> 0.019801032
A10: ='PTFE Ref'!AC10 -> 954 | B10: ='PTFE slice'!L10 -> 0.068527487 | C10: ='PTFE Ref'!AE10 -> 0.017530665
A11: ='PTFE Ref'!AC11 -> 956 | B11: ='PTFE slice'!L11 -> 0.072395763 | C11: ='PTFE Ref'!AE11 -> 0.029390068
A12: ='PTFE Ref'!AC12 -> 958 | B12: ='PTFE slice'!L12 -> 0.075748009 | C12: ='PTFE Ref'!AE12 -> 0.029842646
A13: ='PTFE Ref'!AC13 -> 960 | B13: ='PTFE slice'!L13 -> 0.079469464 | C13: ='PTFE Ref'!AE13 -> 0.02412625
A14: ='PTFE Ref'!AC14 -> 962 | B14: ='PTFE slice'!L14 -> 0.082948812 | C14: ='PTFE Ref'!AE14 -> 0.02928284
... A588: ='PTFE Ref'!AC588 -> 2998 | B588: ='PTFE slice'!L588 -> 0.016574188 | C588: ='PTFE Ref'!AE588 -> 0.088465098
C589: ='PTFE Ref'!AE589 -> 0.011033197
C590: ='PTFE Ref'!AE590 -> -0.082923887

Sheet PTFE Ref
B1: This data here is copied from the raw data ptfe ref sheet. It is the IR data from reference PTFE. | AC1: Maximum intensity from Column K (mV): | AD1: =MAX(AD3:AD588) -> 17.541196 | AE1: =MAX(AE3:AE588) -> 1
A2: X value [cmâ»Â¹] | B2: IR Spectrum 53/O-PTIR (mV) [] | C2: IR Spectrum 54/O-PTIR (mV) [] | D2: IR Spectrum 55/O-PTIR (mV) [] | E2: IR Spectrum 56/O-PTIR (mV) [] | F2: IR Spectrum 57/O-PTIR (mV) [] | G2: IR Spectrum 58/O-PTIR (mV) [] | H2: IR Spectrum 59/O-PTIR (mV) [] | I2: IR Spectrum 60/O-PTIR (mV) [] | J2: IR Spectrum 61/O-PTIR (mV) [] | K2: IR Spectrum 62/O-PTIR (mV) [] | L2: IR Spectrum 63/O-PTIR (mV) [] | M2: IR Spectrum 64/O-PTIR (mV) [] | N2: IR Spectrum 65/O-PTIR (mV) [] | O2: IR Spectrum 66/O-PTIR (mV) [] | P2: IR Spectrum 67/O-PTIR (mV) [] | Q2: IR Spectrum 68/O-PTIR (mV) [] | R2: IR Spectrum 69/O-PTIR (mV) [] | S2: IR Spectrum 70/O-PTIR (mV) [] | T2: IR Spectrum 71/O-PTIR (mV) [] | U2: IR Spectrum 72/O-PTIR (mV) [] | V2: IR Spectrum 73/O-PTIR (mV) [] | W2: IR Spectrum 74/O-PTIR (mV) [] | X2: IR Spectrum 75/O-PTIR (mV) [] | Y2: IR Spectrum 76/O-PTIR (mV) [] | Z2: IR Spectrum 77/O-PTIR (mV) [] | AA2: IR Spectrum 78/O-PTIR (mV) [] | AC2: Wavenumber (cm-1) | AD2: average intensity (mV) | AE2: The values here have been normalized against the max intensity. For example, the intensity for the wavenumber of 940 was divided by the maximum intensity, i.e. =AD3/AD1. Likewise, the remaining data was normalized.
A3: 935 | B3: -2.3194294 | C3: 0.6342625 | D3: -2.0980597 | E3: 2.5600626 | F3: -1.9451584 | G3: 6.3228002 | H3: -7.077363 | I3: -1.4736512 | J3: -1.4365194 | K3: 0.35685408 | L3: -2.6859732 | M3: -6.1509156 | N3: -0.67070627 | O3: -0.89184982 | P3: -6.1207309 | Q3: 2.2356691 | R3: 7.5061865 | S3: 2.1827896 | T3: -8.5924988 | U3: 4.0109224 | V3: 1.559126 | W3: -3.2165804 | X3: 3.1307466 | Y3: -0.69078255 | Z3: 2.3904133 | AA3: -1.7880855 | AC3: 940 | AD3: =AVERAGE(B3:AA3) -> -0.54878735 | AE3: =AD3/$AD$1 -> -0.031285629
A4: 937 | B4: -1.6496073 | C4: 2.2497785 | D4: -0.49567556 | E4: 1.3805333 | F4: -2.0759561 | G4: -1.1698923 | H4: -1.9862975 | I4: 1.5509238 | J4: 0.87338048 | K4: 2.5010383 | L4: -1.2795959 | M4: -3.7593756 | N4: 1.7459037 | O4: 0.88517761 | P4: -1.8355066 | Q4: -1.2898198 | R4: 1.4005421 | S4: -0.5569663 | T4: -4.401927 | U4: 1.9117204 | V4: -0.8073867 | W4: 0.44882947 | X4: 1.9678643 | Y4: -3.1878977 | Z4: 4.6364532 | AA4: -1.4637865 | AC4: 942 | AD4: =AVERAGE(B4:AA4) -> -0.16952098 | AE4: =AD4/$AD$1 -> -0.0096641634
A5: 939 | B5: -1.7233262 | C5: -0.73645872 | D5: -0.35568795 | E5: 1.2887762 | F5: -0.88553679 | G5: -0.61895055 | H5: -1.65342 | I5: 3.4980235 | J5: -0.75270271 | K5: 2.7969728 | L5: -0.71579677 | M5: -1.770842 | N5: 1.2223262 | O5: 2.2623706 | P5: 0.43681064 | Q5: -0.14249022 | R5: 2.1409979 | S5: -1.5069293 | T5: -2.1149962 | U5: 1.3936679 | V5: -1.1150451 | W5: 1.1015922 | X5: 0.11457557 | Y5: 1.7799956 | Z5: 4.8869486 | AA5: -1.438895 | AC5: 944 | AD5: =AVERAGE(B5:AA5) -> 0.28430693 | AE5: =AD5/$AD$1 -> 0.016207956
A6: 941 | B6: -0.45754281 | C6: 0.90454882 | D6: 0.68507642 | E6: -0.29007334 | F6: -1.6727972 | G6: 2.0089142 | H6: -1.4793326 | I6: 4.6552768 | J6: 0.64284509 | K6: -0.93917775 | L6: 1.0318167 | M6: -0.75691295 | N6: 0.3273963 | O6: 1.0712223 | P6: 0.31051925 | Q6: -1.750486 | R6: 1.1974524 | S6: -0.69200253 | T6: -2.2824926 | U6: 0.17273377 | V6: -1.4185481 | W6: -1.6252242 | X6: 0.17976326 | Y6: 2.3502088 | Z6: 5.4023976 | AA6: -0.50038052 | AC6: 946 | AD6: =AVERAGE(B6:AA6) -> 0.27212312 | AE6: =AD6/$AD$1 -> 0.015513373
A7: 943 | B7: -0.12549014 | C7: -0.067232236 | D7: -0.73274028 | E7: -0.64199996 | F7: -1.2310683 | G7: 1.562302 | H7: -0.38349056 | I7: 1.991279 | J7: -0.7129218 | K7: -0.90668821 | L7: 0.28796536 | M7: 0.53678864 | N7: -0.0317863 | O7: -0.63928694 | P7: 0.30288556 | Q7: -0.9731946 | R7: 0.35279438 | S7: 0.4685992 | T7: -1.9229891 | U7: -2.2921522 | V7: 0.76443797 | W7: -1.1008755 | X7: 1.7587658 | Y7: 1.2150126 | Z7: 6.1076269 | AA7: 0.28357935 | AC7: 948 | AD7: =AVERAGE(B7:AA7) -> 0.14885079 | AE7: =AD7/$AD$1 -> 0.0084857838
A8: 945 | B8: -0.93491012 | C8: -0.66322881 | D8: -0.13827698 | E8: -0.24279918 | F8: -1.519912 | G8: -0.26289219 | H8: 0.13376212 | I8: 0.84144837 | J8: 1.0380217 | K8: -1.6286488 | L8: 1.8386786 | M8: 0.37634516 | N8: 1.5294997 | O8: -1.0251933 | P8: -0.27485579 | Q8: -0.66887015 | R8: 1.2609495 | S8: 1.4080791 | T8: -2.0124502 | U8: -1.8846184 | V8: 0.94401151 | W8: -1.1316105 | X8: 2.1302261 | Y8: -0.051455699 | Z8: 6.9378676 | AA8: 0.68732548 | AC8: 950 | AD8: =AVERAGE(B8:AA8) -> 0.2571728 | AE8: =AD8/$AD$1 -> 0.014661076
A9: 947 | B9: -1.2183067 | C9: -0.86209631 | D9: -0.59690696 | E9: -0.030826485 | F9: -0.34164518 | G9: 1.7671006 | H9: 0.32747468 | I9: 1.0903206 | J9: 0.14334665 | K9: -1.1838049 | L9: 2.0633297 | M9: -0.73542261 | N9: 0.40505499 | O9: -1.0581988 | P9: -0.65573013 | Q9: 0.80090773 | R9: 0.34970033 | S9: 1.6178417 | T9: -2.6421883 | U9: -0.28511268 | V9: 0.63965201 | W9: -0.48834771 | X9: 1.4304065 | Y9: 0.22366697 | Z9: 7.2565975 | AA9: 1.0138649 | AC9: 952 | AD9: =AVERAGE(B9:AA9) -> 0.34733377 | AE9: =AD9/$AD$1 -> 0.019801032
A10: 949 | B10: -0.47263539 | C10: 0.4581863 | D10: -0.42305443 | E10: 0.9232111 | F10: -0.30673134 | G10: 0.92390722 | H10: 0.16548803 | I10: 0.45053676 | J10: -0.71198171 | K10: -0.71853936 | L10: 1.1572665 | M10: -0.1333143 | N10: 0.99927747 | O10: -1.0726705 | P10: -0.41675365 | Q10: 0.55633777 | R10: -1.0011953 | S10: 1.5073607 | T10: -0.95042062 | U10: -0.66525924 | V10: -0.36261088 | W10: -0.70853281 | X10: 0.048255846 | Y10: -0.058312308 | Z10: 7.37468 | AA10: 1.4327334 | AC10: 954 | AD10: =AVERAGE(B10:AA10) -> 0.30750882 | AE10: =AD10/$AD$1 -> 0.017530665
A11: 951 | B11: 0.31117338 | C11: 1.0026182 | D11: -0.7216416 | E11: 0.76291895 | F11: -0.23078904 | G11: 1.6043179 | H11: 0.47615883 | I11: 0.80616522 | J11: -0.57583374 | K11: -0.74492073 | L11: 0.96496147 | M11: 0.15159953 | N11: 0.62246436 | O11: 0.34607896 | P11: -0.20848544 | Q11: 0.46720871 | R11: 0.2769233 | S11: 0.27297226 | T11: -0.74779969 | U11: 0.76490754 | V11: -0.5846433 | W11: -0.18587248 | X11: -0.24788721 | Y11: -0.4694556 | Z11: 7.4254947 | AA11: 1.8653257 | AC11: 956 | AD11: =AVERAGE(B11:AA11) -> 0.51553693 | AE11: =AD11/$AD$1 -> 0.029390068
A12: 953 | B12: -0.13490777 | C12: 0.41569632 | D12: 0.33218351 | E12: 0.38889879 | F12: 0.15232615 | G12: 0.97470295 | H12: 0.01505915 | I12: 0.43867138 | J12: 0.51184487 | K12: 0.2230424 | L12: 0.37649325 | M12: 0.33309197 | N12: -0.18833794 | O12: 0.14000496 | P12: -0.37735102 | Q12: 0.34508264 | R12: 0.43029433 | S12: -0.34690949 | T12: -0.96465206 | U12: 0.68771243 | V12: -0.36235785 | W12: 0.29708958 | X12: -0.05970671 | Y12: 0.1846216 | Z12: 7.7650642 | AA12: 2.0327103 | AC12: 958 | AD12: =AVERAGE(B12:AA12) -> 0.52347569 | AE12: =AD12/$AD$1 -> 0.029842646
A13: 955 | B13: -0.03716268 | C13: -0.40390146 | D13: 0.015437069 | E13: 0.37277856 | F13: 0.39735746 | G13: 0.56217098 | H13: -0.50607443 | I13: -0.022245606 | J13: 0.53128642 | K13: 0.027727509 | L13: 0.43962157 | M13: -0.76372182 | N13: -0.4002372 | O13: -0.0066033513 | P13: -0.77916479 | Q13: 0.22965698 | R13: -0.078185655 | S13: 0.075871065 | T13: -0.61912906 | U13: 0.25407052 | V13: 0.076947644 | W13: 0.064961828 | X13: 0.61977309 | Y13: 0.46554369 | Z13: 8.1105537 | AA13: 2.3759532 | AC13: 960 | AD13: =AVERAGE(B13:AA13) -> 0.42320328 | AE13: =AD13/$AD$1 -> 0.02412625
A14: 957 | B14: -0.39821118 | C14: -0.30084431 | D14: -0.53917593 | E14: 0.22665247 | F14: 0.02774331 | G14: 0.77038902 | H14: -0.41845515 | I14: 0.32665971 | J14: 0.58442873 | K14: -0.37388578 | L14: 0.31081069 | M14: -0.20292982 | N14: -0.61470282 | O14: 0.28632805 | P14: -0.11608274 | Q14: 0.58402503 | R14: 0.40909848 | S14: -0.47244358 | T14: -0.86700761 | U14: 1.0441195 | V14: 0.61586255 | W14: 0.059173454 | X14: 0.70009094 | Y14: 0.70387554 | Z14: 8.1842384 | AA14: 2.8252997 | AC14: 962 | AD14: =AVERAGE(B14:AA14) -> 0.51365603 | AE14: =AD14/$AD$1 -> 0.02928284
... A588: 2991 | B588: 9.5867672 | C588: 10.270002 | D588: 0.23100038 | E588: 3.9075043 | F588: -1.3812979 | G588: -4.0850697 | H588: -4.8105989 | I588: -1.258527 | J588: 6.4831991 | K588: -6.5718689 | L588: 23.097803 | M588: 7.9852881 | N588: -2.0702202 | O588: 6.6926417 | P588: -23.498426 | Q588: 5.3359694 | R588: -0.56754702 | S588: 19.571943 | T588: 33.626465 | U588: -3.9033217 | V588: -10.2434 | W588: -22.99618 | X588: 14.516295 | Y588: -26.24798 | Z588: 6.2788291 | AA588: 0.39710209 | AC588: 2998 | AD588: =AVERAGE(B588:AA588) -> 1.5517836 | AE588: =AD588/$AD$1 -> 0.088465098
A589: 2993 | B589: 3.9628243 | C589: -8.1984806 | D589: 5.8866801 | E589: 9.7508507 | F589: -8.3130598 | G589: 9.4638577 | H589: -5.6288576 | I589: 24.044294 | J589: -12.118762 | K589: -22.270403 | L589: 13.656974 | M589: -10.488327 | N589: -9.9421854 | O589: -7.5324578 | P589: -23.543674 | Q589: 17.922705 | R589: 11.617539 | S589: 6.7300715 | T589: 21.928904 | U589: -1.2905281 | V589: 4.2419028 | W589: -17.589474 | X589: 11.929139 | Y589: -15.585571 | Z589: 3.8594275 | AA589: 2.5385332 | AC589: =AVERAGE(B589:AA589) -> 0.19353547 | AD589: =AVERAGE(B589:AA589) -> 0.19353547 | AE589: =AD589/$AD$1 -> 0.011033197
A590: 2995 | B590: 2.3413017 | C590: -7.9381018 | D590: -2.7255661 | E590: 10.469634 | F590: -11.732261 | G590: 19.987404 | H590: -10.201453 | I590: 20.46701 | J590: -10.277841 | K590: 2.358922 | L590: -3.7250743 | M590: 0.28585964 | N590: 1.156376 | O590: -14.37201 | P590: -15.791941 | Q590: 15.844992 | R590: 15.398137 | S590: -10.935107 | T590: -16.815191 | U590: -2.0469766 | V590: 0.75066501 | W590: -5.8896117 | X590: 2.1246765 | Y590: -16.062502 | Z590: -0.20928651 | AA590: -0.28124237 | AC590: =AVERAGE(B590:AA590) -> -1.4545841 | AD590: =AVERAGE(B590:AA590) -> -1.4545841 | AE590: =AD590/$AD$1 -> -0.082923887
