Workbook

Sheet raw data biomass
A1: X value [cmâ»Â¹] | B1: biomass/OPTIR (mV) [] | C1: biomass/OPTIR (mV) [] | D1: biomass/OPTIR (mV) [] | E1: biomass/OPTIR (mV) [] | F1: IR Spectrum 140/OPTIR (mV) []
A2: 940 | B2: 0.53338528 | C2: 0.058842879 | D2: 0.13670132 | E2: -0.0086677046 | F2: 1.6142172
A3: 942 | B3: 0.54933137 | C3: 0.12039219 | D3: 0.22572622 | E3: 0.024331329 | F3: 1.7100841
A4: 944 | B4: 0.58222163 | C4: 0.11544605 | D4: 0.29826927 | E4: 0.067834996 | F4: 1.8458465
A5: 946 | B5: 0.59179825 | C5: 0.13985267 | D5: 0.33802858 | E5: 0.064436197 | F5: 1.8998419
A6: 948 | B6: 0.65686566 | C6: 0.17589989 | D6: 0.38617682 | E6: 0.070927359 | F6: 1.9879231
A7: 950 | B7: 0.68259531 | C7: 0.16919979 | D7: 0.46999732 | E7: 0.057354432 | F7: 2.0864353
A8: 952 | B8: 0.64847058 | C8: 0.15612321 | D8: 0.43873495 | E8: 0.0583678 | F8: 2.0847445
A9: 954 | B9: 0.66648269 | C9: 0.15282589 | D9: 0.44401273 | E9: 0.078321427 | F9: 2.1416147
A10: 956 | B10: 0.68279815 | C10: 0.17768101 | D10: 0.48983604 | E10: 0.089696258 | F10: 2.2277818
A11: 958 | B11: 0.722929 | C11: 0.20453958 | D11: 0.52831036 | E11: 0.097246319 | F11: 2.305697
A12: 960 | B12: 0.73247033 | C12: 0.2185851 | D12: 0.4985784 | E12: 0.10232242 | F12: 2.3446062
A13: 962 | B13: 0.72837645 | C13: 0.21987863 | D13: 0.475382 | E13: 0.11710864 | F13: 2.3540502
... A587: 2998 | B587: 0.070658445 | C587: -0.1039001 | D587: 0.071472779 | E587: 0.13229576 | F587: 0.21491216

Sheet Figure S12L
B1: This data here is copied from the raw data biomass sheet. It is the IR data from the red points shown in Figure S12H. | I1: Maximum intensity from Column K (mV): | J1: =MAX(J3:J588) -> 6.6006558 | K1: =MAX(K3:K588) -> 1
A2: X value [cmâ»Â¹] | B2: biomass/OPTIR (mV) [] | C2: biomass/OPTIR (mV) [] | D2: biomass/OPTIR (mV) [] | E2: biomass/OPTIR (mV) [] | F2: IR Spectrum 140/OPTIR (mV) [] | I2: Wavenumber (cm-1) | J2: average intensity (mV) | K2: The values here have been normalized against the max intensity. For example, the intensity for the wavenumber of 940 was divided by the maximum intensity, i.e. K3/k1. Likewise, the remaining data was normalized.
A3: 940 | B3: 0.53338528 | C3: 0.058842879 | D3: 0.13670132 | E3: -0.0086677046 | F3: 1.6142172 | I3: 940 | J3: =AVERAGE(B3:F3) -> 0.46689579 | K3: =J3/$J$1 -> 0.070734758
A4: 942 | B4: 0.54933137 | C4: 0.12039219 | D4: 0.22572622 | E4: 0.024331329 | F4: 1.7100841 | I4: 942 | J4: =AVERAGE(B4:F4) -> 0.52597304 | K4: =J4/$J$1 -> 0.079684967
A5: 944 | B5: 0.58222163 | C5: 0.11544605 | D5: 0.29826927 | E5: 0.067834996 | F5: 1.8458465 | I5: 944 | J5: =AVERAGE(B5:F5) -> 0.58192369 | K5: =J5/$J$1 -> 0.088161497
A6: 946 | B6: 0.59179825 | C6: 0.13985267 | D6: 0.33802858 | E6: 0.064436197 | F6: 1.8998419 | I6: 946 | J6: =AVERAGE(B6:F6) -> 0.60679152 | K6: =J6/$J$1 -> 0.091928975
A7: 948 | B7: 0.65686566 | C7: 0.17589989 | D7: 0.38617682 | E7: 0.070927359 | F7: 1.9879231 | I7: 948 | J7: =AVERAGE(B7:F7) -> 0.65555858 | K7: =J7/$J$1 -> 0.099317189
A8: 950 | B8: 0.68259531 | C8: 0.16919979 | D8: 0.46999732 | E8: 0.057354432 | F8: 2.0864353 | I8: 950 | J8: =AVERAGE(B8:F8) -> 0.69311643 | K8: =J8/$J$1 -> 0.10500721
A9: 952 | B9: 0.64847058 | C9: 0.15612321 | D9: 0.43873495 | E9: 0.0583678 | F9: 2.0847445 | I9: 952 | J9: =AVERAGE(B9:F9) -> 0.6772882 | K9: =J9/$J$1 -> 0.10260923
A10: 954 | B10: 0.66648269 | C10: 0.15282589 | D10: 0.44401273 | E10: 0.078321427 | F10: 2.1416147 | I10: 954 | J10: =AVERAGE(B10:F10) -> 0.69665148 | K10: =J10/$J$1 -> 0.10554277
A11: 956 | B11: 0.68279815 | C11: 0.17768101 | D11: 0.48983604 | E11: 0.089696258 | F11: 2.2277818 | I11: 956 | J11: =AVERAGE(B11:F11) -> 0.73355865 | K11: =J11/$J$1 -> 0.11113421
A12: 958 | B12: 0.722929 | C12: 0.20453958 | D12: 0.52831036 | E12: 0.097246319 | F12: 2.305697 | I12: 958 | J12: =AVERAGE(B12:F12) -> 0.77174444 | K12: =J12/$J$1 -> 0.11691936
A13: 960 | B13: 0.73247033 | C13: 0.2185851 | D13: 0.4985784 | E13: 0.10232242 | F13: 2.3446062 | I13: 960 | J13: =AVERAGE(B13:F13) -> 0.77931248 | K13: =J13/$J$1 -> 0.11806592
A14: 962 | B14: 0.72837645 | C14: 0.21987863 | D14: 0.475382 | E14: 0.11710864 | F14: 2.3540502 | I14: 962 | J14: =AVERAGE(B14:F14) -> 0.77895917 | K14: =J14/$J$1 -> 0.11801239
... A588: 2998 | B588: 0.070658445 | C588: -0.1039001 | D588: 0.071472779 | E588: 0.13229576 | F588: 0.21491216 | I588: 2998 | J588: =AVERAGE(B588:F588) -> 0.077087808 | K588: =J588/$J$1 -> 0.01167881

Sheet raw ref PE data
A1: X value [cmâ»Â¹] | B1: IR Spectrum 4/O-PTIR (mV) [mV] | C1: IR Spectrum 9/O-PTIR (mV) [mV] | D1: IR Spectrum 8/O-PTIR (mV) [mV] | E1: IR Spectrum 10/O-PTIR (mV) [mV] | F1: IR Spectrum 11/O-PTIR (mV) [mV]
A2: 935 | B2: 3.7039512 | C2: 0.35945252 | D2: -0.0001104 | E2: -0.3555187 | F2: -5.4723637
A3: 937 | B3: 5.6349421 | C3: 0.72700102 | D3: 2.7199301 | E3: 0.28260176 | F3: -5.770222
A4: 939 | B4: 7.505247 | C4: -0.18950127 | D4: 4.2479788 | E4: 0.22960906 | F4: -5.0268078
A5: 941 | B5: 10.620528 | C5: -0.10275445 | D5: 3.6479226 | E5: -0.57930165 | F5: -2.7802439
A6: 943 | B6: 12.916723 | C6: 0.94308258 | D6: 3.5026481 | E6: 0.028183898 | F6: -1.1015878
A7: 945 | B7: 14.137434 | C7: 1.3402599 | D7: 3.8022182 | E7: 0.35845282 | F7: 0.37311533
A8: 947 | B8: 15.596482 | C8: 2.3806116 | D8: 4.0340861 | E8: 0.54437 | F8: 1.4718152
A9: 949 | B9: 16.372634 | C9: 3.2465751 | D9: 3.9993173 | E9: 0.80119595 | F9: 2.4579945
A10: 951 | B10: 17.598116 | C10: 3.9711934 | D10: 4.2189496 | E10: 1.0471061 | F10: 3.1218088
A11: 953 | B11: 18.061067 | C11: 4.4732506 | D11: 4.1688726 | E11: 1.1270311 | F11: 3.5201099
A12: 955 | B12: 18.511915 | C12: 4.6393142 | D12: 4.2968171 | E12: 1.2405883 | F12: 4.3336247
A13: 957 | B13: 19.351702 | C13: 5.0422003 | D13: 4.5123973 | E13: 1.4991219 | F13: 4.9594087
... A589: 2995 | B589: 3.3357202 | C589: 7.4113546 | D589: -3.1387953 | E589: -1.1239795 | F589: -6.6689393

Sheet PE within slice
A1: X value [cmâ»Â¹] | B1: IR Spectrum 157/OPTIR (mV) [mV] | C1: IR Spectrum 158/OPTIR (mV) [mV] | D1: IR Spectrum 159/OPTIR (mV) [mV] | E1: IR Spectrum 160/OPTIR (mV) [mV] | F1: IR Spectrum 161/OPTIR (mV) [mV] | G1: IR Spectrum 162/OPTIR (mV) [mV] | H1: IR Spectrum 163/OPTIR (mV) [mV] | I1: IR Spectrum 164/OPTIR (mV) [mV] | J1: IR Spectrum 165/OPTIR (mV) [mV] | K1: IR Spectrum 166/OPTIR (mV) [mV] | L1: IR Spectrum 168/OPTIR (mV) [mV] | M1: IR Spectrum 169/OPTIR (mV) [mV] | N1: IR Spectrum 170/OPTIR (mV) [mV] | O1: IR Spectrum 174/OPTIR (mV) [mV]
A2: 940 | B2: 0.44464764 | C2: 0.65482962 | D2: 0.12202174 | E2: 0.4255521 | F2: 0.28981056 | G2: 0.38332487 | H2: 0.55497856 | I2: 0.7103724 | J2: 0.80210316 | K2: 0.3326524 | L2: 0.87859958 | M2: 0.17241056 | N2: 0.26729088 | O2: -0.021313514
A3: 942 | B3: 0.49315537 | C3: 0.71341379 | D3: 0.23115529 | E3: 0.50577532 | F3: 0.45753658 | G3: 0.4322522 | H3: 0.66210428 | I3: 0.87327009 | J3: 0.9696523 | K3: 0.40089486 | L3: 0.92757265 | M3: 0.28479783 | N3: 0.4711188 | O3: 0.02112615
A4: 944 | B4: 0.5603185 | C4: 0.72121447 | D4: 0.28345212 | E4: 0.55745369 | F4: 0.58240371 | G4: 0.43076649 | H4: 0.69256124 | I4: 0.92395697 | J4: 1.0572644 | K4: 0.54408041 | L4: 0.96955646 | M4: 0.32979602 | N4: 0.4983536 | O4: 0.11716266
A5: 946 | B5: 0.6532932 | C5: 0.76225402 | D5: 0.35128399 | E5: 0.59004098 | F5: 0.61093775 | G5: 0.50413323 | H5: 0.75783435 | I5: 0.9040333 | J5: 1.089772 | K5: 0.62025619 | L5: 0.91134366 | M5: 0.3364788 | N5: 0.47978706 | O5: 0.23796818
A6: 948 | B6: 0.73582919 | C6: 0.74142586 | D6: 0.45188546 | E6: 0.66349522 | F6: 0.66198614 | G6: 0.57298711 | H6: 0.84687616 | I6: 1.0005355 | J6: 1.1566863 | K6: 0.69401272 | L6: 0.88625521 | M6: 0.37500444 | N6: 0.49918279 | O6: 0.30725442
A7: 950 | B7: 0.78613239 | C7: 0.75835491 | D7: 0.49956799 | E7: 0.7018697 | F7: 0.70217546 | G7: 0.64165461 | H7: 0.86454865 | I7: 1.0629054 | J7: 1.1983882 | K7: 0.73608626 | L7: 0.84386262 | M7: 0.41937073 | N7: 0.59712696 | O7: 0.33139801
A8: 952 | B8: 0.77240663 | C8: 0.7310291 | D8: 0.50908384 | E8: 0.69909928 | F8: 0.70963154 | G8: 0.65155418 | H8: 0.85976167 | I8: 1.0269153 | J8: 1.1576369 | K8: 0.74599789 | L8: 0.83224746 | M8: 0.44304985 | N8: 0.64232356 | O8: 0.34116218
A9: 954 | B9: 0.80156272 | C9: 0.75829854 | D9: 0.50998198 | E9: 0.71305304 | F9: 0.73945167 | G9: 0.68523791 | H9: 0.88771532 | I9: 0.97623123 | J9: 1.1895198 | K9: 0.7865859 | L9: 0.85729425 | M9: 0.46819469 | N9: 0.64397388 | O9: 0.37328482
A10: 956 | B10: 0.83274259 | C10: 0.78230519 | D10: 0.56314232 | E10: 0.75417382 | F10: 0.76796808 | G10: 0.75189192 | H10: 0.93618435 | I10: 1.0047827 | J10: 1.2450447 | K10: 0.83009777 | L10: 0.84553697 | M10: 0.48677526 | N10: 0.70781578 | O10: 0.38230618
A11: 958 | B11: 0.83577917 | C11: 0.79269537 | D11: 0.6003936 | E11: 0.75794007 | F11: 0.78162287 | G11: 0.83807141 | H11: 0.9581919 | I11: 1.0491071 | J11: 1.2887671 | K11: 0.83068432 | L11: 0.81886078 | M11: 0.48903538 | N11: 0.7788725 | O11: 0.38780689
A12: 960 | B12: 0.84941588 | C12: 0.77878163 | D12: 0.6447981 | E12: 0.80194747 | F12: 0.7981859 | G12: 0.85266073 | H12: 0.99200546 | I12: 1.0301606 | J12: 1.3151012 | K12: 0.85952208 | L12: 0.81319059 | M12: 0.49809834 | N12: 0.7864979 | O12: 0.36959055
A13: 962 | B13: 0.86829453 | C13: 0.769564 | D13: 0.67712698 | E13: 0.8263232 | F13: 0.82867955 | G13: 0.90911497 | H13: 1.0392728 | I13: 1.0270849 | J13: 1.3478176 | K13: 0.9066398 | L13: 0.75611789 | M13: 0.50515988 | N13: 0.82139557 | O13: 0.38022278
... A587: 2998 | B587: -0.057668371 | C587: 0.00358725 | D587: 0.21447874 | E587: 0.086568039 | F587: 0.12892351 | G587: 0.15765329 | H587: 0.21326014 | I587: 0.10358001 | J587: 0.099656526 | K587: -0.018111986 | L587: 0.34473355 | M587: -0.33038302 | N587: -0.095129625 | O587: -0.19491279

Sheet PE ref
B1: This data here is copied from the sheet titled raw ref PE data. | H1: Maximum intensity from Column K (mV): | I1: =MAX(I3:I588) -> 112.55107 | J1: =MAX(J3:J588) -> 1
A2: X value [cmâ»Â¹] | B2: IR Spectrum 4/O-PTIR (mV) [mV] | C2: IR Spectrum 9/O-PTIR (mV) [mV] | D2: IR Spectrum 8/O-PTIR (mV) [mV] | E2: IR Spectrum 10/O-PTIR (mV) [mV] | F2: IR Spectrum 11/O-PTIR (mV) [mV] | H2: Wavenumber (cm-1) | I2: average intensity (mV) | J2: The values here have been normalized against the max intensity. For example, the intensity for the wavenumber of 940 was divided by the maximum intensity, i.e. I3/I1. Likewise, the remaining data was normalized.
A3: 935 | B3: 3.7039512 | C3: 0.35945252 | D3: -0.0001104 | E3: -0.3555187 | F3: -5.4723637 | H3: 940 | I3: =AVERAGE(B3:F3) -> -0.35291781 | J3: =I3/$I$1 -> -0.0031356239
A4: 937 | B4: 5.6349421 | C4: 0.72700102 | D4: 2.7199301 | E4: 0.28260176 | F4: -5.770222 | H4: 942 | I4: =AVERAGE(B4:G4) -> 0.71885058 | J4: =I4/$I$1 -> 0.0063868838
A5: 939 | B5: 7.505247 | C5: -0.18950127 | D5: 4.2479788 | E5: 0.22960906 | F5: -5.0268078 | H5: 944 | I5: =AVERAGE(B5:G5) -> 1.3533052 | J5: =I5/$I$1 -> 0.012023921
A6: 941 | B6: 10.620528 | C6: -0.10275445 | D6: 3.6479226 | E6: -0.57930165 | F6: -2.7802439 | H6: 946 | I6: =AVERAGE(B6:G6) -> 2.1612301 | J6: =I6/$I$1 -> 0.019202218
A7: 943 | B7: 12.916723 | C7: 0.94308258 | D7: 3.5026481 | E7: 0.028183898 | F7: -1.1015878 | H7: 948 | I7: =AVERAGE(B7:G7) -> 3.25781 | J7: =I7/$I$1 -> 0.028945172
A8: 945 | B8: 14.137434 | C8: 1.3402599 | D8: 3.8022182 | E8: 0.35845282 | F8: 0.37311533 | H8: 950 | I8: =AVERAGE(B8:G8) -> 4.002296 | J8: =I8/$I$1 -> 0.035559823
A9: 947 | B9: 15.596482 | C9: 2.3806116 | D9: 4.0340861 | E9: 0.54437 | F9: 1.4718152 | H9: 952 | I9: =AVERAGE(B9:G9) -> 4.805473 | J9: =I9/$I$1 -> 0.042695934
A10: 949 | B10: 16.372634 | C10: 3.2465751 | D10: 3.9993173 | E10: 0.80119595 | F10: 2.4579945 | H10: 954 | I10: =AVERAGE(B10:G10) -> 5.3755434 | J10: =I10/$I$1 -> 0.047760928
A11: 951 | B11: 17.598116 | C11: 3.9711934 | D11: 4.2189496 | E11: 1.0471061 | F11: 3.1218088 | H11: 956 | I11: =AVERAGE(B11:G11) -> 5.9914347 | J11: =I11/$I$1 -> 0.053233033
A12: 953 | B12: 18.061067 | C12: 4.4732506 | D12: 4.1688726 | E12: 1.1270311 | F12: 3.5201099 | H12: 958 | I12: =AVERAGE(B12:G12) -> 6.2700663 | J12: =I12/$I$1 -> 0.055708635
A13: 955 | B13: 18.511915 | C13: 4.6393142 | D13: 4.2968171 | E13: 1.2405883 | F13: 4.3336247 | H13: 960 | I13: =AVERAGE(B13:G13) -> 6.6044518 | J13: =I13/$I$1 -> 0.058679602
A14: 957 | B14: 19.351702 | C14: 5.0422003 | D14: 4.5123973 | E14: 1.4991219 | F14: 4.9594087 | H14: 962 | I14: =AVERAGE(B14:G14) -> 7.072966 | J14: =I14/$I$1 -> 0.062842283
A15: 959 | B15: 19.674331 | C15: 5.5256896 | D15: 4.8349166 | E15: 1.5244287 | F15: 5.2474945 | H15: 964 | I15: =AVERAGE(B15:G15) -> 7.3613721 | J15: =I15/$I$1 -> 0.06540473
... A588: 2991 | B588: 3.1287848 | C588: 1.4292279 | D588: 1.391042 | E588: 7.207266 | F588: 2.7710291 | H588: 2998 | I588: =AVERAGE(B588:G588) -> 3.18547 | J588: =I588/$I$1 -> 0.028302441
A589: 2993 | B589: 2.842337 | C589: 5.3098331 | D589: 3.2573507 | E589: 5.7156265 | F589: -3.5615936
A590: 2995 | B590: 3.3357202 | C590: 7.4113546 | D590: -3.1387953 | E590: -1.1239795 | F590: -6.6689393

Sheet PE in slice
B1: This data here is copied from the sheet titled PE within slice. It is the IR data from the red points shown in Figure S12G. | S1: Maximum intensity from Column K (mV): | T1: =MAX(T3:T588) -> 38.463718 | U1: =MAX(U3:U588) -> 1
A2: X value [cm‚Åª¬π] | B2: IR Spectrum 157/OPTIR (mV) [mV] | C2: IR Spectrum 158/OPTIR (mV) [mV] | D2: IR Spectrum 159/OPTIR (mV) [mV] | E2: IR Spectrum 160/OPTIR (mV) [mV] | F2: IR Spectrum 161/OPTIR (mV) [mV] | G2: IR Spectrum 162/OPTIR (mV) [mV] | H2: IR Spectrum 163/OPTIR (mV) [mV] | I2: IR Spectrum 164/OPTIR (mV) [mV] | J2: IR Spectrum 165/OPTIR (mV) [mV] | K2: IR Spectrum 166/OPTIR (mV) [mV] | L2: IR Spectrum 168/OPTIR (mV) [mV] | M2: IR Spectrum 169/OPTIR (mV) [mV] | N2: IR Spectrum 170/OPTIR (mV) [mV] | O2: IR Spectrum 174/OPTIR (mV) [mV] | S2: Wavenumber (cm-1) | T2: average intensity (mV) | U2: The values here have been normalized against the max intensity. For example, the intensity for the wavenumber of 940 was divided by the maximum intensity, i.e. S3/S1. Likewise, the remaining data was normalized.
A3: 940 | B3: 0.44464764 | C3: 0.65482962 | D3: 0.12202174 | E3: 0.4255521 | F3: 0.28981056 | G3: 0.38332487 | H3: 0.55497856 | I3: 0.7103724 | J3: 0.80210316 | K3: 0.3326524 | L3: 0.87859958 | M3: 0.17241056 | N3: 0.26729088 | O3: -0.021313514 | S3: 940 | T3: =AVERAGE(B3:O3) -> 0.42980575 | U3: =T3/$T$1 -> 0.011174316
A4: 942 | B4: 0.49315537 | C4: 0.71341379 | D4: 0.23115529 | E4: 0.50577532 | F4: 0.45753658 | G4: 0.4322522 | H4: 0.66210428 | I4: 0.87327009 | J4: 0.9696523 | K4: 0.40089486 | L4: 0.92757265 | M4: 0.28479783 | N4: 0.4711188 | O4: 0.02112615 | S4: 942 | T4: =AVERAGE(B4:O4) -> 0.53170182 | U4: =T4/$T$1 -> 0.013823464
A5: 944 | B5: 0.5603185 | C5: 0.72121447 | D5: 0.28345212 | E5: 0.55745369 | F5: 0.58240371 | G5: 0.43076649 | H5: 0.69256124 | I5: 0.92395697 | J5: 1.0572644 | K5: 0.54408041 | L5: 0.96955646 | M5: 0.32979602 | N5: 0.4983536 | O5: 0.11716266 | S5: 944 | T5: =AVERAGE(B5:O5) -> 0.59059577 | U5: =T5/$T$1 -> 0.01535462
A6: 946 | B6: 0.6532932 | C6: 0.76225402 | D6: 0.35128399 | E6: 0.59004098 | F6: 0.61093775 | G6: 0.50413323 | H6: 0.75783435 | I6: 0.9040333 | J6: 1.089772 | K6: 0.62025619 | L6: 0.91134366 | M6: 0.3364788 | N6: 0.47978706 | O6: 0.23796818 | S6: 946 | T6: =AVERAGE(B6:O6) -> 0.62924405 | U6: =T6/$T$1 -> 0.016359418
A7: 948 | B7: 0.73582919 | C7: 0.74142586 | D7: 0.45188546 | E7: 0.66349522 | F7: 0.66198614 | G7: 0.57298711 | H7: 0.84687616 | I7: 1.0005355 | J7: 1.1566863 | K7: 0.69401272 | L7: 0.88625521 | M7: 0.37500444 | N7: 0.49918279 | O7: 0.30725442 | S7: 948 | T7: =AVERAGE(B7:O7) -> 0.68524404 | U7: =T7/$T$1 -> 0.017815336
A8: 950 | B8: 0.78613239 | C8: 0.75835491 | D8: 0.49956799 | E8: 0.7018697 | F8: 0.70217546 | G8: 0.64165461 | H8: 0.86454865 | I8: 1.0629054 | J8: 1.1983882 | K8: 0.73608626 | L8: 0.84386261 | M8: 0.41937073 | N8: 0.59712696 | O8: 0.33139801 | S8: 950 | T8: =AVERAGE(B8:O8) -> 0.72453156 | U8: =T8/$T$1 -> 0.018836753
A9: 952 | B9: 0.77240663 | C9: 0.73102911 | D9: 0.50908384 | E9: 0.69909928 | F9: 0.70963154 | G9: 0.65155418 | H9: 0.85976167 | I9: 1.0269153 | J9: 1.1576369 | K9: 0.74599789 | L9: 0.83224746 | M9: 0.44304985 | N9: 0.64232356 | O9: 0.34116218 | S9: 952 | T9: =AVERAGE(B9:O9) -> 0.72299281 | U9: =T9/$T$1 -> 0.018796748
A10: 954 | B10: 0.80156272 | C10: 0.75829854 | D10: 0.50998198 | E10: 0.71305304 | F10: 0.73945167 | G10: 0.68523791 | H10: 0.88771532 | I10: 0.97623123 | J10: 1.1895198 | K10: 0.7865859 | L10: 0.85729425 | M10: 0.46819469 | N10: 0.64397388 | O10: 0.37328482 | S10: 954 | T10: =AVERAGE(B10:O10) -> 0.74217041 | U10: =T10/$T$1 -> 0.019295337
A11: 956 | B11: 0.83274259 | C11: 0.78230519 | D11: 0.56314232 | E11: 0.75417382 | F11: 0.76796808 | G11: 0.75189192 | H11: 0.93618435 | I11: 1.0047827 | J11: 1.2450447 | K11: 0.83009777 | L11: 0.84553697 | M11: 0.48677526 | N11: 0.70781578 | O11: 0.38230618 | S11: 956 | T11: =AVERAGE(B11:O11) -> 0.77791198 | U11: =T11/$T$1 -> 0.020224565
A12: 958 | B12: 0.83577917 | C12: 0.79269537 | D12: 0.6003936 | E12: 0.75794007 | F12: 0.78162287 | G12: 0.83807141 | H12: 0.9581919 | I12: 1.0491071 | J12: 1.2887671 | K12: 0.83068432 | L12: 0.81886078 | M12: 0.48903538 | N12: 0.7788725 | O12: 0.38780689 | S12: 958 | T12: =AVERAGE(B12:O12) -> 0.80055918 | U12: =T12/$T$1 -> 0.020813359
A13: 960 | B13: 0.84941588 | C13: 0.77878163 | D13: 0.6447981 | E13: 0.80194747 | F13: 0.7981859 | G13: 0.85266073 | H13: 0.99200546 | I13: 1.0301606 | J13: 1.3151012 | K13: 0.85952208 | L13: 0.81319059 | M13: 0.49809834 | N13: 0.7864979 | O13: 0.36959055 | S13: 960 | T13: =AVERAGE(B13:O13) -> 0.81356832 | U13: =T13/$T$1 -> 0.021151578
A14: 962 | B14: 0.86829453 | C14: 0.769564 | D14: 0.67712698 | E14: 0.8263232 | F14: 0.82867955 | G14: 0.90911497 | H14: 1.0392728 | I14: 1.0270849 | J14: 1.3478176 | K14: 0.9066398 | L14: 0.75611789 | M14: 0.50515988 | N14: 0.82139557 | O14: 0.38022278 | S14: 962 | T14: =AVERAGE(B14:O14) -> 0.83305817 | U14: =T14/$T$1 -> 0.021658285
... A588: 2998 | B588: -0.057668371 | C588: 0.0035872497 | D588: 0.21447874 | E588: 0.086568039 | F588: 0.12892351 | G588: 0.15765329 | H588: 0.21326014 | I588: 0.10358001 | J588: 0.099656526 | K588: -0.018111986 | L588: 0.34473355 | M588: -0.33038302 | N588: -0.095129625 | O588: -0.19491279 | S588: 2998 | T588: =AVERAGE(B588:O588) -> 0.046873946 | U588: =T588/$T$1 -> 0.0012186535

Sheet Final Plot for Figure S12K
B1: Values from the sheet titled PE in slice column U | C1: Values from the sheet titled PE ref column J
A2: Wavenumber (cm-1) | B2: PE in sample | C2: reference PE
A3: ='[1]Figure S6E PTFE Ref'!AC3 -> 940 | B3: ='PE in slice'!U3 -> 0.011174316 | C3: ='PE ref'!J3 -> -0.0031356239
A4: ='[1]Figure S6E PTFE Ref'!AC4 -> 942 | B4: ='PE in slice'!U4 -> 0.013823464 | C4: ='PE ref'!J4 -> 0.0063868838
A5: ='[1]Figure S6E PTFE Ref'!AC5 -> 944 | B5: ='PE in slice'!U5 -> 0.01535462 | C5: ='PE ref'!J5 -> 0.012023921
A6: ='[1]Figure S6E PTFE Ref'!AC6 -> 946 | B6: ='PE in slice'!U6 -> 0.016359418 | C6: ='PE ref'!J6 -> 0.019202218
A7: ='[1]Figure S6E PTFE Ref'!AC7 -> 948 | B7: ='PE in slice'!U7 -> 0.017815336 | C7: ='PE ref'!J7 -> 0.028945172
A8: ='[1]Figure S6E PTFE Ref'!AC8 -> 950 | B8: ='PE in slice'!U8 -> 0.018836753 | C8: ='PE ref'!J8 -> 0.035559823
A9: ='[1]Figure S6E PTFE Ref'!AC9 -> 952 | B9: ='PE in slice'!U9 -> 0.018796748 | C9: ='PE ref'!J9 -> 0.042695934
A10: ='[1]Figure S6E PTFE Ref'!AC10 -> 954 | B10: ='PE in slice'!U10 -> 0.019295337 | C10: ='PE ref'!J10 -> 0.047760928
A11: ='[1]Figure S6E PTFE Ref'!AC11 -> 956 | B11: ='PE in slice'!U11 -> 0.020224565 | C11: ='PE ref'!J11 -> 0.053233033
A12: ='[1]Figure S6E PTFE Ref'!AC12 -> 958 | B12: ='PE in slice'!U12 -> 0.020813359 | C12: ='PE ref'!J12 -> 0.055708635
A13: ='[1]Figure S6E PTFE Ref'!AC13 -> 960 | B13: ='PE in slice'!U13 -> 0.021151578 | C13: ='PE ref'!J13 -> 0.058679602
A14: ='[1]Figure S6E PTFE Ref'!AC14 -> 962 | B14: ='PE in slice'!U14 -> 0.021658285 | C14: ='PE ref'!J14 -> 0.062842283
... A588: ='[1]Figure S6E PTFE Ref'!AC588 -> 2998 | B588: ='PE in slice'!U588 -> 0.0012186535 | C588: ='PE ref'!J588 -> 0.028302441
C589: ='PE ref'!J589 -> 0
C590: ='PE ref'!J590 -> 0
