Workbook

Sheet PE unstained
D2: average intensity from 50 pixels | E2: wavelength (nm) | F2: intensity (a.u.) [each column represents one pixel]
D3: =IF(AVERAGE(F3:BC3)<0,0,AVERAGE(F3:BC3)) -> 8.32 | E3: 399.9241 | F3: 17 | G3: 8 | H3: 8 | I3: 4 | J3: -7 | K3: 6 | L3: 14 | M3: 21 | N3: 34 | O3: 6 | P3: 16 | Q3: 2 | R3: 4 | S3: 16 | T3: 18 | U3: 5 | V3: 15 | W3: 8 | X3: 3 | Y3: 23 | Z3: 5 | AA3: 11 | AB3: 13 | AC3: 13 | AD3: 0 | AE3: 14 | AF3: 17 | AG3: 6 | AH3: -24 | AI3: 11 | AJ3: 19 | AK3: 21 | AL3: 17 | AM3: 9 | AN3: -1 | AO3: 20 | AP3: 1 | AQ3: -12 | AR3: 6 | AS3: 0 | AT3: 14 | AU3: 25 | AV3: 6 | AW3: -2 | AX3: 11 | AY3: 4 | AZ3: 0 | BA3: 5 | BB3: -19 | BC3: 5 | BD3: 8 | BE3: 9 | BF3: 18 | BG3: 7 | BH3: -5 | BI3: -1 | BJ3: -6 | BK3: 21 | BL3: 9 | BM3: 27 | BN3: -1 | BO3: 25 | BP3: 3 | BQ3: 15 | BR3: 21 | BS3: 16 | BT3: 1
D4: =IF(AVERAGE(F4:BC4)<0,0,AVERAGE(F4:BC4)) -> 10 | E4: 401.12 | F4: -2 | G4: -6 | H4: 12 | I4: 0 | J4: 16 | K4: 1 | L4: 20 | M4: 17 | N4: -6 | O4: 10 | P4: 16 | Q4: 26 | R4: -6 | S4: 7 | T4: 12 | U4: 6 | V4: 14 | W4: 6 | X4: 2 | Y4: 9 | Z4: 12 | AA4: 17 | AB4: 14 | AC4: 16 | AD4: 14 | AE4: 4 | AF4: 21 | AG4: -3 | AH4: 13 | AI4: 33 | AJ4: 2 | AK4: -7 | AL4: 6 | AM4: 15 | AN4: 12 | AO4: 15 | AP4: 9 | AQ4: -3 | AR4: 26 | AS4: 16 | AT4: 12 | AU4: -3 | AV4: 15 | AW4: 17 | AX4: 6 | AY4: 2 | AZ4: 38 | BA4: 10 | BB4: 3 | BC4: 14 | BD4: 3 | BE4: 1 | BF4: 24 | BG4: 9 | BH4: 30 | BI4: 0 | BJ4: 9 | BK4: 7 | BL4: 7 | BM4: 13 | BN4: -1 | BO4: 24 | BP4: 1 | BQ4: 19 | BR4: 8 | BS4: 12 | BT4: 17
D5: =IF(AVERAGE(F5:BC5)<0,0,AVERAGE(F5:BC5)) -> 11.66 | E5: 402.31641 | F5: 9 | G5: 8 | H5: 1 | I5: 8 | J5: 0 | K5: 28 | L5: 12 | M5: 13 | N5: 20 | O5: 8 | P5: 6 | Q5: 9 | R5: 9 | S5: 22 | T5: 6 | U5: 15 | V5: 25 | W5: 3 | X5: 12 | Y5: 14 | Z5: 15 | AA5: 17 | AB5: 29 | AC5: 12 | AD5: 24 | AE5: 6 | AF5: 25 | AG5: 8 | AH5: 28 | AI5: 17 | AJ5: 9 | AK5: 16 | AL5: 6 | AM5: 18 | AN5: 9 | AO5: -3 | AP5: -2 | AQ5: 13 | AR5: 17 | AS5: -4 | AT5: 19 | AU5: 8 | AV5: -15 | AW5: 1 | AX5: 9 | AY5: 1 | AZ5: 31 | BA5: 16 | BB5: 12 | BC5: 13 | BD5: 15 | BE5: 11 | BF5: 13 | BG5: 20 | BH5: 18 | BI5: 5 | BJ5: 6 | BK5: -2 | BL5: 4 | BM5: 9 | BN5: 5 | BO5: 19 | BP5: 8 | BQ5: 10 | BR5: 6 | BS5: 9 | BT5: 0
D6: =IF(AVERAGE(F6:BC6)<0,0,AVERAGE(F6:BC6)) -> 9.66 | E6: 403.51331 | F6: 3 | G6: 16 | H6: 13 | I6: 13 | J6: 13 | K6: 19 | L6: -3 | M6: 13 | N6: 16 | O6: 4 | P6: 5 | Q6: 16 | R6: 23 | S6: 12 | T6: 6 | U6: 9 | V6: 17 | W6: 15 | X6: 15 | Y6: 5 | Z6: -2 | AA6: 5 | AB6: 16 | AC6: 17 | AD6: 16 | AE6: -4 | AF6: 12 | AG6: 9 | AH6: 9 | AI6: 21 | AJ6: 13 | AK6: -1 | AL6: -1 | AM6: -5 | AN6: 2 | AO6: 1 | AP6: -10 | AQ6: 7 | AR6: 13 | AS6: 13 | AT6: 5 | AU6: 0 | AV6: -10 | AW6: 21 | AX6: -11 | AY6: 11 | AZ6: 44 | BA6: 17 | BB6: 12 | BC6: 33 | BD6: 32 | BE6: 12 | BF6: 13 | BG6: 3 | BH6: -1 | BI6: 7 | BJ6: -1 | BK6: 13 | BL6: -1 | BM6: 2 | BN6: 12 | BO6: 5 | BP6: -15 | BQ6: 29 | BR6: 7 | BS6: 6 | BT6: 20
D7: =IF(AVERAGE(F7:BC7)<0,0,AVERAGE(F7:BC7)) -> 14.88 | E7: 404.7106 | F7: 5 | G7: 22 | H7: -1 | I7: 16 | J7: 11 | K7: 22 | L7: 6 | M7: 18 | N7: 19 | O7: 1 | P7: 5 | Q7: 13 | R7: 9 | S7: 22 | T7: 20 | U7: 15 | V7: 11 | W7: 14 | X7: 22 | Y7: 11 | Z7: 2 | AA7: 22 | AB7: 21 | AC7: 14 | AD7: 34 | AE7: 27 | AF7: 21 | AG7: -4 | AH7: 8 | AI7: 17 | AJ7: 19 | AK7: 8 | AL7: 10 | AM7: 14 | AN7: 27 | AO7: 20 | AP7: 7 | AQ7: 8 | AR7: 12 | AS7: 7 | AT7: 8 | AU7: 14 | AV7: 24 | AW7: 6 | AX7: 36 | AY7: -6 | AZ7: 59 | BA7: 21 | BB7: 10 | BC7: 17 | BD7: 20 | BE7: 20 | BF7: 18 | BG7: -14 | BH7: 12 | BI7: 1 | BJ7: -4 | BK7: 17 | BL7: 9 | BM7: 21 | BN7: 1 | BO7: 7 | BP7: 23 | BQ7: 8 | BR7: 11 | BS7: -3 | BT7: -5
D8: =IF(AVERAGE(F8:BC8)<0,0,AVERAGE(F8:BC8)) -> 11.32 | E8: 405.90851 | F8: 3 | G8: 15 | H8: 8 | I8: -6 | J8: 7 | K8: 11 | L8: 6 | M8: 21 | N8: -3 | O8: 8 | P8: 15 | Q8: 27 | R8: 29 | S8: 10 | T8: 13 | U8: 7 | V8: 12 | W8: 15 | X8: 8 | Y8: 13 | Z8: -5 | AA8: 9 | AB8: 27 | AC8: 11 | AD8: 26 | AE8: -15 | AF8: 4 | AG8: 9 | AH8: 10 | AI8: 37 | AJ8: 19 | AK8: 15 | AL8: 12 | AM8: 7 | AN8: 6 | AO8: 1 | AP8: 12 | AQ8: -1 | AR8: 20 | AS8: 13 | AT8: 13 | AU8: 22 | AV8: 11 | AW8: 25 | AX8: 2 | AY8: -6 | AZ8: 57 | BA8: 10 | BB8: -6 | BC8: 2 | BD8: 17 | BE8: 2 | BF8: 6 | BG8: 15 | BH8: 9 | BI8: 13 | BJ8: -1 | BK8: 22 | BL8: 15 | BM8: 9 | BN8: 3 | BO8: 14 | BP8: 8 | BQ8: 21 | BR8: 18 | BS8: -8 | BT8: -9
D9: =IF(AVERAGE(F9:BC9)<0,0,AVERAGE(F9:BC9)) -> 11.66 | E9: 407.10681 | F9: -5 | G9: 10 | H9: 8 | I9: -6 | J9: 16 | K9: 16 | L9: 13 | M9: 16 | N9: 18 | O9: 0 | P9: -4 | Q9: 5 | R9: 14 | S9: -1 | T9: 3 | U9: 15 | V9: 32 | W9: -2 | X9: 7 | Y9: 12 | Z9: -1 | AA9: 16 | AB9: 59 | AC9: 1 | AD9: 27 | AE9: -8 | AF9: 6 | AG9: 3 | AH9: -2 | AI9: 3 | AJ9: 24 | AK9: 11 | AL9: 1 | AM9: 14 | AN9: 15 | AO9: 4 | AP9: 8 | AQ9: 19 | AR9: 9 | AS9: -2 | AT9: 6 | AU9: 16 | AV9: 12 | AW9: 25 | AX9: 11 | AY9: 10 | AZ9: 68 | BA9: 16 | BB9: 25 | BC9: 20 | BD9: 21 | BE9: 4 | BF9: 9 | BG9: 18 | BH9: 6 | BI9: 13 | BJ9: 15 | BK9: 5 | BL9: 3 | BM9: -1 | BN9: 0 | BO9: 11 | BP9: 4 | BQ9: 5 | BR9: 11 | BS9: 13 | BT9: -2
D10: =IF(AVERAGE(F10:BC10)<0,0,AVERAGE(F10:BC10)) -> 13.22 | E10: 408.3056 | F10: 21 | G10: 8 | H10: 18 | I10: 12 | J10: 3 | K10: 21 | L10: 19 | M10: 30 | N10: 14 | O10: 13 | P10: 16 | Q10: 13 | R10: 21 | S10: 8 | T10: 31 | U10: 11 | V10: 1 | W10: 7 | X10: -7 | Y10: 31 | Z10: 16 | AA10: 20 | AB10: 10 | AC10: 14 | AD10: 17 | AE10: -2 | AF10: 16 | AG10: 18 | AH10: 22 | AI10: 12 | AJ10: 8 | AK10: 18 | AL10: -3 | AM10: 3 | AN10: 2 | AO10: 3 | AP10: 4 | AQ10: 11 | AR10: 11 | AS10: -4 | AT10: 17 | AU10: 17 | AV10: -8 | AW10: 20 | AX10: 0 | AY10: 10 | AZ10: 78 | BA10: 8 | BB10: 19 | BC10: 13 | BD10: 9 | BE10: 7 | BF10: 12 | BG10: 7 | BH10: 10 | BI10: 11 | BJ10: 25 | BK10: 18 | BL10: 18 | BM10: 21 | BN10: 17 | BO10: 18 | BP10: 6 | BQ10: 16 | BR10: 3 | BS10: -3 | BT10: 3
D11: =IF(AVERAGE(F11:BC11)<0,0,AVERAGE(F11:BC11)) -> 17.68 | E11: 409.50491 | F11: 16 | G11: 18 | H11: 15 | I11: 23 | J11: 9 | K11: 37 | L11: 29 | M11: 24 | N11: 25 | O11: 18 | P11: 21 | Q11: 18 | R11: 16 | S11: 16 | T11: 27 | U11: 10 | V11: 5 | W11: -9 | X11: 16 | Y11: 21 | Z11: 6 | AA11: 17 | AB11: 54 | AC11: 24 | AD11: 24 | AE11: 5 | AF11: 2 | AG11: 11 | AH11: 0 | AI11: 12 | AJ11: 7 | AK11: 25 | AL11: 18 | AM11: 22 | AN11: 13 | AO11: 3 | AP11: 16 | AQ11: 11 | AR11: 9 | AS11: 14 | AT11: 27 | AU11: 20 | AV11: 21 | AW11: 18 | AX11: 19 | AY11: 10 | AZ11: 78 | BA11: 20 | BB11: 12 | BC11: 11 | BD11: 7 | BE11: 25 | BF11: 11 | BG11: 12 | BH11: 19 | BI11: 17 | BJ11: 6 | BK11: 40 | BL11: 9 | BM11: 11 | BN11: 19 | BO11: 5 | BP11: 19 | BQ11: 17 | BR11: 23 | BS11: 7 | BT11: -1
D12: =IF(AVERAGE(F12:BC12)<0,0,AVERAGE(F12:BC12)) -> 14.34 | E12: 410.70471 | F12: 11 | G12: 9 | H12: -2 | I12: 13 | J12: 0 | K12: 5 | L12: -1 | M12: 14 | N12: 22 | O12: 14 | P12: 21 | Q12: 27 | R12: 8 | S12: 19 | T12: 16 | U12: -1 | V12: 17 | W12: 3 | X12: 4 | Y12: 18 | Z12: 18 | AA12: 0 | AB12: 44 | AC12: 27 | AD12: 26 | AE12: 18 | AF12: 5 | AG12: 8 | AH12: 15 | AI12: 23 | AJ12: 25 | AK12: 23 | AL12: 16 | AM12: 16 | AN12: 11 | AO12: 4 | AP12: -6 | AQ12: 24 | AR12: 19 | AS12: -1 | AT12: 16 | AU12: 8 | AV12: 12 | AW12: 5 | AX12: 24 | AY12: 9 | AZ12: 83 | BA12: 9 | BB12: 13 | BC12: 6 | BD12: 16 | BE12: 28 | BF12: 13 | BG12: 12 | BH12: 5 | BI12: 4 | BJ12: 6 | BK12: 10 | BL12: 17 | BM12: 19 | BN12: 8 | BO12: 13 | BP12: 16 | BQ12: 18 | BR12: 13 | BS12: 10 | BT12: 1
D13: =IF(AVERAGE(F13:BC13)<0,0,AVERAGE(F13:BC13)) -> 15.9 | E13: 411.90491 | F13: 5 | G13: 28 | H13: -2 | I13: 13 | J13: 0 | K13: 13 | L13: 17 | M13: 2 | N13: 25 | O13: 35 | P13: 19 | Q13: 15 | R13: -11 | S13: -2 | T13: 24 | U13: 9 | V13: 8 | W13: 14 | X13: 14 | Y13: 22 | Z13: 12 | AA13: 13 | AB13: 33 | AC13: 26 | AD13: 16 | AE13: 19 | AF13: 7 | AG13: -3 | AH13: 7 | AI13: 13 | AJ13: 16 | AK13: 26 | AL13: 13 | AM13: 25 | AN13: 16 | AO13: 8 | AP13: 19 | AQ13: 29 | AR13: -6 | AS13: 5 | AT13: 5 | AU13: 36 | AV13: 20 | AW13: 8 | AX13: 8 | AY13: 21 | AZ13: 101 | BA13: 10 | BB13: 14 | BC13: 30 | BD13: 31 | BE13: 26 | BF13: 24 | BG13: 11 | BH13: 17 | BI13: 7 | BJ13: 12 | BK13: 14 | BL13: 16 | BM13: 10 | BN13: 16 | BO13: 21 | BP13: 15 | BQ13: 34 | BR13: 6 | BS13: 15 | BT13: 0
D14: =IF(AVERAGE(F14:BC14)<0,0,AVERAGE(F14:BC14)) -> 18 | E14: 413.10559 | F14: 9 | G14: 1 | H14: 4 | I14: -5 | J14: 16 | K14: 8 | L14: 7 | M14: 18 | N14: 32 | O14: 30 | P14: 24 | Q14: 3 | R14: 8 | S14: 14 | T14: 3 | U14: 32 | V14: 23 | W14: 13 | X14: 26 | Y14: 5 | Z14: 12 | AA14: 33 | AB14: 40 | AC14: 39 | AD14: 28 | AE14: 19 | AF14: 15 | AG14: 7 | AH14: -1 | AI14: 17 | AJ14: 30 | AK14: 17 | AL14: 10 | AM14: 31 | AN14: 20 | AO14: 13 | AP14: 19 | AQ14: 9 | AR14: 20 | AS14: 10 | AT14: 7 | AU14: 21 | AV14: 13 | AW14: 15 | AX14: 21 | AY14: 1 | AZ14: 120 | BA14: 15 | BB14: 16 | BC14: 12 | BD14: 18 | BE14: 21 | BF14: 23 | BG14: 13 | BH14: 21 | BI14: 8 | BJ14: -9 | BK14: 14 | BL14: 20 | BM14: 22 | BN14: -10 | BO14: 15 | BP14: -12 | BQ14: 7 | BR14: 17 | BS14: 4 | BT14: -5
... D463: =IF(AVERAGE(F463:BC463)<0,0,AVERAGE(F463:BC463)) -> 31.14 | E463: 999.65863 | F463: 13 | G463: 18 | H463: 18 | I463: 34 | J463: 39 | K463: 10 | L463: 24 | M463: 63 | N463: 22 | O463: 30 | P463: 46 | Q463: 28 | R463: 14 | S463: 16 | T463: 13 | U463: 26 | V463: 20 | W463: 19 | X463: 17 | Y463: 10 | Z463: 22 | AA463: 39 | AB463: 115 | AC463: 9 | AD463: 31 | AE463: 40 | AF463: 26 | AG463: 27 | AH463: 32 | AI463: 9 | AJ463: 45 | AK463: 54 | AL463: 38 | AM463: 49 | AN463: 36 | AO463: 0 | AP463: 32 | AQ463: 12 | AR463: 29 | AS463: 20 | AT463: 34 | AU463: 21 | AV463: 30 | AW463: 21 | AX463: 24 | AY463: 36 | AZ463: 98 | BA463: 56 | BB463: 35 | BC463: 57 | BD463: 93 | BE463: 43 | BF463: 51 | BG463: 26 | BH463: 31 | BI463: 40 | BJ463: 30 | BK463: 34 | BL463: 28 | BM463: 33 | BN463: 16 | BO463: 32 | BP463: 22 | BQ463: 52 | BR463: 15 | BS463: -5 | BT463: 6

Sheet PE in histological slice
D3: average intensity from 50 pixels | E3: wavelength (nm) | F3: intensity (a.u.) [each column represents one pixel]
D4: =IF(AVERAGE(F4:BC4)<0,0,AVERAGE(F4:BC4)) -> 18.96 | E4: 399.9241 | F4: 27 | G4: 13 | H4: 18 | I4: 37 | J4: 17 | K4: 17 | L4: 16 | M4: 32 | N4: 10 | O4: 11 | P4: 17 | Q4: 6 | R4: 27 | S4: 28 | T4: 18 | U4: 23 | V4: 1 | W4: 27 | X4: 25 | Y4: 1 | Z4: 27 | AA4: 28 | AB4: 27 | AC4: 46 | AD4: 18 | AE4: 11 | AF4: 21 | AG4: 20 | AH4: 11 | AI4: 12 | AJ4: 17 | AK4: 23 | AL4: 41 | AM4: 37 | AN4: 21 | AO4: 23 | AP4: 4 | AQ4: 33 | AR4: 19 | AS4: 19 | AT4: 18 | AU4: 21 | AV4: 11 | AW4: 5 | AX4: 5 | AY4: 25 | AZ4: 23 | BA4: 1 | BB4: 0 | BC4: 10 | BD4: -10 | BE4: 7 | BF4: 0 | BG4: 9 | BH4: 16 | BI4: 10 | BJ4: 24 | BK4: 12
D5: =IF(AVERAGE(F5:BC5)<0,0,AVERAGE(F5:BC5)) -> 18.8 | E5: 401.12 | F5: 16 | G5: 17 | H5: 20 | I5: 33 | J5: 16 | K5: 14 | L5: 7 | M5: 22 | N5: 21 | O5: 22 | P5: 12 | Q5: 0 | R5: 24 | S5: 19 | T5: -7 | U5: 19 | V5: -2 | W5: 37 | X5: 45 | Y5: 9 | Z5: 29 | AA5: 29 | AB5: 16 | AC5: 25 | AD5: 34 | AE5: 22 | AF5: 25 | AG5: 8 | AH5: 17 | AI5: 15 | AJ5: 31 | AK5: 17 | AL5: 19 | AM5: 16 | AN5: 10 | AO5: 12 | AP5: 16 | AQ5: 46 | AR5: 19 | AS5: 32 | AT5: 19 | AU5: 33 | AV5: 18 | AW5: 37 | AX5: 17 | AY5: 9 | AZ5: 1 | BA5: 3 | BB5: 2 | BC5: 19 | BD5: 12 | BE5: 13 | BF5: 19 | BG5: 6 | BH5: 23 | BI5: 9 | BJ5: 42 | BK5: 19
D6: =IF(AVERAGE(F6:BC6)<0,0,AVERAGE(F6:BC6)) -> 19.06 | E6: 402.31641 | F6: 20 | G6: 17 | H6: 28 | I6: 25 | J6: 18 | K6: -6 | L6: 6 | M6: 18 | N6: 11 | O6: 6 | P6: 24 | Q6: 6 | R6: 17 | S6: 25 | T6: 16 | U6: 26 | V6: 12 | W6: 18 | X6: 17 | Y6: 12 | Z6: 31 | AA6: 20 | AB6: 20 | AC6: 23 | AD6: 34 | AE6: 35 | AF6: 27 | AG6: 19 | AH6: 4 | AI6: 11 | AJ6: 14 | AK6: 26 | AL6: 31 | AM6: 9 | AN6: 24 | AO6: 13 | AP6: 31 | AQ6: 27 | AR6: 36 | AS6: 11 | AT6: 35 | AU6: 21 | AV6: 36 | AW6: 9 | AX6: 3 | AY6: 13 | AZ6: 21 | BA6: 23 | BB6: 22 | BC6: 8 | BD6: 16 | BE6: 17 | BF6: 23 | BG6: 13 | BH6: 13 | BI6: 20 | BJ6: 23 | BK6: 3
D7: =IF(AVERAGE(F7:BC7)<0,0,AVERAGE(F7:BC7)) -> 15.74 | E7: 403.51331 | F7: 11 | G7: 21 | H7: 27 | I7: 15 | J7: 6 | K7: 3 | L7: 8 | M7: 16 | N7: 14 | O7: 16 | P7: 18 | Q7: 7 | R7: 20 | S7: -4 | T7: 9 | U7: 14 | V7: 22 | W7: 33 | X7: 24 | Y7: 5 | Z7: 27 | AA7: 24 | AB7: 11 | AC7: 10 | AD7: 35 | AE7: 32 | AF7: 12 | AG7: 7 | AH7: 16 | AI7: 11 | AJ7: 16 | AK7: 19 | AL7: 26 | AM7: 13 | AN7: 34 | AO7: 5 | AP7: 27 | AQ7: 14 | AR7: 28 | AS7: 15 | AT7: 15 | AU7: 15 | AV7: 21 | AW7: -4 | AX7: 15 | AY7: 15 | AZ7: 9 | BA7: 13 | BB7: 8 | BC7: 13 | BD7: 10 | BE7: 15 | BF7: 24 | BG7: 15 | BH7: 6 | BI7: 12 | BJ7: 42 | BK7: 21
D8: =IF(AVERAGE(F8:BC8)<0,0,AVERAGE(F8:BC8)) -> 19.62 | E8: 404.7106 | F8: 32 | G8: 23 | H8: 28 | I8: 41 | J8: 16 | K8: 18 | L8: 2 | M8: 24 | N8: 4 | O8: 14 | P8: 25 | Q8: 13 | R8: 36 | S8: 14 | T8: 12 | U8: 13 | V8: 11 | W8: 22 | X8: 20 | Y8: 19 | Z8: 15 | AA8: 22 | AB8: 32 | AC8: 21 | AD8: 33 | AE8: 12 | AF8: 11 | AG8: 8 | AH8: 16 | AI8: 24 | AJ8: 23 | AK8: 42 | AL8: 55 | AM8: 26 | AN8: 21 | AO8: 6 | AP8: 31 | AQ8: 34 | AR8: 24 | AS8: 13 | AT8: 12 | AU8: 8 | AV8: 12 | AW8: 12 | AX8: 5 | AY8: 23 | AZ8: 8 | BA8: 10 | BB8: 14 | BC8: 21 | BD8: -5 | BE8: -1 | BF8: 25 | BG8: 18 | BH8: 2 | BI8: 28 | BJ8: 27 | BK8: 12
D9: =IF(AVERAGE(F9:BC9)<0,0,AVERAGE(F9:BC9)) -> 23.8 | E9: 405.90851 | F9: 61 | G9: 42 | H9: 39 | I9: 34 | J9: 12 | K9: 19 | L9: 8 | M9: 16 | N9: 29 | O9: 31 | P9: 31 | Q9: 16 | R9: 27 | S9: 38 | T9: 20 | U9: 27 | V9: 17 | W9: 30 | X9: 35 | Y9: 18 | Z9: 24 | AA9: 30 | AB9: 61 | AC9: 23 | AD9: 25 | AE9: 46 | AF9: 28 | AG9: 14 | AH9: 9 | AI9: 12 | AJ9: 8 | AK9: 18 | AL9: 45 | AM9: 16 | AN9: 26 | AO9: 24 | AP9: 34 | AQ9: 42 | AR9: 22 | AS9: -1 | AT9: 16 | AU9: 9 | AV9: 20 | AW9: 21 | AX9: 7 | AY9: 7 | AZ9: 14 | BA9: 4 | BB9: 22 | BC9: 14 | BD9: 21 | BE9: 2 | BF9: 19 | BG9: 28 | BH9: 25 | BI9: 19 | BJ9: 20 | BK9: 13
D10: =IF(AVERAGE(F10:BC10)<0,0,AVERAGE(F10:BC10)) -> 19.86 | E10: 407.10681 | F10: 17 | G10: 10 | H10: 17 | I10: 39 | J10: 17 | K10: 15 | L10: 19 | M10: 38 | N10: 14 | O10: 9 | P10: 26 | Q10: 16 | R10: 5 | S10: 20 | T10: 20 | U10: 32 | V10: 26 | W10: 36 | X10: 20 | Y10: 7 | Z10: 11 | AA10: 29 | AB10: 17 | AC10: 11 | AD10: 61 | AE10: 42 | AF10: 6 | AG10: 22 | AH10: 13 | AI10: 3 | AJ10: 0 | AK10: 8 | AL10: 38 | AM10: 35 | AN10: 12 | AO10: 21 | AP10: 33 | AQ10: 40 | AR10: 30 | AS10: 36 | AT10: 20 | AU10: 18 | AV10: 20 | AW10: 13 | AX10: 14 | AY10: 21 | AZ10: -1 | BA10: -7 | BB10: 2 | BC10: 22 | BD10: 7 | BE10: 7 | BF10: 15 | BG10: 19 | BH10: 15 | BI10: 6 | BJ10: 31 | BK10: 19
D11: =IF(AVERAGE(F11:BC11)<0,0,AVERAGE(F11:BC11)) -> 23 | E11: 408.3056 | F11: 8 | G11: 32 | H11: 11 | I11: 49 | J11: 29 | K11: 8 | L11: 26 | M11: 25 | N11: 12 | O11: 33 | P11: 10 | Q11: -1 | R11: 19 | S11: 16 | T11: 11 | U11: 30 | V11: 24 | W11: 35 | X11: 38 | Y11: 18 | Z11: 19 | AA11: 19 | AB11: 8 | AC11: 41 | AD11: 58 | AE11: 31 | AF11: 21 | AG11: 23 | AH11: 21 | AI11: 24 | AJ11: 30 | AK11: 19 | AL11: 47 | AM11: 38 | AN11: 28 | AO11: 27 | AP11: 35 | AQ11: 28 | AR11: 29 | AS11: 23 | AT11: 8 | AU11: 35 | AV11: 28 | AW11: 29 | AX11: 3 | AY11: 3 | AZ11: 3 | BA11: 25 | BB11: 2 | BC11: 12 | BD11: 17 | BE11: 23 | BF11: -6 | BG11: 23 | BH11: 29 | BI11: 17 | BJ11: 35 | BK11: 22
D12: =IF(AVERAGE(F12:BC12)<0,0,AVERAGE(F12:BC12)) -> 25.14 | E12: 409.50491 | F12: 49 | G12: 36 | H12: 31 | I12: 41 | J12: 12 | K12: -5 | L12: 10 | M12: 22 | N12: 17 | O12: 19 | P12: 42 | Q12: 19 | R12: 37 | S12: 19 | T12: 16 | U12: 24 | V12: 25 | W12: 30 | X12: 27 | Y12: 28 | Z12: 16 | AA12: 30 | AB12: 49 | AC12: 30 | AD12: 21 | AE12: 23 | AF12: 33 | AG12: 18 | AH12: 18 | AI12: 17 | AJ12: 23 | AK12: 21 | AL12: 45 | AM12: 29 | AN12: 12 | AO12: 32 | AP12: 31 | AQ12: 55 | AR12: 2 | AS12: 23 | AT12: 23 | AU12: 24 | AV12: 18 | AW12: 16 | AX12: 21 | AY12: 45 | AZ12: 31 | BA12: 3 | BB12: 27 | BC12: 22 | BD12: -9 | BE12: 21 | BF12: 8 | BG12: 11 | BH12: 6 | BI12: 13 | BJ12: 32 | BK12: 13
D13: =IF(AVERAGE(F13:BC13)<0,0,AVERAGE(F13:BC13)) -> 22.24 | E13: 410.70471 | F13: 13 | G13: 26 | H13: 29 | I13: 37 | J13: 16 | K13: 3 | L13: 3 | M13: 35 | N13: 20 | O13: 23 | P13: 22 | Q13: 49 | R13: 0 | S13: 16 | T13: 0 | U13: 31 | V13: 25 | W13: 38 | X13: 33 | Y13: 31 | Z13: 18 | AA13: 9 | AB13: 13 | AC13: 24 | AD13: 41 | AE13: 45 | AF13: 23 | AG13: 20 | AH13: 21 | AI13: 8 | AJ13: 17 | AK13: 21 | AL13: 47 | AM13: 44 | AN13: 17 | AO13: 11 | AP13: 29 | AQ13: 56 | AR13: 33 | AS13: 14 | AT13: 11 | AU13: 32 | AV13: 9 | AW13: 26 | AX13: 17 | AY13: 3 | AZ13: 12 | BA13: 11 | BB13: 20 | BC13: 10 | BD13: 5 | BE13: 17 | BF13: 15 | BG13: 33 | BH13: 26 | BI13: 14 | BJ13: 22 | BK13: 28
D14: =IF(AVERAGE(F14:BC14)<0,0,AVERAGE(F14:BC14)) -> 22.68 | E14: 411.90491 | F14: 37 | G14: 33 | H14: 30 | I14: 39 | J14: 17 | K14: 11 | L14: 19 | M14: 27 | N14: 14 | O14: 17 | P14: 27 | Q14: 21 | R14: 32 | S14: 16 | T14: 23 | U14: 28 | V14: 23 | W14: 29 | X14: 2 | Y14: 10 | Z14: 22 | AA14: 33 | AB14: 37 | AC14: 40 | AD14: 43 | AE14: 27 | AF14: 32 | AG14: 11 | AH14: 22 | AI14: 8 | AJ14: 22 | AK14: 15 | AL14: 52 | AM14: 39 | AN14: 9 | AO14: 23 | AP14: 25 | AQ14: 19 | AR14: 14 | AS14: 12 | AT14: 20 | AU14: 32 | AV14: 10 | AW14: 28 | AX14: 14 | AY14: 7 | AZ14: 9 | BA14: 23 | BB14: 15 | BC14: 16 | BD14: -5 | BE14: 19 | BF14: 9 | BG14: 30 | BH14: 19 | BI14: 2 | BJ14: 32 | BK14: 21
D15: =IF(AVERAGE(F15:BC15)<0,0,AVERAGE(F15:BC15)) -> 25.34 | E15: 413.10559 | F15: 36 | G15: 36 | H15: 25 | I15: 40 | J15: 30 | K15: 15 | L15: 13 | M15: 32 | N15: 33 | O15: 22 | P15: 23 | Q15: 24 | R15: 28 | S15: 14 | T15: 17 | U15: 30 | V15: 34 | W15: 35 | X15: 29 | Y15: 22 | Z15: 18 | AA15: 33 | AB15: 36 | AC15: 48 | AD15: 50 | AE15: 48 | AF15: 14 | AG15: 8 | AH15: 21 | AI15: 18 | AJ15: 14 | AK15: 22 | AL15: 24 | AM15: 36 | AN15: 13 | AO15: 22 | AP15: 42 | AQ15: 36 | AR15: 16 | AS15: 12 | AT15: 19 | AU15: 7 | AV15: 9 | AW15: 14 | AX15: 29 | AY15: 36 | AZ15: 4 | BA15: 27 | BB15: 23 | BC15: 30 | BD15: 6 | BE15: 11 | BF15: 11 | BG15: 22 | BH15: 14 | BI15: 25 | BJ15: 49 | BK15: 38
... D464: =IF(AVERAGE(F464:BC464)<0,0,AVERAGE(F464:BC464)) -> 49.08 | E464: 999.65863 | F464: 62 | G464: 53 | H464: 63 | I464: 84 | J464: 23 | K464: 49 | L464: 48 | M464: 103 | N464: 46 | O464: 52 | P464: 27 | Q464: 42 | R464: 40 | S464: 34 | T464: 25 | U464: 136 | V464: 51 | W464: 31 | X464: 33 | Y464: 38 | Z464: 25 | AA464: 75 | AB464: 62 | AC464: 90 | AD464: 124 | AE464: 89 | AF464: 58 | AG464: 36 | AH464: 32 | AI464: 38 | AJ464: 51 | AK464: 45 | AL464: 53 | AM464: 66 | AN464: 31 | AO464: 49 | AP464: 28 | AQ464: 38 | AR464: 47 | AS464: 37 | AT464: 63 | AU464: 23 | AV464: 46 | AW464: 28 | AX464: 44 | AY464: 43 | AZ464: 16 | BA464: 18 | BB464: 30 | BC464: 29 | BD464: 22 | BE464: 31 | BF464: 27 | BG464: 35 | BH464: 61 | BI464: 55 | BJ464: 78 | BK464: 47

Sheet Figure 4K
A1: Experimental Conditions:
A2: Daphnia magna was exposed to ~3 µm PE at a concentration of 1 ppm. Histological slices were 20 µm thick. After acquiring a histological slice, the slice was stained with 25% H&E stain. | I2: The data here has been normalized against the maximum intensity. For example, the intensity for unstained PE at a wavelength of 399.9241 was divided by the maximum intensity observed for unstained PE. Likewise, the remaining data was normalized using the same method.
D3: peak wavelength (nm) | E3: =VLOOKUP(E4,E6:I466,5,FALSE) -> 596.10461 | F3: =VLOOKUP(F4,F6:J466,4,FALSE) -> 596.10461 | G3: =VLOOKUP(G4,G6:K466,3,FALSE) -> 669.38843 | I3: peak wavelength (nm) | J3: =VLOOKUP(J4,J6:N466,4,FALSE) -> 596.10461 | K3: =VLOOKUP(K4,K6:O466,3,FALSE) -> 596.10461 | L3: =VLOOKUP(L4,L6:P466,2,FALSE) -> 669.38843 | M3: this column here is used for the VLOOKUP function used in the following cells: E3, F3, G3, J3, K3, and L3. The VLOOKUP function was used to find the peak wavelength.
D4: maximum intensity (a.u.) | E4: =MAX(E6:E466) -> 3016.18 | F4: =MAX(F6:F466) -> 3261.64 | G4: =MAX(G6:G466) -> 3272.68 | I4: maximum intensity (a.u.) | J4: =MAX(J6:J466) -> 1 | K4: =MAX(K6:K466) -> 1 | L4: =MAX(L6:L466) -> 1
D5: Wavelength (nm) | E5: average intensity from 50 pixels of unstained PE from Sheet titled PE unstained (a.u.) | F5: average intensity from 50 pixels of stained PE within histological slice from Sheet titled PE in histological slice (a.u.) | G5: average intensity from 50 pixels of stained biomass from Sheet titled stained biomass (a.u.) | I5: Wavelength (nm) | J5: unstained PE | K5: stained PE | L5: stained biomass | M5: wavelength (nm)
D6: 399.9241 | E6: ='PE unstained'!D3 -> 8.32 | F6: ='PE in histological slice'!D4 -> 18.96 | G6: ='stained biomass'!D4 -> 15.36 | I6: 399.9241 | J6: =E6/E$4 -> 0.0027584561 | K6: =F6/F$4 -> 0.0058130266 | L6: =G6/$G$4 -> 0.0046934011 | M6: 399.9241
D7: 401.12 | E7: ='PE unstained'!D4 -> 10 | F7: ='PE in histological slice'!D5 -> 18.8 | G7: ='stained biomass'!D5 -> 16.58 | I7: 401.12 | J7: =E7/E$4 -> 0.003315452 | K7: =F7/F$4 -> 0.0057639715 | L7: =G7/$G$4 -> 0.0050661843 | M7: 401.12
D8: 402.31641 | E8: ='PE unstained'!D5 -> 11.66 | F8: ='PE in histological slice'!D6 -> 19.06 | G8: ='stained biomass'!D6 -> 15.12 | I8: 402.31641 | J8: =E8/E$4 -> 0.003865817 | K8: =F8/F$4 -> 0.005843686 | L8: =G8/$G$4 -> 0.0046200667 | M8: 402.31641
D9: 403.51331 | E9: ='PE unstained'!D6 -> 9.66 | F9: ='PE in histological slice'!D7 -> 15.74 | G9: ='stained biomass'!D7 -> 18.62 | I9: 403.51331 | J9: =E9/E$4 -> 0.0032027266 | K9: =F9/F$4 -> 0.0048257932 | L9: =G9/$G$4 -> 0.0056895266 | M9: 403.51331
D10: 404.7106 | E10: ='PE unstained'!D7 -> 14.88 | F10: ='PE in histological slice'!D8 -> 19.62 | G10: ='stained biomass'!D8 -> 19.4 | I10: 404.7106 | J10: =E10/E$4 -> 0.0049333926 | K10: =F10/F$4 -> 0.0060153788 | L10: =G10/$G$4 -> 0.0059278634 | M10: 404.7106
D11: 405.90851 | E11: ='PE unstained'!D8 -> 11.32 | F11: ='PE in histological slice'!D9 -> 23.8 | G11: ='stained biomass'!D9 -> 19.44 | I11: 405.90851 | J11: =E11/E$4 -> 0.0037530917 | K11: =F11/F$4 -> 0.0072969426 | L11: =G11/$G$4 -> 0.0059400858 | M11: 405.90851
D12: 407.10681 | E12: ='PE unstained'!D9 -> 11.66 | F12: ='PE in histological slice'!D10 -> 19.86 | G12: ='stained biomass'!D10 -> 18.64 | I12: 407.10681 | J12: =E12/E$4 -> 0.003865817 | K12: =F12/F$4 -> 0.0060889614 | L12: =G12/$G$4 -> 0.0056956378 | M12: 407.10681
D13: 408.3056 | E13: ='PE unstained'!D10 -> 13.22 | F13: ='PE in histological slice'!D11 -> 23 | G13: ='stained biomass'!D11 -> 20.78 | I13: 408.3056 | J13: =E13/E$4 -> 0.0043830275 | K13: =F13/F$4 -> 0.0070516673 | L13: =G13/$G$4 -> 0.0063495362 | M13: 408.3056
D14: 409.50491 | E14: ='PE unstained'!D11 -> 17.68 | F14: ='PE in histological slice'!D12 -> 25.14 | G14: ='stained biomass'!D12 -> 19.16 | I14: 409.50491 | J14: =E14/E$4 -> 0.0058617191 | K14: =F14/F$4 -> 0.0077077789 | L14: =G14/$G$4 -> 0.005854529 | M14: 409.50491
D15: 410.70471 | E15: ='PE unstained'!D12 -> 14.34 | F15: ='PE in histological slice'!D13 -> 22.24 | G15: ='stained biomass'!D13 -> 24.4 | I15: 410.70471 | J15: =E15/E$4 -> 0.0047543582 | K15: =F15/F$4 -> 0.0068186556 | L15: =G15/$G$4 -> 0.0074556632 | M15: 410.70471
D16: 411.90491 | E16: ='PE unstained'!D13 -> 15.9 | F16: ='PE in histological slice'!D14 -> 22.68 | G16: ='stained biomass'!D14 -> 21.36 | I16: 411.90491 | J16: =E16/E$4 -> 0.0052715687 | K16: =F16/F$4 -> 0.0069535571 | L16: =G16/$G$4 -> 0.0065267609 | M16: 411.90491
D17: 413.10559 | E17: ='PE unstained'!D14 -> 18 | F17: ='PE in histological slice'!D15 -> 25.34 | G17: ='stained biomass'!D15 -> 24.58 | I17: 413.10559 | J17: =E17/E$4 -> 0.0059678136 | K17: =F17/F$4 -> 0.0077690978 | L17: =G17/$G$4 -> 0.007510664 | M17: 413.10559
... D466: 999.65863 | E466: ='PE unstained'!D463 -> 31.14 | F466: ='PE in histological slice'!D464 -> 49.08 | G466: ='stained biomass'!D464 -> 49.54 | I466: 999.65863 | J466: =E466/E$4 -> 0.010324318 | K466: =F466/F$4 -> 0.015047645 | L466: =G466/$G$4 -> 0.015137441 | M466: 999.65863

Sheet stained biomass
D3: average intensity from 50 pixels | E3: wavelength (nm) | F3: intensity (a.u.) [each column represents one pixel]
D4: =IF(AVERAGE(F4:BC4)<0,0,AVERAGE(F4:BC4)) -> 15.36 | E4: 399.9241 | F4: 7 | G4: 4 | H4: -2 | I4: 6 | J4: 25 | K4: 20 | L4: 26 | M4: 14 | N4: 16 | O4: 6 | P4: 12 | Q4: 3 | R4: 12 | S4: 4 | T4: 13 | U4: 27 | V4: 17 | W4: 29 | X4: 28 | Y4: 31 | Z4: 6 | AA4: 24 | AB4: 24 | AC4: 23 | AD4: 9 | AE4: 16 | AF4: 11 | AG4: 16 | AH4: 2 | AI4: 27 | AJ4: 25 | AK4: 22 | AL4: 10 | AM4: 66 | AN4: 42 | AO4: 20 | AP4: 19 | AQ4: 15 | AR4: 15 | AS4: 11 | AT4: 18 | AU4: 11 | AV4: 11 | AW4: 9 | AX4: -13 | AY4: 14 | AZ4: -10 | BA4: 13 | BB4: 4 | BC4: 10 | BD4: -7 | BE4: 19 | BF4: 13 | BG4: 1 | BH4: 9 | BI4: 29 | BJ4: 18 | BK4: 14
D5: =IF(AVERAGE(F5:BC5)<0,0,AVERAGE(F5:BC5)) -> 16.58 | E5: 401.12 | F5: 19 | G5: 14 | H5: 21 | I5: -12 | J5: 4 | K5: 20 | L5: 9 | M5: 12 | N5: 9 | O5: 5 | P5: 19 | Q5: 8 | R5: 22 | S5: 13 | T5: 21 | U5: 17 | V5: 8 | W5: 2 | X5: 31 | Y5: 33 | Z5: 10 | AA5: 8 | AB5: 24 | AC5: 16 | AD5: 19 | AE5: 5 | AF5: 38 | AG5: 18 | AH5: 30 | AI5: 26 | AJ5: 29 | AK5: 34 | AL5: 21 | AM5: 43 | AN5: 26 | AO5: 5 | AP5: 24 | AQ5: 15 | AR5: 8 | AS5: 9 | AT5: 29 | AU5: 18 | AV5: 17 | AW5: 10 | AX5: 14 | AY5: 16 | AZ5: 9 | BA5: 6 | BB5: 15 | BC5: 12 | BD5: 6 | BE5: 9 | BF5: 13 | BG5: 7 | BH5: -2 | BI5: 16 | BJ5: 7 | BK5: 2
D6: =IF(AVERAGE(F6:BC6)<0,0,AVERAGE(F6:BC6)) -> 15.12 | E6: 402.31641 | F6: 28 | G6: 14 | H6: 16 | I6: 17 | J6: 12 | K6: 23 | L6: 13 | M6: 16 | N6: 14 | O6: -2 | P6: 21 | Q6: 2 | R6: 8 | S6: 5 | T6: 35 | U6: 23 | V6: 3 | W6: 10 | X6: 7 | Y6: 7 | Z6: 11 | AA6: 23 | AB6: 19 | AC6: 5 | AD6: 15 | AE6: 20 | AF6: 34 | AG6: 18 | AH6: 12 | AI6: 17 | AJ6: 27 | AK6: 19 | AL6: -2 | AM6: 46 | AN6: 30 | AO6: 9 | AP6: 17 | AQ6: 5 | AR6: 4 | AS6: 13 | AT6: 12 | AU6: 28 | AV6: 19 | AW6: 8 | AX6: 13 | AY6: 18 | AZ6: 10 | BA6: 13 | BB6: 9 | BC6: 12 | BD6: 11 | BE6: 9 | BF6: -4 | BG6: 19 | BH6: 24 | BI6: 32 | BJ6: 13 | BK6: 10
D7: =IF(AVERAGE(F7:BC7)<0,0,AVERAGE(F7:BC7)) -> 18.62 | E7: 403.51331 | F7: 24 | G7: 12 | H7: 17 | I7: 28 | J7: 17 | K7: 37 | L7: 43 | M7: 21 | N7: 29 | O7: 2 | P7: 7 | Q7: 0 | R7: 6 | S7: 6 | T7: 13 | U7: 17 | V7: 13 | W7: 13 | X7: 31 | Y7: 37 | Z7: 14 | AA7: 7 | AB7: 21 | AC7: 0 | AD7: 27 | AE7: 19 | AF7: 33 | AG7: 17 | AH7: 19 | AI7: 25 | AJ7: 11 | AK7: 53 | AL7: 4 | AM7: 56 | AN7: 45 | AO7: 20 | AP7: 11 | AQ7: 18 | AR7: 13 | AS7: 14 | AT7: 15 | AU7: 24 | AV7: 18 | AW7: 29 | AX7: 17 | AY7: 10 | AZ7: 0 | BA7: 5 | BB7: 12 | BC7: 1 | BD7: 3 | BE7: 8 | BF7: -5 | BG7: 2 | BH7: 4 | BI7: 8 | BJ7: 15 | BK7: 12
D8: =IF(AVERAGE(F8:BC8)<0,0,AVERAGE(F8:BC8)) -> 19.4 | E8: 404.7106 | F8: 33 | G8: 17 | H8: 27 | I8: 11 | J8: 18 | K8: 31 | L8: 45 | M8: 14 | N8: 7 | O8: 24 | P8: 23 | Q8: 17 | R8: 22 | S8: 27 | T8: 4 | U8: 27 | V8: 17 | W8: 34 | X8: 26 | Y8: 32 | Z8: 9 | AA8: 10 | AB8: 14 | AC8: 16 | AD8: 14 | AE8: 6 | AF8: 5 | AG8: 13 | AH8: 35 | AI8: 17 | AJ8: 40 | AK8: 30 | AL8: 6 | AM8: 53 | AN8: 26 | AO8: 23 | AP8: 2 | AQ8: 3 | AR8: 28 | AS8: 10 | AT8: 25 | AU8: 22 | AV8: 6 | AW8: 20 | AX8: 13 | AY8: 23 | AZ8: 12 | BA8: 8 | BB8: 16 | BC8: 9 | BD8: -15 | BE8: 14 | BF8: 14 | BG8: 19 | BH8: 18 | BI8: 28 | BJ8: 9 | BK8: 22
D9: =IF(AVERAGE(F9:BC9)<0,0,AVERAGE(F9:BC9)) -> 19.44 | E9: 405.90851 | F9: 5 | G9: 21 | H9: 12 | I9: 16 | J9: 29 | K9: 29 | L9: 31 | M9: 28 | N9: 17 | O9: 19 | P9: 25 | Q9: 10 | R9: 28 | S9: 10 | T9: 10 | U9: 31 | V9: 16 | W9: 26 | X9: 19 | Y9: 47 | Z9: 15 | AA9: 20 | AB9: 5 | AC9: 25 | AD9: 21 | AE9: 38 | AF9: 28 | AG9: 13 | AH9: 42 | AI9: 42 | AJ9: 13 | AK9: 16 | AL9: 20 | AM9: 62 | AN9: 27 | AO9: 19 | AP9: 7 | AQ9: 17 | AR9: 11 | AS9: 5 | AT9: 4 | AU9: 17 | AV9: 12 | AW9: 5 | AX9: 20 | AY9: 12 | AZ9: 12 | BA9: 9 | BB9: -1 | BC9: 7 | BD9: 9 | BE9: 22 | BF9: -11 | BG9: 4 | BH9: -9 | BI9: 44 | BJ9: 22 | BK9: 10
D10: =IF(AVERAGE(F10:BC10)<0,0,AVERAGE(F10:BC10)) -> 18.64 | E10: 407.10681 | F10: 20 | G10: 14 | H10: 13 | I10: 8 | J10: 13 | K10: 39 | L10: 46 | M10: 26 | N10: 23 | O10: 26 | P10: 17 | Q10: 17 | R10: 16 | S10: 8 | T10: 22 | U10: 32 | V10: -2 | W10: 36 | X10: 25 | Y10: 15 | Z10: 29 | AA10: 27 | AB10: 11 | AC10: 18 | AD10: 14 | AE10: 26 | AF10: 19 | AG10: 21 | AH10: 32 | AI10: 19 | AJ10: 34 | AK10: 16 | AL10: 20 | AM10: 49 | AN10: 36 | AO10: 15 | AP10: 11 | AQ10: 3 | AR10: 18 | AS10: 16 | AT10: 8 | AU10: 18 | AV10: 20 | AW10: 7 | AX10: 31 | AY10: 0 | AZ10: -3 | BA10: 9 | BB10: -8 | BC10: 2 | BD10: -5 | BE10: 5 | BF10: 12 | BG10: 16 | BH10: 5 | BI10: 26 | BJ10: 17 | BK10: 11
D11: =IF(AVERAGE(F11:BC11)<0,0,AVERAGE(F11:BC11)) -> 20.78 | E11: 408.3056 | F11: 30 | G11: 19 | H11: 14 | I11: 5 | J11: 16 | K11: 35 | L11: 59 | M11: 20 | N11: 29 | O11: -2 | P11: 13 | Q11: 9 | R11: 19 | S11: 9 | T11: 12 | U11: 5 | V11: 10 | W11: 24 | X11: 33 | Y11: 32 | Z11: 25 | AA11: 40 | AB11: 18 | AC11: 11 | AD11: 24 | AE11: 17 | AF11: 0 | AG11: 18 | AH11: 19 | AI11: 35 | AJ11: 43 | AK11: 35 | AL11: 35 | AM11: 68 | AN11: 60 | AO11: 20 | AP11: 11 | AQ11: 13 | AR11: 13 | AS11: 8 | AT11: 2 | AU11: 25 | AV11: 7 | AW11: 23 | AX11: 16 | AY11: 21 | AZ11: 29 | BA11: 7 | BB11: 5 | BC11: 0 | BD11: 9 | BE11: 3 | BF11: 7 | BG11: 22 | BH11: 2 | BI11: 30 | BJ11: 17 | BK11: 16
D12: =IF(AVERAGE(F12:BC12)<0,0,AVERAGE(F12:BC12)) -> 19.16 | E12: 409.50491 | F12: 9 | G12: 26 | H12: 24 | I12: 22 | J12: 26 | K12: 9 | L12: 59 | M12: 27 | N12: 36 | O12: 18 | P12: 12 | Q12: 10 | R12: 28 | S12: 12 | T12: 23 | U12: 27 | V12: 28 | W12: 30 | X12: 26 | Y12: 34 | Z12: 13 | AA12: 24 | AB12: 11 | AC12: 28 | AD12: 12 | AE12: -2 | AF12: 29 | AG12: 14 | AH12: 31 | AI12: 22 | AJ12: 15 | AK12: 24 | AL12: 3 | AM12: 34 | AN12: 40 | AO12: -2 | AP12: 8 | AQ12: 1 | AR12: 15 | AS12: 6 | AT12: 26 | AU12: 8 | AV12: 9 | AW12: 25 | AX12: 14 | AY12: 24 | AZ12: 12 | BA12: 22 | BB12: -3 | BC12: 9 | BD12: -5 | BE12: -4 | BF12: 10 | BG12: -2 | BH12: 8 | BI12: 39 | BJ12: 27 | BK12: 20
D13: =IF(AVERAGE(F13:BC13)<0,0,AVERAGE(F13:BC13)) -> 24.4 | E13: 410.70471 | F13: 12 | G13: 33 | H13: 13 | I13: 13 | J13: 35 | K13: 32 | L13: 38 | M13: 34 | N13: 24 | O13: 23 | P13: 23 | Q13: 17 | R13: 16 | S13: 9 | T13: 19 | U13: 36 | V13: 23 | W13: 21 | X13: 26 | Y13: 34 | Z13: 18 | AA13: 52 | AB13: 17 | AC13: 11 | AD13: 13 | AE13: 5 | AF13: 45 | AG13: 37 | AH13: 26 | AI13: 37 | AJ13: 56 | AK13: 22 | AL13: 24 | AM13: 76 | AN13: 36 | AO13: 23 | AP13: 27 | AQ13: 22 | AR13: 29 | AS13: 14 | AT13: 9 | AU13: 23 | AV13: 12 | AW13: 23 | AX13: 25 | AY13: 18 | AZ13: 17 | BA13: 16 | BB13: 7 | BC13: -1 | BD13: 4 | BE13: 6 | BF13: 1 | BG13: 14 | BH13: 19 | BI13: 51 | BJ13: 33 | BK13: 19
D14: =IF(AVERAGE(F14:BC14)<0,0,AVERAGE(F14:BC14)) -> 21.36 | E14: 411.90491 | F14: 26 | G14: 9 | H14: 4 | I14: -2 | J14: 19 | K14: 35 | L14: 37 | M14: 23 | N14: 30 | O14: 27 | P14: 16 | Q14: 9 | R14: 20 | S14: 10 | T14: 21 | U14: 19 | V14: 18 | W14: 26 | X14: 27 | Y14: 19 | Z14: 17 | AA14: 45 | AB14: 17 | AC14: 7 | AD14: 20 | AE14: 23 | AF14: 27 | AG14: 44 | AH14: 9 | AI14: 27 | AJ14: 39 | AK14: 46 | AL14: 7 | AM14: 57 | AN14: 46 | AO14: 14 | AP14: 21 | AQ14: 5 | AR14: 20 | AS14: 8 | AT14: 29 | AU14: 35 | AV14: 24 | AW14: 28 | AX14: 6 | AY14: 14 | AZ14: 17 | BA14: 2 | BB14: 11 | BC14: 10 | BD14: 14 | BE14: 19 | BF14: 0 | BG14: 9 | BH14: 18 | BI14: 56 | BJ14: 22 | BK14: 18
D15: =IF(AVERAGE(F15:BC15)<0,0,AVERAGE(F15:BC15)) -> 24.58 | E15: 413.10559 | F15: 20 | G15: 19 | H15: 19 | I15: 12 | J15: 25 | K15: 33 | L15: 60 | M15: 32 | N15: 24 | O15: 11 | P15: 32 | Q15: 17 | R15: 21 | S15: 9 | T15: 5 | U15: 16 | V15: 28 | W15: 28 | X15: 33 | Y15: 23 | Z15: 18 | AA15: 34 | AB15: 7 | AC15: 22 | AD15: 34 | AE15: 36 | AF15: 29 | AG15: 25 | AH15: 23 | AI15: 33 | AJ15: 40 | AK15: 40 | AL15: 32 | AM15: 76 | AN15: 42 | AO15: 23 | AP15: 16 | AQ15: 14 | AR15: 24 | AS15: 27 | AT15: 16 | AU15: 26 | AV15: 26 | AW15: 7 | AX15: 28 | AY15: 23 | AZ15: 12 | BA15: 8 | BB15: 15 | BC15: 6 | BD15: 20 | BE15: 9 | BF15: 16 | BG15: 8 | BH15: 7 | BI15: 55 | BJ15: 13 | BK15: 17
... D464: =IF(AVERAGE(F464:BC464)<0,0,AVERAGE(F464:BC464)) -> 49.54 | E464: 999.65863 | F464: 43 | G464: 56 | H464: 69 | I464: 25 | J464: 66 | K464: 105 | L464: 152 | M464: 109 | N464: 90 | O464: 78 | P464: 54 | Q464: 81 | R464: 60 | S464: 14 | T464: 30 | U464: 57 | V464: 20 | W464: 32 | X464: 65 | Y464: 55 | Z464: 22 | AA464: 33 | AB464: 41 | AC464: 60 | AD464: 62 | AE464: 26 | AF464: 27 | AG464: 12 | AH464: 20 | AI464: 71 | AJ464: 92 | AK464: 111 | AL464: 28 | AM464: 93 | AN464: 114 | AO464: 38 | AP464: 43 | AQ464: 38 | AR464: 47 | AS464: 4 | AT464: 41 | AU464: 55 | AV464: 33 | AW464: 34 | AX464: 20 | AY464: 0 | AZ464: 25 | BA464: 24 | BB464: 4 | BC464: -2 | BD464: 17 | BE464: 29 | BF464: -5 | BG464: 9 | BH464: 14 | BI464: 167 | BJ464: 286 | BK464: 16
