Workbook

Sheet raw data biomass
A1: X value [cmâ»Â¹]
A2: 923 | B2: -1.7212902 | C2: 2.0178668 | D2: 2.9970419 | E2: 0.5598709 | F2: -0.34934184 | G2: 2.7626169 | H2: -1.6842145 | I2: 0.63410509 | J2: -0.37357473 | K2: -3.10097 | L2: 0.64877594 | M2: 0.37455368 | N2: -2.2768612 | O2: -3.1136174 | P2: -2.0198426 | Q2: 1.1524054 | R2: 1.622332 | S2: -3.1998124 | T2: 0.49789751 | U2: 0.095646426
A3: 925 | B3: -1.3874255 | C3: 2.5701854 | D3: 3.0643837 | E3: 1.0272819 | F3: -0.64076525 | G3: 0.60585392 | H3: -1.3690755 | I3: 0.97857058 | J3: 0.15277612 | K3: -3.9548993 | L3: -0.1989904 | M3: 1.4279505 | N3: -2.4268663 | O3: -2.3538489 | P3: -2.5131366 | Q3: 1.4834105 | R3: 1.8169222 | S3: -3.5533514 | T3: 1.1049806 | U3: -0.22063848
A4: 927 | B4: -1.0693566 | C4: 3.5956895 | D4: 3.3009627 | E4: 0.92765534 | F4: -0.98885721 | G4: -0.92536849 | H4: -0.86158717 | I4: -0.20610742 | J4: 1.310853 | K4: -4.4240294 | L4: -0.67734587 | M4: 1.7868994 | N4: -1.7562964 | O4: -1.8153993 | P4: -2.599416 | Q4: 1.8187578 | R4: 1.250298 | S4: -4.1116734 | T4: 1.371555 | U4: -1.154364
A5: 929 | B5: -1.5603354 | C5: 4.1488705 | D5: 2.3461773 | E5: 0.49553213 | F5: -0.93065035 | G5: -1.3451033 | H5: -0.8581636 | I5: -2.3909402 | J5: 1.4310642 | K5: -4.5345483 | L5: -0.24567232 | M5: 2.4843719 | N5: -1.5639819 | O5: -2.0062778 | P5: -2.0878553 | Q5: 2.7804952 | R5: 0.39486068 | S5: -4.0916243 | T5: 1.4667623 | U5: -1.2629703
A6: 931 | B6: -1.5154413 | C6: 2.7853544 | D6: 0.31151551 | E6: -0.15850675 | F6: -0.26889768 | G6: -0.86895645 | H6: -0.51520133 | I6: -2.8642979 | J6: 0.41352993 | K6: -3.4065733 | L6: -0.21917185 | M6: 1.940348 | N6: -2.2878311 | O6: -1.5500574 | P6: -0.94947815 | Q6: 2.4711626 | R6: 0.11933865 | S6: -2.9229162 | T6: 1.4914182 | U6: -1.6748753
A7: 933 | B7: -0.55986756 | C7: 0.93112415 | D7: -0.54631907 | E7: -0.99757904 | F7: -0.54740161 | G7: -0.72491682 | H7: -0.15381345 | I7: -2.3413739 | J7: 0.024976984 | K7: -1.4128344 | L7: -0.0057134912 | M7: 1.1836762 | N7: -1.7570856 | O7: -0.93397391 | P7: 0.33427829 | Q7: 0.4771485 | R7: -0.30990103 | S7: -1.4588056 | T7: 0.51121008 | U7: -1.2595271
A8: 935 | B8: -0.39985675 | C8: -0.29115027 | D8: -0.69482821 | E8: -1.0050205 | F8: -0.7154488 | G8: -0.68928248 | H8: -0.33031321 | I8: -1.9243971 | J8: 0.091339603 | K8: -0.64163959 | L8: 0.028570497 | M8: 0.63352305 | N8: -0.67909753 | O8: -0.64724714 | P8: 0.81065482 | Q8: -1.0472399 | R8: -0.70245999 | S8: -0.4743343 | T8: -0.52464497 | U8: -0.40887851
A9: 937 | B9: -0.21970785 | C9: -0.71786731 | D9: -0.5478211 | E9: -1.019644 | F9: -0.36626041 | G9: -0.47775838 | H9: -0.74311972 | I9: -1.5608623 | J9: 0.26631942 | K9: -0.29908195 | L9: 0.24940988 | M9: 0.13192402 | N9: -0.45371735 | O9: -0.48050779 | P9: 0.73322409 | Q9: -1.3961015 | R9: -0.62618983 | S9: 0.17523107 | T9: -0.88809693 | U9: -0.32879463
A10: 939 | B10: -0.16801728 | C10: -0.80896306 | D10: -0.45550412 | E10: -0.60754085 | F10: -0.060088791 | G10: -0.46665689 | H10: -0.77890998 | I10: -1.2657672 | J10: 0.17996541 | K10: -0.20110215 | L10: 0.36425939 | M10: -0.017500222 | N10: -0.49706674 | O10: -0.17564969 | P10: 0.3409887 | Q10: -1.0205269 | R10: -0.63320029 | S10: 0.020719398 | T10: -0.89542311 | U10: -0.40204987
A11: 941 | B11: -0.45761576 | C11: -0.91081136 | D11: -0.35376868 | E11: -0.33895564 | F11: 0.050293155 | G11: -0.62605643 | H11: -0.81865704 | I11: -1.0427719 | J11: -0.084128685 | K11: -0.097265512 | L11: 0.36376709 | M11: 0.22190996 | N11: -0.60887527 | O11: -0.0035542131 | P11: 0.16861659 | Q11: -0.80358589 | R11: -0.69859022 | S11: -0.15172775 | T11: -0.49480581 | U11: -0.2711471
A12: 943 | B12: -0.65658689 | C12: -1.0006222 | D12: -0.10671368 | E12: -0.2511881 | F12: 0.023273665 | G12: -0.70852208 | H12: -0.62315208 | I12: -0.65924144 | J12: -0.35751507 | K12: 0.0048153973 | L12: 0.20297231 | M12: 0.44179475 | N12: -0.7636472 | O12: -0.16638041 | P12: 0.16301194 | Q12: -0.68625414 | R12: -0.53572804 | S12: -0.20276901 | T12: -0.32125595 | U12: -0.21198431
A13: 945 | B13: -0.5425052 | C13: -0.94948816 | D13: 0.056307774 | E13: -0.37408265 | F13: -0.14457786 | G13: -0.70928973 | H13: -0.58424616 | I13: -0.35878128 | J13: -0.49524492 | K13: -0.061885536 | L13: 0.06191472 | M13: 0.46133128 | N13: -0.94561642 | O13: -0.11927238 | P13: 0.15601327 | Q13: -0.33459297 | R13: -0.35020888 | S13: -0.22237089 | T13: -0.26065359 | U13: -0.36796853
... A594: 2995 | B594: 0.76614112 | C594: -0.20400921 | D594: -2.5175529 | E594: 0.16247439 | F594: -0.80655092 | G594: 2.0618289 | H594: 0.59961736 | I594: 1.2327944 | J594: -1.6007018 | K594: -3.6433115 | L594: 1.5416343 | M594: 3.9156322 | N594: 0.2261117 | O594: -0.13381675 | P594: -3.3632627 | Q594: -0.31512406 | R594: -2.795644 | S594: -3.4972148 | T594: -0.019075921 | U594: -0.94388479

Sheet Figure S14F
A1: This data here is copied from the raw data biomass sheet. | X1: Maximum intensity from Column U (mV): | Y1: =MAX(Y3:Y588) -> 6.1460481 | Z1: =MAX(Z3:Z588) -> 1
A2: Wavenumber (cm-1) | X2: Wavenumber (cm-1) | Y2: average intensity (mV) | Z2: The values here have been normalized against the max intensity. For example, the intensity for the wavenumber of 940 was divided by the maximum intensity, e.g. Y3/Y1. Likewise, the remaining data was normalized.
A3: 923 | B3: -1.7212902 | C3: 2.0178668 | D3: 2.9970419 | E3: 0.5598709 | F3: -0.34934184 | G3: 2.7626169 | H3: -1.6842145 | I3: 0.63410509 | J3: -0.37357473 | K3: -3.10097 | L3: 0.64877594 | M3: 0.37455368 | N3: -2.2768612 | O3: -3.1136174 | P3: -2.0198426 | Q3: 1.1524054 | R3: 1.622332 | S3: -3.1998124 | T3: 0.49789751 | U3: 0.095646426 | X3: 923 | Y3: =AVERAGE(B3:U3) -> -0.22382062 | Z3: =Y3/$Y$1 -> -0.036416998
A4: 925 | B4: -1.3874255 | C4: 2.5701854 | D4: 3.0643837 | E4: 1.0272819 | F4: -0.64076525 | G4: 0.60585392 | H4: -1.3690755 | I4: 0.97857058 | J4: 0.15277612 | K4: -3.9548993 | L4: -0.1989904 | M4: 1.4279505 | N4: -2.4268663 | O4: -2.3538489 | P4: -2.5131366 | Q4: 1.4834105 | R4: 1.8169222 | S4: -3.5533514 | T4: 1.1049806 | U4: -0.22063848 | X4: 925 | Y4: =AVERAGE(B4:U4) -> -0.21933412 | Z4: =Y4/$Y$1 -> -0.035687016
A5: 927 | B5: -1.0693566 | C5: 3.5956895 | D5: 3.3009627 | E5: 0.92765534 | F5: -0.98885721 | G5: -0.92536849 | H5: -0.86158717 | I5: -0.20610742 | J5: 1.310853 | K5: -4.4240294 | L5: -0.67734587 | M5: 1.7868994 | N5: -1.7562964 | O5: -1.8153993 | P5: -2.599416 | Q5: 1.8187578 | R5: 1.250298 | S5: -4.1116734 | T5: 1.371555 | U5: -1.154364 | X5: 927 | Y5: =AVERAGE(B5:U5) -> -0.26135652 | Z5: =Y5/$Y$1 -> -0.04252432 | AB5: Graph plotted using normalized intensity values
A6: 929 | B6: -1.5603354 | C6: 4.1488705 | D6: 2.3461773 | E6: 0.49553213 | F6: -0.93065035 | G6: -1.3451033 | H6: -0.8581636 | I6: -2.3909402 | J6: 1.4310642 | K6: -4.5345483 | L6: -0.24567232 | M6: 2.4843719 | N6: -1.5639819 | O6: -2.0062778 | P6: -2.0878553 | Q6: 2.7804952 | R6: 0.39486068 | S6: -4.0916243 | T6: 1.4667623 | U6: -1.2629703 | X6: 929 | Y6: =AVERAGE(B6:U6) -> -0.36649944 | Z6: =Y6/$Y$1 -> -0.059631723
A7: 931 | B7: -1.5154413 | C7: 2.7853544 | D7: 0.31151551 | E7: -0.15850675 | F7: -0.26889768 | G7: -0.86895645 | H7: -0.51520133 | I7: -2.8642979 | J7: 0.41352993 | K7: -3.4065733 | L7: -0.21917185 | M7: 1.940348 | N7: -2.2878311 | O7: -1.5500574 | P7: -0.94947815 | Q7: 2.4711626 | R7: 0.11933865 | S7: -2.9229162 | T7: 1.4914182 | U7: -1.6748753 | X7: 931 | Y7: =AVERAGE(B7:U7) -> -0.48347686 | Z7: =Y7/$Y$1 -> -0.078664673
A8: 933 | B8: -0.55986756 | C8: 0.93112415 | D8: -0.54631907 | E8: -0.99757904 | F8: -0.54740161 | G8: -0.72491682 | H8: -0.15381345 | I8: -2.3413739 | J8: 0.024976984 | K8: -1.4128344 | L8: -0.0057134912 | M8: 1.1836762 | N8: -1.7570856 | O8: -0.93397391 | P8: 0.33427829 | Q8: 0.4771485 | R8: -0.30990103 | S8: -1.4588056 | T8: 0.51121008 | U8: -1.2595271 | X8: 933 | Y8: =AVERAGE(B8:U8) -> -0.47733491 | Z8: =Y8/$Y$1 -> -0.077665339
A9: 935 | B9: -0.39985675 | C9: -0.29115027 | D9: -0.69482821 | E9: -1.0050205 | F9: -0.7154488 | G9: -0.68928248 | H9: -0.33031321 | I9: -1.9243971 | J9: 0.091339603 | K9: -0.64163959 | L9: 0.028570497 | M9: 0.63352305 | N9: -0.67909753 | O9: -0.64724714 | P9: 0.81065482 | Q9: -1.0472399 | R9: -0.70245999 | S9: -0.4743343 | T9: -0.52464497 | U9: -0.40887851 | X9: 935 | Y9: =AVERAGE(B9:U9) -> -0.48058756 | Z9: =Y9/$Y$1 -> -0.078194566
A10: 937 | B10: -0.21970785 | C10: -0.71786731 | D10: -0.5478211 | E10: -1.019644 | F10: -0.36626041 | G10: -0.47775838 | H10: -0.74311972 | I10: -1.5608623 | J10: 0.26631942 | K10: -0.29908195 | L10: 0.24940988 | M10: 0.13192402 | N10: -0.45371735 | O10: -0.48050779 | P10: 0.73322409 | Q10: -1.3961015 | R10: -0.62618983 | S10: 0.17523107 | T10: -0.88809693 | U10: -0.32879463 | X10: 937 | Y10: =AVERAGE(B10:U10) -> -0.42847113 | Z10: =Y10/$Y$1 -> -0.0697149
A11: 939 | B11: -0.16801728 | C11: -0.80896306 | D11: -0.45550412 | E11: -0.60754085 | F11: -0.060088791 | G11: -0.46665689 | H11: -0.77890998 | I11: -1.2657672 | J11: 0.17996541 | K11: -0.20110215 | L11: 0.36425939 | M11: -0.017500222 | N11: -0.49706674 | O11: -0.17564969 | P11: 0.3409887 | Q11: -1.0205269 | R11: -0.63320029 | S11: 0.020719398 | T11: -0.89542311 | U11: -0.40204987 | X11: 939 | Y11: =AVERAGE(B11:U11) -> -0.37740171 | Z11: =Y11/$Y$1 -> -0.06140559
A12: 941 | B12: -0.45761576 | C12: -0.91081136 | D12: -0.35376868 | E12: -0.33895564 | F12: 0.050293155 | G12: -0.62605643 | H12: -0.81865704 | I12: -1.0427719 | J12: -0.084128685 | K12: -0.097265512 | L12: 0.36376709 | M12: 0.22190996 | N12: -0.60887527 | O12: -0.0035542131 | P12: 0.16861659 | Q12: -0.80358589 | R12: -0.69859022 | S12: -0.15172775 | T12: -0.49480581 | U12: -0.2711471 | X12: 941 | Y12: =AVERAGE(B12:U12) -> -0.34788653 | Z12: =Y12/$Y$1 -> -0.056603287
A13: 943 | B13: -0.65658689 | C13: -1.0006222 | D13: -0.10671368 | E13: -0.2511881 | F13: 0.023273665 | G13: -0.70852208 | H13: -0.62315208 | I13: -0.65924144 | J13: -0.35751507 | K13: 0.0048153973 | L13: 0.20297231 | M13: 0.44179475 | N13: -0.7636472 | O13: -0.16638041 | P13: 0.16301194 | Q13: -0.68625414 | R13: -0.53572804 | S13: -0.20276901 | T13: -0.32125595 | U13: -0.21198431 | X13: 943 | Y13: =AVERAGE(B13:U13) -> -0.32078462 | Z13: =Y13/$Y$1 -> -0.05219364
A14: 945 | B14: -0.5425052 | C14: -0.94948816 | D14: 0.056307774 | E14: -0.37408265 | F14: -0.14457786 | G14: -0.70928973 | H14: -0.58424616 | I14: -0.35878128 | J14: -0.49524492 | K14: -0.061885536 | L14: 0.06191472 | M14: 0.46133128 | N14: -0.94561642 | O14: -0.11927238 | P14: 0.15601327 | Q14: -0.33459297 | R14: -0.35020888 | S14: -0.22237089 | T14: -0.26065359 | U14: -0.36796853 | X14: 945 | Y14: =AVERAGE(B14:U14) -> -0.30426091 | Z14: =Y14/$Y$1 -> -0.049505129
A15: 947 | B15: -0.30377614 | C15: -0.75040418 | D15: 0.0050789895 | E15: -0.48479375 | F15: -0.29801163 | G15: -0.51622546 | H15: -0.47840229 | I15: -0.23218253 | J15: -0.38518929 | K15: -0.16605371 | L15: 0.031267747 | M15: 0.34333369 | N15: -0.79799235 | O15: 0.03624079 | P15: 0.10233796 | Q15: 0.10290362 | R15: -0.23476519 | S15: -0.33608463 | T15: -0.17165633 | U15: -0.69778252 | X15: 947 | Y15: =AVERAGE(B15:U15) -> -0.26160786 | Z15: =Y15/$Y$1 -> -0.042565215
A16: 949 | B16: -0.23827066 | C16: -0.58832067 | D16: -0.16005439 | E16: -0.39136177 | F16: -0.31545833 | G16: -0.34007388 | H16: -0.48585129 | I16: 0.043190241 | J16: -0.18925074 | K16: -0.21090983 | L16: -0.019591672 | M16: 0.28074199 | N16: -0.39928472 | O16: 0.048826396 | P16: 0.064354822 | Q16: 0.28884795 | R16: -0.23340006 | S16: -0.39988557 | T16: -0.2007499 | U16: -0.78153294 | X16: 949 | Y16: =AVERAGE(B16:U16) -> -0.21140175 | Z16: =Y16/$Y$1 -> -0.034396371
A17: 951 | B17: -0.3820096 | C17: -0.4774881 | D17: -0.028409448 | E17: -0.20414591 | F17: -0.23689216 | G17: -0.18239716 | H17: -0.50409514 | I17: 0.40080139 | J17: -0.029329475 | K17: -0.19198273 | L17: -0.04834412 | M17: 0.21079201 | N17: -0.016770085 | O17: 0.073926203 | P17: 0.05740454 | Q17: 0.40415102 | R17: -0.14167088 | S17: -0.22867614 | T17: -0.28335643 | U17: -0.58563656 | X17: 951 | Y17: =AVERAGE(B17:U17) -> -0.11970644 | Z17: =Y17/$Y$1 -> -0.019476977
... A595: 2995 | B595: 0.76614112 | C595: -0.20400921 | D595: -2.5175529 | E595: 0.16247439 | F595: -0.80655092 | G595: 2.0618289 | H595: 0.59961736 | I595: 1.2327944 | J595: -1.6007018 | K595: -3.6433115 | L595: 1.5416343 | M595: 3.9156322 | N595: 0.2261117 | O595: -0.13381675 | P595: -3.3632627 | Q595: -0.31512406 | R595: -2.795644 | S595: -3.4972148 | T595: -0.019075921 | U595: -0.94388479 | X595: 2995 | Y595: =AVERAGE(B595:U595) -> -0.46669575 | Z595: =Y595/$Y$1 -> -0.075934281

Sheet raw data PS in slice
A1: X value [cm‚Åª¬π]
A2: 923 | B2: 1.0227988 | C2: 0.31737849 | D2: 0.19455342 | E2: -3.1083627 | F2: -1.5628419 | G2: -4.5795512 | H2: 0.13756056 | I2: 3.826932 | J2: 1.5412018 | K2: -6.2481813 | L2: -4.5004058 | M2: 1.1881323 | N2: 3.6196268 | O2: 5.4265432 | P2: 5.7249603 | Q2: 7.9718361 | R2: -2.115061 | S2: 2.9620428 | T2: 0.33999747
A3: 925 | B3: 0.022948623 | C3: 0.011553335 | D3: 0.56524956 | E3: -4.2330499 | F3: -1.6352164 | G3: -5.7458491 | H3: -0.96524125 | I3: 4.9114347 | J3: 1.1360945 | K3: -3.6856866 | L3: -0.8359822 | M3: 3.7827489 | N3: 2.6396587 | O3: 6.2775941 | P3: 6.826427 | Q3: 5.7716446 | R3: -0.14388418 | S3: 2.9810205 | T3: -0.85523194
A4: 927 | B4: -1.6302751 | C4: -1.112662 | D4: 0.61027253 | E4: -3.2372439 | F4: -2.214669 | G4: -5.771903 | H4: -2.2295239 | I4: 6.6860838 | J4: 2.4935195 | K4: -1.7169743 | L4: -0.41020817 | M4: 5.2019253 | N4: -0.051896118 | O4: 5.4994464 | P4: 7.1884785 | Q4: 3.1430666 | R4: 1.6013997 | S4: 3.8757517 | T4: -0.4402248
A5: 929 | B5: -1.7078776 | C5: -3.5168426 | D5: 1.3788984 | E5: -2.1826141 | F5: -3.7995329 | G5: -4.4340286 | H5: -1.6972888 | I5: 6.7043986 | J5: 4.887886 | K5: -2.1330826 | L5: -0.69451916 | M5: 5.3714685 | N5: 0.12943614 | O5: 5.2029042 | P5: 6.0156655 | Q5: 0.44239926 | R5: 1.9476793 | S5: 4.3391876 | T5: -0.1394562
A6: 931 | B6: -2.270885 | C6: -4.2019558 | D6: 1.2823561 | E6: 1.1533145 | F6: -4.5863652 | G6: -2.9486072 | H6: -2.3393641 | I6: 4.4855423 | J6: 5.092917 | K6: -2.1791244 | L6: -0.97121835 | M6: 3.7327356 | N6: -1.1535906 | O6: 4.4357753 | P6: 3.3672194 | Q6: -2.101192 | R6: 0.98852491 | S6: 4.2859111 | T6: -1.5459684
A7: 933 | B7: -0.78183424 | C7: -3.1257064 | D7: 0.33319217 | E7: 1.7719228 | F7: -2.3589818 | G7: -2.1086304 | H7: -2.5481997 | I7: 1.6517078 | J7: 2.2085176 | K7: -1.1755679 | L7: -0.75721282 | M7: 2.5323305 | N7: 0.6245389 | O7: 1.161091 | P7: 0.32695121 | Q7: -2.962631 | R7: -0.93932283 | S7: 3.4071522 | T7: -1.4295532
A8: 935 | B8: 0.046655815 | C8: -2.1982996 | D8: 0.3733252 | E8: 1.8739278 | F8: -2.0143337 | G8: -1.0108972 | H8: -1.393405 | I8: 0.67218113 | J8: -0.064044759 | K8: -1.1927849 | L8: -0.39101642 | M8: 2.8792381 | N8: 0.33656463 | O8: -0.21975754 | P8: -0.6610679 | Q8: -1.7670842 | R8: -0.58005583 | S8: 2.8095298 | T8: -0.77247226
A9: 937 | B9: -0.15351048 | C9: -0.57841486 | D9: 0.19674179 | E9: 1.5798441 | F9: -1.6731609 | G9: -0.80106676 | H9: -0.43098876 | I9: 0.64154148 | J9: -0.29871091 | K9: -0.23500809 | L9: -0.11276826 | M9: 1.7716601 | N9: -0.10017299 | O9: 0.35364461 | P9: -0.48525569 | Q9: -1.0942152 | R9: -0.052973747 | S9: 1.4995699 | T9: -0.50639421
A10: 939 | B10: -0.4790675 | C10: 0.23845124 | D10: -0.21449992 | E10: 0.87836432 | F10: -0.79608423 | G10: -0.56800282 | H10: -0.68412989 | I10: 0.54370183 | J10: -0.47283617 | K10: 0.54347599 | L10: -0.11154702 | M10: 0.91853601 | N10: 0.092502326 | O10: 0.4514232 | P10: 0.48987323 | Q10: -0.54897106 | R10: -0.33830842 | S10: 0.62914938 | T10: -0.77071679
A11: 941 | B11: -0.32055679 | C11: 0.28574541 | D11: -0.44959953 | E11: -0.39722109 | F11: -0.48938128 | G11: 0.041788064 | H11: -1.3151597 | I11: 0.15173073 | J11: -0.65596831 | K11: 0.918616 | L11: -0.023671642 | M11: 0.76474679 | N11: -0.10076442 | O11: 0.19051105 | P11: 0.99162072 | Q11: 0.12749618 | R11: -0.32857066 | S11: 0.617342 | T11: -1.1118814
A12: 943 | B12: -0.18073329 | C12: 0.15006317 | D12: -0.4561305 | E12: -0.96089333 | F12: -0.78429061 | G12: 0.56897479 | H12: -1.4275724 | I12: -0.055536628 | J12: -0.81886059 | K12: 0.6687966 | L12: -0.019797156 | M12: 0.35346171 | N12: -0.38693967 | O12: -0.10461941 | P12: 0.66123283 | Q12: -0.32086629 | R12: -0.58472425 | S12: 0.44219193 | T12: -1.2075899
A13: 945 | B13: -0.53958768 | C13: 0.30301151 | D13: -0.48935497 | E13: -0.7489922 | F13: -0.590249 | G13: 0.26754221 | H13: -1.076847 | I13: -0.49635541 | J13: -0.82340884 | K13: -0.14777035 | L13: -0.40472665 | M13: -0.076731727 | N13: -0.73010135 | O13: -0.46199426 | P13: 0.19538715 | Q13: -0.7981056 | R13: -0.61244792 | S13: 0.64995939 | T13: -0.84565216
... A594: 2995 | B594: 0.61910689 | C594: 3.1947582 | D594: -3.3973112 | E594: 5.1194134 | F594: -1.7151349 | G594: 0.26874885 | H594: -2.4691594 | I594: -1.9401401 | J594: -2.5027044 | K594: 1.8003829 | L594: 0.27414855 | M594: -0.39117944 | N594: -1.4653113 | O594: 8.1835403 | P594: -1.989351 | Q594: 3.0719502 | R594: -4.3066616 | S594: -3.5595899 | T594: 7.3898916

Sheet raw data PS ref
A1: X value [cmâ»Â¹]
A2: 935 | B2: -1.8711393 | C2: -0.2500619 | D2: -1.8159151 | E2: -2.1967843 | F2: -2.5787611 | G2: -1.8719832
A3: 937 | B3: -0.84664035 | C3: 1.8389064 | D3: -1.5718199 | E3: -2.6066887 | F3: -1.0681537 | G3: -1.6176444
A4: 939 | B4: 0.64650369 | C4: 3.8285515 | D4: -1.4392626 | E4: -2.5201764 | F4: 0.25158653 | G4: -1.0045993
A5: 941 | B5: 3.0746162 | C5: 5.4809189 | D5: 0.60114771 | E5: -2.0006835 | F5: 2.1642618 | G5: 0.8570264
A6: 943 | B6: 4.3131137 | C6: 6.4594917 | D6: 1.7580278 | E6: -1.1534237 | F6: 3.160085 | G6: 1.4241358
A7: 945 | B7: 5.4044123 | C7: 8.0207167 | D7: 2.8203733 | E7: -0.63546228 | F7: 3.8835559 | G7: 2.1979244
A8: 947 | B8: 5.6409402 | C8: 9.3104649 | D8: 3.2172017 | E8: -0.58743566 | F8: 4.6772847 | G8: 2.7667086
A9: 949 | B9: 6.0622106 | C9: 9.2928152 | D9: 3.3069103 | E9: -0.16259769 | F9: 4.8478212 | G9: 2.656009
A10: 951 | B10: 6.5659232 | C10: 9.9609299 | D10: 3.438278 | E10: 0.2758446 | F10: 5.291595 | G10: 3.1648409
A11: 953 | B11: 6.6028123 | C11: 10.489823 | D11: 4.2806334 | E11: 0.47268692 | F11: 5.9801316 | G11: 3.6019599
A12: 955 | B12: 7.0358739 | C12: 10.755281 | D12: 4.9023814 | E12: 0.85907489 | F12: 6.349318 | G12: 3.8007288
A13: 957 | B13: 7.2738509 | C13: 11.32123 | D13: 5.1475773 | E13: 1.1365132 | F13: 6.4693885 | G13: 4.0959854
... A594: 2995 | B594: -1.6172282 | C594: -0.75306672 | D594: 3.3753538 | E594: -1.0672679 | F594: 0.57005847 | G594: -0.9959724

Sheet PS in slice
A1: This data here is copied from the raw data PS in slice sheet. | V1: Maximum intensity from Column K (mV): | W1: =MAX(W3:W588) -> 4.5244309 | X1: =MAX(X3:X588) -> 1
A2: Wavenumber (cm-1) | V2: Wavenumber (cm-1) | W2: average intensity (mV) | X2: The values here have been normalized against the max intensity. For example, the intensity for the wavenumber of 940 was divided by the maximum intensity, i.e. W3/W1. Likewise, the remaining data was normalized.
A3: 923 | B3: 1.0227988 | C3: 0.31737849 | D3: 0.19455342 | E3: -3.1083627 | F3: -1.5628419 | G3: -4.5795512 | H3: 0.13756056 | I3: 3.826932 | J3: 1.5412018 | K3: -6.2481813 | L3: -4.5004058 | M3: 1.1881323 | N3: 3.6196268 | O3: 5.4265432 | P3: 5.7249603 | Q3: 7.9718361 | R3: -2.115061 | S3: 2.9620428 | T3: 0.33999747 | V3: 923 | W3: =AVERAGE(B3:T3) -> 0.63995579 | X3: =W3/$W$1 -> 0.14144448
A4: 925 | B4: 0.022948623 | C4: 0.011553335 | D4: 0.56524956 | E4: -4.2330499 | F4: -1.6352164 | G4: -5.7458491 | H4: -0.96524125 | I4: 4.9114347 | J4: 1.1360945 | K4: -3.6856866 | L4: -0.8359822 | M4: 3.7827489 | N4: 2.6396587 | O4: 6.2775941 | P4: 6.826427 | Q4: 5.7716446 | R4: -0.14388418 | S4: 2.9810205 | T4: -0.85523194 | V4: 925 | W4: =AVERAGE(B4:T4) -> 0.8855912 | X4: =W4/$W$1 -> 0.19573538
A5: 927 | B5: -1.6302751 | C5: -1.112662 | D5: 0.61027253 | E5: -3.2372439 | F5: -2.214669 | G5: -5.771903 | H5: -2.2295239 | I5: 6.6860838 | J5: 2.4935195 | K5: -1.7169743 | L5: -0.41020817 | M5: 5.2019253 | N5: -0.051896118 | O5: 5.4994464 | P5: 7.1884785 | Q5: 3.1430666 | R5: 1.6013997 | S5: 3.8757517 | T5: -0.4402248 | V5: 927 | W5: =AVERAGE(B5:T5) -> 0.92022967 | X5: =W5/$W$1 -> 0.20339125
A6: 929 | B6: -1.7078776 | C6: -3.5168426 | D6: 1.3788984 | E6: -2.1826141 | F6: -3.7995329 | G6: -4.4340286 | H6: -1.6972888 | I6: 6.7043986 | J6: 4.887886 | K6: -2.1330826 | L6: -0.69451916 | M6: 5.3714685 | N6: 0.12943614 | O6: 5.2029042 | P6: 6.0156655 | Q6: 0.44239926 | R6: 1.9476793 | S6: 4.3391876 | T6: -0.1394562 | V6: 929 | W6: =AVERAGE(B6:T6) -> 0.84814111 | X6: =W6/$W$1 -> 0.18745807
A7: 931 | B7: -2.270885 | C7: -4.2019558 | D7: 1.2823561 | E7: 1.1533145 | F7: -4.5863652 | G7: -2.9486072 | H7: -2.3393641 | I7: 4.4855423 | J7: 5.092917 | K7: -2.1791244 | L7: -0.97121835 | M7: 3.7327356 | N7: -1.1535906 | O7: 4.4357753 | P7: 3.3672194 | Q7: -2.101192 | R7: 0.98852491 | S7: 4.2859111 | T7: -1.5459684 | V7: 931 | W7: =AVERAGE(B7:T7) -> 0.23821186 | X7: =W7/$W$1 -> 0.052650126
A8: 933 | B8: -0.78183424 | C8: -3.1257064 | D8: 0.33319217 | E8: 1.7719228 | F8: -2.3589818 | G8: -2.1086304 | H8: -2.5481997 | I8: 1.6517078 | J8: 2.2085176 | K8: -1.1755679 | L8: -0.75721282 | M8: 2.5323305 | N8: 0.6245389 | O8: 1.161091 | P8: 0.32695121 | Q8: -2.962631 | R8: -0.93932283 | S8: 3.4071522 | T8: -1.4295532 | V8: 933 | W8: =AVERAGE(B8:T8) -> -0.21948611 | X8: =W8/$W$1 -> -0.048511319
A9: 935 | B9: 0.046655815 | C9: -2.1982996 | D9: 0.3733252 | E9: 1.8739278 | F9: -2.0143337 | G9: -1.0108972 | H9: -1.393405 | I9: 0.67218113 | J9: -0.064044759 | K9: -1.1927849 | L9: -0.39101642 | M9: 2.8792381 | N9: 0.33656463 | O9: -0.21975754 | P9: -0.6610679 | Q9: -1.7670842 | R9: -0.58005583 | S9: 2.8095298 | T9: -0.77247226 | V9: 935 | W9: =AVERAGE(B9:T9) -> -0.1723051 | X9: =W9/$W$1 -> -0.038083264
A10: 937 | B10: -0.15351048 | C10: -0.57841486 | D10: 0.19674179 | E10: 1.5798441 | F10: -1.6731609 | G10: -0.80106676 | H10: -0.43098876 | I10: 0.64154148 | J10: -0.29871091 | K10: -0.23500809 | L10: -0.11276826 | M10: 1.7716601 | N10: -0.10017299 | O10: 0.35364461 | P10: -0.48525569 | Q10: -1.0942152 | R10: -0.052973747 | S10: 1.4995699 | T10: -0.50639421 | V10: 937 | W10: =AVERAGE(B10:T10) -> -0.025244149 | X10: =W10/$W$1 -> -0.0055795191
A11: 939 | B11: -0.4790675 | C11: 0.23845124 | D11: -0.21449992 | E11: 0.87836432 | F11: -0.79608423 | G11: -0.56800282 | H11: -0.68412989 | I11: 0.54370183 | J11: -0.47283617 | K11: 0.54347599 | L11: -0.11154702 | M11: 0.91853601 | N11: 0.092502326 | O11: 0.4514232 | P11: 0.48987323 | Q11: -0.54897106 | R11: -0.33830842 | S11: 0.62914938 | T11: -0.77071679 | V11: 939 | W11: =AVERAGE(B11:T11) -> -0.010457173 | X11: =W11/$W$1 -> -0.0023112682
A12: 941 | B12: -0.32055679 | C12: 0.28574541 | D12: -0.44959953 | E12: -0.39722109 | F12: -0.48938128 | G12: 0.041788064 | H12: -1.3151597 | I12: 0.15173073 | J12: -0.65596831 | K12: 0.918616 | L12: -0.023671642 | M12: 0.76474679 | N12: -0.10076442 | O12: 0.19051105 | P12: 0.99162072 | Q12: 0.12749618 | R12: -0.32857066 | S12: 0.617342 | T12: -1.1118814 | V12: 941 | W12: =AVERAGE(B12:T12) -> -0.058061992 | X12: =W12/$W$1 -> -0.012832993
A13: 943 | B13: -0.18073329 | C13: 0.15006317 | D13: -0.4561305 | E13: -0.96089333 | F13: -0.78429061 | G13: 0.56897479 | H13: -1.4275724 | I13: -0.055536628 | J13: -0.81886059 | K13: 0.6687966 | L13: -0.019797156 | M13: 0.35346171 | N13: -0.38693967 | O13: -0.10461941 | P13: 0.66123283 | Q13: -0.32086629 | R13: -0.58472425 | S13: 0.44219193 | T13: -1.2075899 | V13: 943 | W13: =AVERAGE(B13:T13) -> -0.23493858 | X13: =W13/$W$1 -> -0.051926657
A14: 945 | B14: -0.53958768 | C14: 0.30301151 | D14: -0.48935497 | E14: -0.7489922 | F14: -0.590249 | G14: 0.26754221 | H14: -1.076847 | I14: -0.49635541 | J14: -0.82340884 | K14: -0.14777035 | L14: -0.40472665 | M14: -0.076731727 | N14: -0.73010135 | O14: -0.46199426 | P14: 0.19538715 | Q14: -0.7981056 | R14: -0.61244792 | S14: 0.64995939 | T14: -0.84565216 | V14: 945 | W14: =AVERAGE(B14:T14) -> -0.39086446 | X14: =W14/$W$1 -> -0.086389751
... A595: 2995 | B595: 0.61910689 | C595: 3.1947582 | D595: -3.3973112 | E595: 5.1194134 | F595: -1.7151349 | G595: 0.26874885 | H595: -2.4691594 | I595: -1.9401401 | J595: -2.5027044 | K595: 1.8003829 | L595: 0.27414855 | M595: -0.39117944 | N595: -1.4653113 | O595: 8.1835403 | P595: -1.989351 | Q595: 3.0719502 | R595: -4.3066616 | S595: -3.5595899 | T595: 7.3898916 | V595: 2995 | W595: =AVERAGE(B595:T595) -> 0.32554725 | X595: =W595/$W$1 -> 0.071953192

Sheet Reference PS spectra
B1: This data here is copied from the raw data PMMA ref sheet. It is the IR data from reference PMMA. | AC1: Maximum intensity from Column K (mV): | AD1: =MAX(AD3:AD588) -> 17.162181 | AE1: =MAX(AE3:AE588) -> 1
A2: X value [cmâ»Â¹] | B2: IR Spectrum 53/O-PTIR (mV) [] | C2: IR Spectrum 54/O-PTIR (mV) [] | D2: IR Spectrum 55/O-PTIR (mV) [] | E2: IR Spectrum 56/O-PTIR (mV) [] | F2: IR Spectrum 57/O-PTIR (mV) [] | G2: IR Spectrum 58/O-PTIR (mV) [] | AC2: Wavenumber (cm-1) | AD2: average intensity (mV) | AE2: The values here have been normalized against the max intensity. For example, the intensity for the wavenumber of 940 was divided by the maximum intensity, e.g. AD3/AD1. Likewise, the remaining data was normalized.
A3: 935 | B3: -1.8711393 | C3: -0.2500619 | D3: -1.8159151 | E3: -2.1967843 | F3: -2.5787611 | G3: -1.8719832 | AD3: =AVERAGE(B3:AA3) -> -1.7641075 | AE3: =AD3/$AD$1 -> -0.1027904
A4: 937 | B4: -0.8466403 | C4: 1.8389064 | D4: -1.5718199 | E4: -2.6066887 | F4: -1.0681537 | G4: -1.6176444 | AD4: =AVERAGE(B4:AA4) -> -0.97867343 | AE4: =AD4/$AD$1 -> -0.057025003
A5: 939 | B5: 0.64650369 | C5: 3.8285515 | D5: -1.4392626 | E5: -2.5201764 | F5: 0.25158653 | G5: -1.0045993 | AD5: =AVERAGE(B5:AA5) -> -0.039566092 | AE5: =AD5/$AD$1 -> -0.0023054233
A6: 941 | B6: 3.0746162 | C6: 5.4809189 | D6: 0.60114771 | E6: -2.0006835 | F6: 2.1642618 | G6: 0.8570264 | AD6: =AVERAGE(B6:AA6) -> 1.6962146 | AE6: =AD6/$AD$1 -> 0.098834442
A7: 943 | B7: 4.3131137 | C7: 6.4594917 | D7: 1.7580278 | E7: -1.1534237 | F7: 3.160085 | G7: 1.4241358 | AD7: =AVERAGE(B7:AA7) -> 2.6602384 | AE7: =AD7/$AD$1 -> 0.15500585
A8: 945 | B8: 5.4044123 | C8: 8.0207167 | D8: 2.8203733 | E8: -0.6354623 | F8: 3.8835559 | G8: 2.1979244 | AD8: =AVERAGE(B8:AA8) -> 3.6152534 | AE8: =AD8/$AD$1 -> 0.21065233
A9: 947 | B9: 5.6409402 | C9: 9.3104649 | D9: 3.2172017 | E9: -0.5874357 | F9: 4.6772847 | G9: 2.7667086 | AD9: =AVERAGE(B9:AA9) -> 4.1708607 | AE9: =AD9/$AD$1 -> 0.24302626
A10: 949 | B10: 6.0622106 | C10: 9.2928152 | D10: 3.3069103 | E10: -0.1625977 | F10: 4.8478212 | G10: 2.656009 | AD10: =AVERAGE(B10:AA10) -> 4.3338614 | AE10: =AD10/$AD$1 -> 0.25252393
A11: 951 | B11: 6.5659232 | C11: 9.9609299 | D11: 3.438278 | E11: 0.2758446 | F11: 5.291595 | G11: 3.1648409 | AD11: =AVERAGE(B11:AA11) -> 4.7829019 | AE11: =AD11/$AD$1 -> 0.27868847
A12: 953 | B12: 6.6028123 | C12: 10.489823 | D12: 4.2806334 | E12: 0.47268692 | F12: 5.9801316 | G12: 3.6019599 | AD12: =AVERAGE(B12:AA12) -> 5.2380079 | AE12: =AD12/$AD$1 -> 0.30520642
A13: 955 | B13: 7.0358739 | C13: 10.755281 | D13: 4.9023814 | E13: 0.85907489 | F13: 6.349318 | G13: 3.8007288 | AD13: =AVERAGE(B13:AA13) -> 5.6171097 | AE13: =AD13/$AD$1 -> 0.3272958
A14: 957 | B14: 7.2738509 | C14: 11.32123 | D14: 5.1475773 | E14: 1.1365132 | F14: 6.4693885 | G14: 4.0959854 | AD14: =AVERAGE(B14:AA14) -> 5.9074242 | AE14: =AD14/$AD$1 -> 0.34421174
... A595: 2995 | B595: -1.6172282 | C595: -0.75306672 | D595: 3.3753538 | E595: -1.0672679 | F595: 0.57005847 | G595: -0.9959724 | AD595: =AVERAGE(B595:AA595) -> -0.081353814 | AE595: =AD595/$AD$1 -> -0.0047402957

Sheet Final Plot for Figure S14E
B1: Values from the sheet titled PS in slice, column X | C1: Values from the sheet titled Reference PS spectra, column AE
A2: Wavenumber (cm-1) | B2: PS in sample | C2: reference PS
A3: 923 | B3: ='PS in slice'!X3 -> 0.14144448 | C3: ='Reference PS spectra'!AE3 -> -0.1027904
A4: 925 | B4: ='PS in slice'!X4 -> 0.19573538 | C4: ='Reference PS spectra'!AE4 -> -0.057025003
A5: 927 | B5: ='PS in slice'!X5 -> 0.20339125 | C5: ='Reference PS spectra'!AE5 -> -0.0023054233
A6: 929 | B6: ='PS in slice'!X6 -> 0.18745807 | C6: ='Reference PS spectra'!AE6 -> 0.098834442
A7: 931 | B7: ='PS in slice'!X7 -> 0.052650126 | C7: ='Reference PS spectra'!AE7 -> 0.15500585
A8: 933 | B8: ='PS in slice'!X8 -> -0.048511319 | C8: ='Reference PS spectra'!AE8 -> 0.21065233
A9: 935 | B9: ='PS in slice'!X9 -> -0.038083264 | C9: ='Reference PS spectra'!AE9 -> 0.24302626
A10: 937 | B10: ='PS in slice'!X10 -> -0.0055795191 | C10: ='Reference PS spectra'!AE10 -> 0.25252393
A11: 939 | B11: ='PS in slice'!X11 -> -0.0023112682 | C11: ='Reference PS spectra'!AE11 -> 0.27868847
A12: 941 | B12: ='PS in slice'!X12 -> -0.012832993 | C12: ='Reference PS spectra'!AE12 -> 0.30520642
A13: 943 | B13: ='PS in slice'!X13 -> -0.051926657 | C13: ='Reference PS spectra'!AE13 -> 0.3272958
A14: 945 | B14: ='PS in slice'!X14 -> -0.086389751 | C14: ='Reference PS spectra'!AE14 -> 0.34421174
... A588: 2981 | B588: ='PS in slice'!X588 -> 0.05771804 | C588: ='Reference PS spectra'!AE588 -> -0.1157499
A589: 2983 | C589: ='Reference PS spectra'!AE589 -> -0.013345519
A590: 2985 | C590: ='Reference PS spectra'!AE590 -> -0.082195839
A591: 2987
A592: 2989
A593: 2991
A594: 2993
A595: 2995
