Workbook

Sheet raw data biomass
A1: X value [cmâ»Â¹]
A2: 923 | B2: 2.5966053 | C2: 2.9480915 | D2: 1.6065555 | E2: 2.9304686 | F2: 4.0232038 | G2: 0.32062951 | H2: 0.96674395 | I2: 0.76892924 | J2: -2.8828733 | K2: 1.4992357 | L2: -1.1136106 | M2: 0.4382005 | N2: -2.7322464 | O2: -1.4114816 | P2: -0.93927264 | Q2: 0.63694853
A3: 925 | B3: 3.7109981 | C3: 1.3302621 | D3: 0.04273615 | E3: 2.9743893 | F3: 3.7845328 | G3: 0.44910485 | H3: 1.6806945 | I3: 0.39951053 | J3: -2.5049841 | K3: 2.3026617 | L3: -1.2706752 | M3: 1.2184799 | N3: -1.6357821 | O3: -0.88768381 | P3: -0.22329715 | Q3: 1.2147522
A4: 927 | B4: 4.2570477 | C4: -0.41136539 | D4: -1.052189 | E4: 1.0874366 | F4: 2.7510831 | G4: -0.48579443 | H4: 1.7357156 | I4: -0.85135072 | J4: -3.0108442 | K4: 3.1728551 | L4: -0.99500239 | M4: 2.6795948 | N4: 1.0926884 | O4: -0.23841479 | P4: 0.14397497 | Q4: 0.6163016
A5: 929 | B5: 2.7572591 | C5: -0.56437582 | D5: -0.78044605 | E5: -1.3522142 | F5: -0.083588079 | G5: -1.7252905 | H5: 1.1703287 | I5: -1.8059093 | J5: -2.2835808 | K5: 1.821607 | L5: -1.4741241 | M5: 1.426477 | N5: 3.3863006 | O5: -0.34841254 | P5: 0.026618719 | Q5: -1.2300043
A6: 931 | B6: 1.0310547 | C6: -1.3514771 | D6: -0.18164663 | E6: -1.6166762 | F6: -2.1752813 | G6: -1.8952856 | H6: -0.9694488 | I6: -2.7738533 | J6: -2.3400342 | K6: -0.31139848 | L6: -2.108959 | M6: -0.20109019 | N6: 2.9808977 | O6: -1.3443872 | P6: 0.093056366 | Q6: -1.7322201
A7: 933 | B7: 0.020769427 | C7: -1.3438565 | D7: 0.30861041 | E7: -1.3201751 | F7: -1.9435388 | G7: -1.4491595 | H7: -2.4069197 | I7: -2.2907584 | J7: -2.7847645 | K7: -1.4264517 | L7: -2.1064029 | M7: -1.1486436 | N7: 1.6512275 | O7: -1.9207816 | P7: -0.47624385 | Q7: -1.5607868
A8: 935 | B8: -0.51226979 | C8: -0.73745698 | D8: -0.099332385 | E8: -1.240741 | F8: -0.71395355 | G8: -0.89954501 | H8: -2.4290466 | I8: -1.8086441 | J8: -2.3387964 | K8: -1.466699 | L8: -1.9132855 | M8: -1.1718968 | N8: 0.77915025 | O8: -1.7779014 | P8: -0.45642227 | Q8: -1.1803117
A9: 937 | B9: -0.57815373 | C9: -0.22028373 | D9: -0.40068376 | E9: -1.1887743 | F9: -0.30719888 | G9: -0.45237243 | H9: -1.6696141 | I9: -1.4781231 | J9: -1.7956204 | K9: -1.0032908 | L9: -1.3523947 | M9: -1.123471 | N9: 0.17344296 | O9: -1.0147884 | P9: -0.12137381 | Q9: -0.40868077
A10: 939 | B10: -0.46025443 | C10: 0.18379754 | D10: -0.52215862 | E10: -1.1525024 | F10: -0.38426563 | G10: -0.3944878 | H10: -0.90338206 | I10: -0.91880572 | J10: -0.99410999 | K10: -0.7974965 | L10: -0.77492958 | M10: -1.2668736 | N10: -0.13861877 | O10: -0.50455111 | P10: 0.012799782 | Q10: -0.11286306
A11: 941 | B11: -0.50875467 | C11: 0.43955034 | D11: -0.44552246 | E11: -0.70444602 | F11: -0.46909812 | G11: -0.67502308 | H11: -0.37813085 | I11: -0.43003809 | J11: -0.3190535 | K11: -0.82177645 | L11: -0.42743865 | M11: -1.1499407 | N11: -0.071414113 | O11: -0.44618791 | P11: -0.13307868 | Q11: -0.13104266
A12: 943 | B12: -0.50216424 | C12: 0.40827119 | D12: -0.10453036 | E12: -0.23476487 | F12: -0.50435537 | G12: -0.56696665 | H12: -0.087051801 | I12: -0.010747993 | J12: -0.17710634 | K12: -0.51356333 | L12: -0.39516366 | M12: -0.59668297 | N12: -0.082496613 | O12: -0.41960338 | P12: -0.38957357 | Q12: -0.20862919
A13: 945 | B13: -0.38227341 | C13: 0.25518519 | D13: 0.15365395 | E13: -0.16426143 | F13: -0.40796342 | G13: -0.30977148 | H13: 0.20678064 | I13: 0.36525536 | J13: -0.23013893 | K13: -0.25213978 | L13: -0.31673011 | M13: -0.20984928 | N13: -0.08324448 | O13: -0.35338631 | P13: -0.57877922 | Q13: -0.19287093
... A594: 2995 | B594: 0.64065355 | C594: -3.7876816 | D594: -2.0912552 | E594: -1.3246331 | F594: -0.28978747 | G594: -2.5787253 | H594: -3.4935157 | I594: -0.62294525 | J594: -2.657083 | K594: -0.50801522 | L594: 3.7275317 | M594: -2.4116077 | N594: -0.21063359 | O594: 0.60824013 | P594: -1.126771 | Q594: -0.31579807

Sheet Figure S13J
A1: This data here is copied from the raw data biomass sheet. | T1: Maximum intensity from Column U (mV): | U1: =MAX(U3:U588) -> 4.5450669 | V1: =MAX(V3:V588) -> 1
A2: Wavenumber (cm-1) | T2: Wavenumber (cm-1) | U2: average intensity (mV) | V2: The values here have been normalized against the max intensity. For example, the intensity for the wavenumber of 940 was divided by the maximum intensity, i.e. U3/U1. Likewise, the remaining data was normalized.
A3: 923 | B3: 2.596605 | C3: 2.948092 | D3: 1.606555 | E3: 2.930469 | F3: 4.023204 | G3: 0.32063 | H3: 0.966744 | I3: 0.768929 | J3: -2.88287 | K3: 1.499236 | L3: -1.11361 | M3: 0.438201 | N3: -2.73225 | O3: -1.41148 | P3: -0.93927 | Q3: 0.636949 | T3: 923 | U3: =AVERAGE(B3:Q3) -> 0.60350837 | V3: =U3/$U$1 -> 0.13278317
A4: 925 | B4: 3.710998 | C4: 1.330262 | D4: 0.042736 | E4: 2.974389 | F4: 3.784533 | G4: 0.449105 | H4: 1.680694 | I4: 0.399511 | J4: -2.50498 | K4: 2.302662 | L4: -1.27068 | M4: 1.21848 | N4: -1.63578 | O4: -0.88768 | P4: -0.2233 | Q4: 1.214752 | T4: 925 | U4: =AVERAGE(B4:Q4) -> 0.78660637 | V4: =U4/$U$1 -> 0.17306816
A5: 927 | B5: 4.257048 | C5: -0.41137 | D5: -1.05219 | E5: 1.087437 | F5: 2.751083 | G5: -0.48579 | H5: 1.735716 | I5: -0.85135 | J5: -3.01084 | K5: 3.172855 | L5: -0.995 | M5: 2.679595 | N5: 1.092688 | O5: -0.23841 | P5: 0.143975 | Q5: 0.616302 | T5: 927 | U5: =AVERAGE(B5:Q5) -> 0.65573431 | V5: =U5/$U$1 -> 0.14427385 | X5: Graph plotted using normalized intensity values
A6: 929 | B6: 2.757259 | C6: -0.56438 | D6: -0.78045 | E6: -1.35221 | F6: -0.08359 | G6: -1.72529 | H6: 1.170329 | I6: -1.80591 | J6: -2.28358 | K6: 1.821607 | L6: -1.47412 | M6: 1.426477 | N6: 3.386301 | O6: -0.34841 | P6: 0.026619 | Q6: -1.23 | T6: 929 | U6: =AVERAGE(B6:Q6) -> -0.06620925 | V6: =U6/$U$1 -> -0.014567277
A7: 931 | B7: 1.031055 | C7: -1.35148 | D7: -0.18165 | E7: -1.61668 | F7: -2.17528 | G7: -1.89529 | H7: -0.96945 | I7: -2.77385 | J7: -2.34003 | K7: -0.3114 | L7: -2.10896 | M7: -0.20109 | N7: 2.980898 | O7: -1.34439 | P7: 0.093056 | Q7: -1.73222 | T7: 931 | U7: =AVERAGE(B7:Q7) -> -0.93104756 | V7: =U7/$U$1 -> -0.20484793
A8: 933 | B8: 0.020769 | C8: -1.34386 | D8: 0.30861 | E8: -1.32018 | F8: -1.94354 | G8: -1.44916 | H8: -2.40692 | I8: -2.29076 | J8: -2.78476 | K8: -1.42645 | L8: -2.1064 | M8: -1.14864 | N8: 1.651227 | O8: -1.92078 | P8: -0.47624 | Q8: -1.56079 | T8: 933 | U8: =AVERAGE(B8:Q8) -> -1.2623671 | V8: =U8/$U$1 -> -0.27774445
A9: 935 | B9: -0.51227 | C9: -0.73746 | D9: -0.09933 | E9: -1.24074 | F9: -0.71395 | G9: -0.89955 | H9: -2.42905 | I9: -1.80864 | J9: -2.3388 | K9: -1.4667 | L9: -1.91329 | M9: -1.1719 | N9: 0.77915 | O9: -1.7779 | P9: -0.45642 | Q9: -1.18031 | T9: 935 | U9: =AVERAGE(B9:Q9) -> -1.1229475 | V9: =U9/$U$1 -> -0.24706952
A10: 937 | B10: -0.57815 | C10: -0.22028 | D10: -0.40068 | E10: -1.18877 | F10: -0.3072 | G10: -0.45237 | H10: -1.66961 | I10: -1.47812 | J10: -1.79562 | K10: -1.00329 | L10: -1.35239 | M10: -1.12347 | N10: 0.173443 | O10: -1.01479 | P10: -0.12137 | Q10: -0.40868 | T10: 937 | U10: =AVERAGE(B10:Q10) -> -0.80883419 | V10: =U10/$U$1 -> -0.1779587
A11: 939 | B11: -0.46025 | C11: 0.183798 | D11: -0.52216 | E11: -1.1525 | F11: -0.38427 | G11: -0.39449 | H11: -0.90338 | I11: -0.91881 | J11: -0.99411 | K11: -0.7975 | L11: -0.77493 | M11: -1.26687 | N11: -0.13862 | O11: -0.50455 | P11: 0.0128 | Q11: -0.11286 | T11: 939 | U11: =AVERAGE(B11:Q11) -> -0.57054387 | V11: =U11/$U$1 -> -0.12553036
A12: 941 | B12: -0.50875 | C12: 0.43955 | D12: -0.44552 | E12: -0.70445 | F12: -0.4691 | G12: -0.67502 | H12: -0.37813 | I12: -0.43004 | J12: -0.31905 | K12: -0.82178 | L12: -0.42744 | M12: -1.14994 | N12: -0.07141 | O12: -0.44619 | P12: -0.13308 | Q12: -0.13104 | T12: 941 | U12: =AVERAGE(B12:Q12) -> -0.41696187 | V12: =U12/$U$1 -> -0.091739435
A13: 943 | B13: -0.50216 | C13: 0.408271 | D13: -0.10453 | E13: -0.23476 | F13: -0.50436 | G13: -0.56697 | H13: -0.08705 | I13: -0.01075 | J13: -0.17711 | K13: -0.51356 | L13: -0.39516 | M13: -0.59668 | N13: -0.0825 | O13: -0.4196 | P13: -0.38957 | Q13: -0.20863 | T13: 943 | U13: =AVERAGE(B13:Q13) -> -0.27406994 | V13: =U13/$U$1 -> -0.060300528
A14: 945 | B14: -0.38227 | C14: 0.255185 | D14: 0.153654 | E14: -0.16426 | F14: -0.40796 | G14: -0.30977 | H14: 0.206781 | I14: 0.365255 | J14: -0.23014 | K14: -0.25214 | L14: -0.31673 | M14: -0.20985 | N14: -0.08324 | O14: -0.35339 | P14: -0.57878 | Q14: -0.19287 | T14: 945 | U14: =AVERAGE(B14:Q14) -> -0.15628281 | V14: =U14/$U$1 -> -0.034385151
A15: 947 | B15: -0.30312 | C15: 0.158266 | D15: 0.232875 | E15: -0.27396 | F15: -0.28535 | G15: -0.22354 | H15: 0.526274 | I15: 0.623313 | J15: -0.12096 | K15: -0.08327 | L15: -0.16072 | M15: 0.021234 | N15: -0.16487 | O15: -0.05124 | P15: -0.60787 | Q15: -0.11496 | T15: 947 | U15: =AVERAGE(B15:Q15) -> -0.051743625 | V15: =U15/$U$1 -> -0.011384568
A16: 949 | B16: -0.32894 | C16: 0.143423 | D16: 0.124529 | E16: -0.35322 | F16: -0.15974 | G16: -0.28761 | H16: 0.725022 | I16: 0.803505 | J16: 0.084657 | K16: -0.09263 | L16: 0.06121 | M16: 0.199762 | N16: -0.34578 | O16: 0.252577 | P16: -0.57202 | Q16: -0.11999 | T16: 949 | U16: =AVERAGE(B16:Q16) -> 0.0084221875 | V16: =U16/$U$1 -> 0.0018530393
A17: 951 | B17: -0.35264 | C17: 0.174544 | D17: 0.061906 | E17: -0.45071 | F17: -0.05893 | G17: -0.2255 | H17: 0.908156 | I17: 0.840015 | J17: 0.144111 | K17: -0.11394 | L17: 0.114903 | M17: 0.453849 | N17: -0.39917 | O17: 0.387634 | P17: -0.41012 | Q17: -0.09776 | T17: 951 | U17: =AVERAGE(B17:Q17) -> 0.06102175 | V17: =U17/$U$1 -> 0.01342593
... A595: 2995 | B595: 0.640654 | C595: -3.78768 | D595: -2.09126 | E595: -1.32463 | F595: -0.28979 | G595: -2.57873 | H595: -3.49352 | I595: -0.62295 | J595: -2.65708 | K595: -0.50802 | L595: 3.727532 | M595: -2.41161 | N595: -0.21063 | O595: 0.60824 | P595: -1.12677 | Q595: -0.3158 | T595: 2995 | U595: =AVERAGE(B595:Q595) -> -1.0276277 | V595: =U595/$U$1 -> -0.22609739

Sheet raw data PMMA in slice
A1: X value [cm‚Åª¬π]
A2: 923 | B2: 1.3480211 | C2: -2.2898293 | D2: -0.048999052 | E2: -0.32119209 | F2: -1.7379333 | G2: -2.4946318 | H2: -1.4757739 | I2: 1.8965818 | J2: -0.28476122 | K2: -3.4870713 | L2: 0.58593518 | M2: 0.43265504
A3: 925 | B3: 0.24007268 | C3: -2.1304994 | D3: 0.0067024529 | E3: -0.20309012 | F3: -2.6626828 | G3: -3.0716269 | H3: -1.1040239 | I3: 1.7106175 | J3: 1.0318216 | K3: -3.2106004 | L3: -0.35690862 | M3: 1.2014077
A4: 927 | B4: -0.57589293 | C4: -2.1060674 | D4: -0.59127086 | E4: -0.71643591 | F4: -3.2962925 | G4: -3.4442682 | H4: -1.3999293 | I4: 0.26973534 | J4: 1.672238 | K4: -5.1838861 | L4: -0.81955916 | M4: 1.1948397
A5: 929 | B5: -0.67843169 | C5: -1.1876957 | D5: -1.7789048 | E5: -1.0657475 | F5: -2.4027636 | G5: -2.9025049 | H5: -1.4613051 | I5: -1.2129456 | J5: 0.41782817 | K5: -5.4311519 | L5: -0.37553105 | M5: 1.4287387
A6: 931 | B6: 0.29009804 | C6: -0.9020766 | D6: -1.7767209 | E6: -1.483199 | F6: -0.5466733 | G6: -1.3450704 | H6: -1.1352485 | I6: -0.98241317 | J6: 0.20093337 | K6: -4.2258134 | L6: -0.26117331 | M6: 0.31759799
A7: 933 | B7: 1.6255388 | C7: -0.58227372 | D7: -0.43476641 | E7: -2.4113884 | F7: -0.30771074 | G7: 0.27005747 | H7: -1.2677894 | I7: -0.93249881 | J7: -0.18813065 | K7: -1.1845627 | L7: 0.86249965 | M7: -1.2858564
A8: 935 | B8: 2.3669417 | C8: -0.66310066 | D8: -0.34740278 | E8: -1.7677059 | F8: -0.17336278 | G8: 0.61199141 | H8: -1.0539112 | I8: -0.57254863 | J8: -0.19001597 | K8: -0.34041041 | L8: 1.207074 | M8: -1.8762649
A9: 937 | B9: 1.7077899 | C9: -0.2440102 | D9: -0.81064719 | E9: -0.93874913 | F9: -0.06617675 | G9: 0.54440975 | H9: -0.88502216 | I9: 0.28766793 | J9: -0.1102672 | K9: -1.0772151 | L9: 1.1171041 | M9: -1.8835033
A10: 939 | B10: 0.92601776 | C10: -0.13966009 | D10: -0.43113101 | E10: -0.067669965 | F10: -0.0360028 | G10: 0.47548965 | H10: -0.68193084 | I10: 1.1307845 | J10: -0.34384272 | K10: -1.6299254 | L10: 0.74970436 | M10: -1.6011251
A11: 941 | B11: 0.36088446 | C11: -0.079316586 | D11: 0.09062998 | E11: 0.29417938 | F11: 0.17903154 | G11: 0.68783975 | H11: -0.42444068 | I11: 1.7647281 | J11: -0.34307909 | K11: -1.0418078 | L11: 0.85247773 | M11: -1.0736604
A12: 943 | B12: 0.026076818 | C12: 0.1290275 | D12: 0.59709799 | E12: 0.3348397 | F12: 0.38701504 | G12: 0.89293706 | H12: -0.25253791 | I12: 1.9771039 | J12: -0.3504279 | K12: -0.52724499 | L12: 1.0238515 | M12: -0.74878901
A13: 945 | B13: -0.18800631 | C13: 0.32062685 | D13: 0.95087504 | E13: 0.35656872 | F13: 0.53893852 | G13: 1.1958089 | H13: -0.1521652 | I13: 1.9959066 | J13: -0.24179913 | K13: -0.42635047 | L13: 1.031379 | M13: -0.62491375
... A594: 2995 | B594: -2.2553465 | C594: 1.7263715 | D594: 1.0712662 | E594: 1.1824774 | F594: 3.3406563 | G594: 0.44387981 | H594: 1.1739471 | I594: -0.67401147 | J594: -1.8177009 | K594: 0.010009837 | L594: 3.3745325 | M594: 0.35504836

Sheet raw data PMMA ref
A1: X value [cmâ»Â¹]
A2: 923 | B2: -0.50828522 | C2: -3.3673406 | D2: 2.0615289 | E2: -3.721957 | F2: 2.9897912 | G2: -2.4288406 | H2: 1.0265365 | I2: 1.8487557 | J2: -1.2774522 | K2: 0.97949189 | L2: -2.0290859 | M2: -2.6722109 | N2: 0.13936928 | O2: 1.4078285 | P2: -2.4049225 | Q2: -2.1803038 | R2: 1.3215078 | S2: 0.5260765 | T2: -1.085101 | U2: -1.9858403
A3: 925 | B3: 0.42732397 | C3: -3.1041043 | D3: 1.4807302 | E3: -2.4564846 | F3: 1.5057163 | G3: -2.1818883 | H3: 1.4321289 | I3: 0.38115794 | J3: -0.64397496 | K3: 0.78739017 | L3: -0.829696 | M3: -2.6882441 | N3: 1.605866 | O3: 1.588006 | P3: -1.1545918 | Q3: -1.9441692 | R3: 0.019737983 | S3: 0.35549658 | T3: -0.55852598 | U3: -1.1898013
A4: 927 | B4: 1.66216 | C4: -2.7215745 | D4: 0.45277098 | E4: -1.5652003 | F4: 0.38444301 | G4: -1.7652923 | H4: 1.6573331 | I4: -0.90804178 | J4: 0.26810849 | K4: -0.19181311 | L4: 0.20036365 | M4: -3.2559099 | N4: 2.7643795 | O4: 1.0822461 | P4: -0.31076902 | Q4: -0.54258132 | R4: -0.97322184 | S4: -0.10172845 | T4: -0.048095465 | U4: -0.76859671
A5: 929 | B5: 2.0485556 | C5: -2.5175576 | D5: 0.7091788 | E5: -1.0071621 | F5: 0.37274259 | G5: -0.71392798 | H5: 1.9734794 | I5: -0.83793843 | J5: 0.87529558 | K5: -0.95652801 | L5: 0.31191838 | M5: -2.663377 | N5: 2.5956621 | O5: 0.47641057 | P5: -0.26001194 | Q5: -0.11609416 | R5: -1.2440476 | S5: -0.21447 | T5: -0.14560148 | U5: -0.73988974
A6: 931 | B6: 2.3512342 | C6: -2.1816022 | D6: 1.5542675 | E6: 0.22629619 | F6: 0.12092436 | G6: 0.272116 | H6: 1.8343656 | I6: -0.023932714 | J6: 0.37735111 | K6: -1.0737321 | L6: 0.14849882 | M6: -2.6208634 | N6: 1.3159171 | O6: 0.37943062 | P6: 0.16490236 | Q6: -0.28339827 | R6: -1.4628582 | S6: 0.2415279 | T6: -0.49602416 | U6: -0.46248645
A7: 933 | B7: 2.5395451 | C7: -1.987808 | D7: 1.8978938 | E7: 0.51504934 | F7: -0.22727206 | G7: 0.30984393 | H7: 1.4811081 | I7: 0.38015169 | J7: -0.91193485 | K7: -0.013069588 | L7: 0.49383012 | M7: -2.8029046 | N7: 0.32686812 | O7: 0.012356242 | P7: 0.6124332 | Q7: 0.38515016 | R7: -1.7274528 | S7: 0.2317905 | T7: -0.40946761 | U7: -0.30955651
A8: 935 | B8: 1.4883454 | C8: -1.6186272 | D8: 1.2712182 | E8: 0.30708075 | F8: -0.20330673 | G8: -0.054325432 | H8: 0.67692816 | I8: 0.41925249 | J8: -1.1592832 | K8: 0.28693631 | L8: 1.1279448 | M8: -2.0641844 | N8: 0.26466334 | O8: -0.42135739 | P8: 0.21715018 | Q8: 1.3248271 | R8: -1.5688418 | S8: 0.19974127 | T8: -0.46555236 | U8: -0.42558119
A9: 937 | B9: 0.65212065 | C9: -0.98689449 | D9: 0.61195862 | E9: 0.010446513 | F9: -0.19450428 | G9: -0.31541917 | H9: 0.28448158 | I9: -0.26383957 | J9: -0.75301778 | K9: -0.03238935 | L9: 0.93942207 | M9: -1.2600882 | N9: 0.22501834 | O9: -0.35252398 | P9: -0.087125205 | Q9: 1.4659305 | R9: -1.3123084 | S9: 0.082005724 | T9: -0.31145635 | U9: -0.072885334
A10: 939 | B10: 0.34012315 | C10: -0.2301162 | D10: 0.33861557 | E10: -0.32171941 | F10: -0.18822864 | G10: -0.40234029 | H10: 0.21347162 | I10: -0.49006596 | J10: -0.24866585 | K10: -0.1565156 | L10: 0.63298804 | M10: -0.73504496 | N10: 0.26725629 | O10: -0.34253278 | P10: -0.18936393 | Q10: 0.70326203 | R10: -0.74782682 | S10: 0.074538402 | T10: -0.11654806 | U10: 0.059493117
A11: 941 | B11: 0.33172771 | C11: -0.26755026 | D11: 0.12133019 | E11: -0.37461945 | F11: -0.1030661 | G11: -0.3014648 | H11: -0.045799069 | I11: -0.26477563 | J11: -0.066407181 | K11: -0.27104652 | L11: 0.51201373 | M11: -0.68868607 | N11: 0.19026437 | O11: -0.49703926 | P11: -0.34805509 | Q11: 0.23109658 | R11: -0.56219441 | S11: 0.2124493 | T11: 0.063354686 | U11: 0.22224186
A12: 943 | B12: 0.14699149 | C12: -0.6948123 | D12: -0.2187288 | E12: -0.34663525 | F12: 0.03579754 | G12: -0.14638683 | H12: -0.2524243 | I12: -0.10795198 | J12: -0.083525725 | K12: -0.39744475 | L12: 0.16955842 | M12: -0.6408841 | N12: 0.024463782 | O12: -0.42205849 | P12: -0.34894848 | Q12: 0.018398892 | R12: -0.3564738 | S12: 0.1742252 | T12: 0.12461393 | U12: 0.29398265
A13: 945 | B13: 0.17434087 | C13: -0.91179097 | D13: -0.42100099 | E13: -0.34217489 | F13: 0.18604448 | G13: 0.063987404 | H13: -0.23300384 | I13: -0.13568616 | J13: -0.23680627 | K13: -0.33664995 | L13: 0.025572551 | M13: -0.40100735 | N13: 0.045947179 | O13: -0.1044924 | P13: -0.32437986 | Q13: -0.042593244 | R13: -0.21379235 | S13: 0.042227246 | T13: 0.003303104 | U13: 0.21972202
... A594: 2995 | B594: -1.6172282 | C594: -0.75306672 | D594: 3.3753538 | E594: -1.0672679 | F594: 0.57005847 | G594: -0.9959724 | H594: -1.2628477 | I594: -0.67787552 | J594: -2.7446358 | K594: 0.42172131 | L594: -0.14824149 | M594: 0.29978579 | N594: 3.5415101 | O594: 1.7758329 | P594: -1.4617348 | Q594: 0.58782518 | R594: -1.3695149 | S594: -1.7933867 | T594: 0.7074548 | U594: -2.2300873

Sheet PMMA in slice
A1: This data here is copied from the raw data PMMA in slice sheet. | O1: Maximum intensity from Column K (mV): | P1: =MAX(P3:P588) -> 12.355383 | Q1: =MAX(Q3:Q588) -> 1
A2: Wavenumber (cm-1) | O2: Wavenumber (cm-1) | P2: average intensity (mV) | Q2: The values here have been normalized against the max intensity. For example, the intensity for the wavenumber of 940 was divided by the maximum intensity, i.e. P3/P1. Likewise, the remaining data was normalized.
A3: 923 | B3: 1.3480211 | C3: -2.2898293 | D3: -0.048999052 | E3: -0.32119209 | F3: -1.7379333 | G3: -2.4946318 | H3: -1.4757739 | I3: 1.8965818 | J3: -0.28476122 | K3: -3.4870713 | L3: 0.58593518 | M3: 0.43265504 | O3: 923 | P3: =AVERAGE(B3:M3) -> -0.65641656 | Q3: =P3/$P$1 -> -0.053127984
A4: 925 | B4: 0.24007268 | C4: -2.1304994 | D4: 0.0067024529 | E4: -0.20309012 | F4: -2.6626828 | G4: -3.0716269 | H4: -1.1040239 | I4: 1.7106175 | J4: 1.0318216 | K4: -3.2106004 | L4: -0.35690862 | M4: 1.2014077 | O4: 925 | P4: =AVERAGE(B4:M4) -> -0.71240084 | Q4: =P4/$P$1 -> -0.057659149
A5: 927 | B5: -0.57589293 | C5: -2.1060674 | D5: -0.59127086 | E5: -0.71643591 | F5: -3.2962925 | G5: -3.4442682 | H5: -1.3999293 | I5: 0.26973534 | J5: 1.672238 | K5: -5.1838861 | L5: -0.81955916 | M5: 1.1948397 | O5: 927 | P5: =AVERAGE(B5:M5) -> -1.2497324 | Q5: =P5/$P$1 -> -0.10114883
A6: 929 | B6: -0.67843169 | C6: -1.1876957 | D6: -1.7789048 | E6: -1.0657475 | F6: -2.4027636 | G6: -2.9025049 | H6: -1.4613051 | I6: -1.2129456 | J6: 0.41782817 | K6: -5.4311519 | L6: -0.37553105 | M6: 1.4287387 | O6: 929 | P6: =AVERAGE(B6:M6) -> -1.3875346 | Q6: =P6/$P$1 -> -0.11230203
A7: 931 | B7: 0.29009804 | C7: -0.9020766 | D7: -1.7767209 | E7: -1.483199 | F7: -0.5466733 | G7: -1.3450704 | H7: -1.1352485 | I7: -0.98241317 | J7: 0.20093337 | K7: -4.2258134 | L7: -0.26117331 | M7: 0.31759799 | O7: 931 | P7: =AVERAGE(B7:M7) -> -0.98747993 | Q7: =P7/$P$1 -> -0.079923056
A8: 933 | B8: 1.6255388 | C8: -0.58227372 | D8: -0.43476641 | E8: -2.4113884 | F8: -0.30771074 | G8: 0.27005747 | H8: -1.2677894 | I8: -0.93249881 | J8: -0.18813065 | K8: -1.1845627 | L8: 0.86249965 | M8: -1.2858564 | O8: 933 | P8: =AVERAGE(B8:M8) -> -0.48640677 | Q8: =P8/$P$1 -> -0.039368005
A9: 935 | B9: 2.3669417 | C9: -0.66310066 | D9: -0.34740278 | E9: -1.7677059 | F9: -0.17336278 | G9: 0.61199141 | H9: -1.0539112 | I9: -0.57254863 | J9: -0.19001597 | K9: -0.34041041 | L9: 1.207074 | M9: -1.8762649 | O9: 935 | P9: =AVERAGE(B9:M9) -> -0.23322635 | Q9: =P9/$P$1 -> -0.018876497
A10: 937 | B10: 1.7077899 | C10: -0.2440102 | D10: -0.81064719 | E10: -0.93874913 | F10: -0.06617675 | G10: 0.54440975 | H10: -0.88502216 | I10: 0.28766793 | J10: -0.1102672 | K10: -1.0772151 | L10: 1.1171041 | M10: -1.8835033 | O10: 937 | P10: =AVERAGE(B10:M10) -> -0.19655162 | Q10: =P10/$P$1 -> -0.015908177
A11: 939 | B11: 0.92601776 | C11: -0.13966009 | D11: -0.43113101 | E11: -0.067669965 | F11: -0.0360028 | G11: 0.47548965 | H11: -0.68193084 | I11: 1.1307845 | J11: -0.34384272 | K11: -1.6299254 | L11: 0.74970436 | M11: -1.6011251 | O11: 939 | P11: =AVERAGE(B11:M11) -> -0.13744097 | Q11: =P11/$P$1 -> -0.011123975
A12: 941 | B12: 0.36088446 | C12: -0.079316586 | D12: 0.09062998 | E12: 0.29417938 | F12: 0.17903154 | G12: 0.68783975 | H12: -0.42444068 | I12: 1.7647281 | J12: -0.34307909 | K12: -1.0418078 | L12: 0.85247773 | M12: -1.0736604 | O12: 941 | P12: =AVERAGE(B12:M12) -> 0.1056222 | Q12: =P12/$P$1 -> 0.008548679
A13: 943 | B13: 0.026076818 | C13: 0.1290275 | D13: 0.59709799 | E13: 0.3348397 | F13: 0.38701504 | G13: 0.89293706 | H13: -0.25253791 | I13: 1.9771039 | J13: -0.3504279 | K13: -0.52724499 | L13: 1.0238515 | M13: -0.74878901 | O13: 943 | P13: =AVERAGE(B13:M13) -> 0.29074582 | Q13: =P13/$P$1 -> 0.023531915
A14: 945 | B14: -0.18800631 | C14: 0.32062685 | D14: 0.95087504 | E14: 0.35656872 | F14: 0.53893852 | G14: 1.1958089 | H14: -0.1521652 | I14: 1.9959066 | J14: -0.24179913 | K14: -0.42635047 | L14: 1.031379 | M14: -0.62491375 | O14: 945 | P14: =AVERAGE(B14:M14) -> 0.39640573 | Q14: =P14/$P$1 -> 0.032083647
... A595: 2995 | B595: -2.2553465 | C595: 1.7263715 | D595: 1.0712662 | E595: 1.1824774 | F595: 3.3406563 | G595: 0.44387981 | H595: 1.1739471 | I595: -0.67401147 | J595: -1.8177009 | K595: 0.010009837 | L595: 3.3745325 | M595: 0.35504836 | O595: 2995 | P595: =AVERAGE(B595:M595) -> 0.6609275 | Q595: =P595/$P$1 -> 0.053493083

Sheet Reference PMMA spectra
B1: This data here is copied from the raw data PMMA ref sheet. It is the IR data from reference PMMA. | AC1: Maximum intensity from Column K (mV): | AD1: =MAX(AD3:AD588) -> 3.4371521 | AE1: =MAX(AE3:AE588) -> 1
A2: X value [cmâ»Â¹] | B2: IR Spectrum 53/O-PTIR (mV) [] | C2: IR Spectrum 54/O-PTIR (mV) [] | D2: IR Spectrum 55/O-PTIR (mV) [] | E2: IR Spectrum 56/O-PTIR (mV) [] | F2: IR Spectrum 57/O-PTIR (mV) [] | G2: IR Spectrum 58/O-PTIR (mV) [] | H2: IR Spectrum 59/O-PTIR (mV) [] | I2: IR Spectrum 60/O-PTIR (mV) [] | J2: IR Spectrum 61/O-PTIR (mV) [] | K2: IR Spectrum 62/O-PTIR (mV) [] | L2: IR Spectrum 63/O-PTIR (mV) [] | M2: IR Spectrum 64/O-PTIR (mV) [] | N2: IR Spectrum 65/O-PTIR (mV) [] | O2: IR Spectrum 66/O-PTIR (mV) [] | P2: IR Spectrum 67/O-PTIR (mV) [] | Q2: IR Spectrum 68/O-PTIR (mV) [] | R2: IR Spectrum 69/O-PTIR (mV) [] | S2: IR Spectrum 70/O-PTIR (mV) [] | T2: IR Spectrum 71/O-PTIR (mV) [] | U2: IR Spectrum 72/O-PTIR (mV) [] | V2: IR Spectrum 73/O-PTIR (mV) [] | W2: IR Spectrum 74/O-PTIR (mV) [] | X2: IR Spectrum 75/O-PTIR (mV) [] | Y2: IR Spectrum 76/O-PTIR (mV) [] | Z2: IR Spectrum 77/O-PTIR (mV) [] | AA2: IR Spectrum 78/O-PTIR (mV) [] | AC2: Wavenumber (cm-1) | AD2: average intensity (mV) | AE2: The values here have been normalized against the max intensity. For example, the intensity for the wavenumber of 940 was divided by the maximum intensity, e.g. AD3/AD1. Likewise, the remaining data was normalized.
A3: 923 | B3: -0.50828522 | C3: -3.3673406 | D3: 2.0615289 | E3: -3.721957 | F3: 2.9897912 | G3: -2.4288406 | H3: 1.0265365 | I3: 1.8487557 | J3: -1.2774522 | K3: 0.97949189 | L3: -2.0290859 | M3: -2.6722109 | N3: 0.13936928 | O3: 1.4078285 | P3: -2.4049225 | Q3: -2.1803038 | R3: 1.3215078 | S3: 0.5260765 | T3: -1.085101 | U3: -1.9858403 | AD3: =AVERAGE(B3:AA3) -> -0.56802269 | AE3: =AD3/$AD$1 -> -0.16525969
A4: 925 | B4: 0.42732397 | C4: -3.1041043 | D4: 1.4807302 | E4: -2.4564846 | F4: 1.5057163 | G4: -2.1818883 | H4: 1.4321289 | I4: 0.38115794 | J4: -0.64397496 | K4: 0.78739017 | L4: -0.829696 | M4: -2.6882441 | N4: 1.605866 | O4: 1.588006 | P4: -1.1545918 | Q4: -1.9441692 | R4: 0.019737983 | S4: 0.35549658 | T4: -0.55852598 | U4: -1.1898013 | AD4: =AVERAGE(B4:AA4) -> -0.35839632 | AE4: =AD4/$AD$1 -> -0.1042713
A5: 927 | B5: 1.66216 | C5: -2.7215745 | D5: 0.45277098 | E5: -1.5652003 | F5: 0.38444301 | G5: -1.7652923 | H5: 1.6573331 | I5: -0.90804178 | J5: 0.26810849 | K5: -0.19181311 | L5: 0.20036365 | M5: -3.2559099 | N5: 2.7643795 | O5: 1.0822461 | P5: -0.31076902 | Q5: -0.54258132 | R5: -0.97322184 | S5: -0.10172845 | T5: -0.048095465 | U5: -0.76859671 | AD5: =AVERAGE(B5:AA5) -> -0.234051 | AE5: =AD5/$AD$1 -> -0.068094453
A6: 929 | B6: 2.0485556 | C6: -2.5175576 | D6: 0.7091788 | E6: -1.0071621 | F6: 0.37274259 | G6: -0.71392798 | H6: 1.9734794 | I6: -0.83793843 | J6: 0.87529558 | K6: -0.95652801 | L6: 0.31191838 | M6: -2.663377 | N6: 2.5956621 | O6: 0.47641057 | P6: -0.26001194 | Q6: -0.11609416 | R6: -1.2440476 | S6: -0.21447 | T6: -0.14560148 | U6: -0.73988974 | AD6: =AVERAGE(B6:AA6) -> -0.10266816 | AE6: =AD6/$AD$1 -> -0.029870123
A7: 931 | B7: 2.3512342 | C7: -2.1816022 | D7: 1.5542675 | E7: 0.22629619 | F7: 0.12092436 | G7: 0.272116 | H7: 1.8343656 | I7: -0.023932714 | J7: 0.37735111 | K7: -1.0737321 | L7: 0.14849882 | M7: -2.6208634 | N7: 1.3159171 | O7: 0.37943062 | P7: 0.16490236 | Q7: -0.28339827 | R7: -1.4628582 | S7: 0.2415279 | T7: -0.49602416 | U7: -0.46248645 | AD7: =AVERAGE(B7:AA7) -> 0.019096711 | AE7: =AD7/$AD$1 -> 0.005555969
A8: 933 | B8: 2.5395451 | C8: -1.987808 | D8: 1.8978938 | E8: 0.51504934 | F8: -0.22727206 | G8: 0.30984393 | H8: 1.4811081 | I8: 0.38015169 | J8: -0.91193485 | K8: -0.013069588 | L8: 0.49383012 | M8: -2.8029046 | N8: 0.32686812 | O8: 0.012356242 | P8: 0.6124332 | Q8: 0.38515016 | R8: -1.7274528 | S8: 0.2317905 | T8: -0.40946761 | U8: -0.30955651 | AD8: =AVERAGE(B8:AA8) -> 0.039827711 | AE8: =AD8/$AD$1 -> 0.011587416
A9: 935 | B9: 1.4883454 | C9: -1.6186272 | D9: 1.2712182 | E9: 0.30708075 | F9: -0.20330673 | G9: -0.054325432 | H9: 0.67692816 | I9: 0.41925249 | J9: -1.1592832 | K9: 0.28693631 | L9: 1.1279448 | M9: -2.0641844 | N9: 0.26466334 | O9: -0.42135739 | P9: 0.21715018 | Q9: 1.3248271 | R9: -1.5688418 | S9: 0.19974127 | T9: -0.46555236 | U9: -0.42558119 | AD9: =AVERAGE(B9:AA9) -> -0.019848587 | AE9: =AD9/$AD$1 -> -0.0057747187
A10: 937 | B10: 0.65212065 | C10: -0.98689449 | D10: 0.61195862 | E10: 0.010446513 | F10: -0.19450428 | G10: -0.31541917 | H10: 0.28448158 | I10: -0.26383957 | J10: -0.75301778 | K10: -0.03238935 | L10: 0.93942207 | M10: -1.2600882 | N10: 0.22501834 | O10: -0.35252398 | P10: -0.087125205 | Q10: 1.4659305 | R10: -1.3123084 | S10: 0.082005724 | T10: -0.31145635 | U10: -0.072885334 | AD10: =AVERAGE(B10:AA10) -> -0.083553409 | AE10: =AD10/$AD$1 -> -0.024308906
A11: 939 | B11: 0.34012315 | C11: -0.2301162 | D11: 0.33861557 | E11: -0.32171941 | F11: -0.18822864 | G11: -0.40234029 | H11: 0.21347162 | I11: -0.49006596 | J11: -0.24866585 | K11: -0.1565156 | L11: 0.63298804 | M11: -0.73504496 | N11: 0.26725629 | O11: -0.34253278 | P11: -0.18936393 | Q11: 0.70326203 | R11: -0.74782682 | S11: 0.074538402 | T11: -0.11654806 | U11: 0.059493117 | AD11: =AVERAGE(B11:AA11) -> -0.076961014 | AE11: =AD11/$AD$1 -> -0.022390925
A12: 941 | B12: 0.33172771 | C12: -0.26755026 | D12: 0.12133019 | E12: -0.37461945 | F12: -0.1030661 | G12: -0.3014648 | H12: -0.045799069 | I12: -0.26477563 | J12: -0.066407181 | K12: -0.27104652 | L12: 0.51201373 | M12: -0.68868607 | N12: 0.19026437 | O12: -0.49703926 | P12: -0.34805509 | Q12: 0.23109658 | R12: -0.56219441 | S12: 0.2124493 | T12: 0.063354686 | U12: 0.22224186 | AD12: =AVERAGE(B12:AA12) -> -0.09531127 | AE12: =AD12/$AD$1 -> -0.027729721
A13: 943 | B13: 0.14699149 | C13: -0.6948123 | D13: -0.2187288 | E13: -0.34663525 | F13: 0.03579754 | G13: -0.14638683 | H13: -0.2524243 | I13: -0.10795198 | J13: -0.083525725 | K13: -0.39744475 | L13: 0.16955842 | M13: -0.6408841 | N13: 0.024463782 | O13: -0.42205849 | P13: -0.34894848 | Q13: 0.018398892 | R13: -0.3564738 | S13: 0.1742252 | T13: 0.12461393 | U13: 0.29398265 | AD13: =AVERAGE(B13:AA13) -> -0.15141215 | AE13: =AD13/$AD$1 -> -0.044051628
A14: 945 | B14: 0.17434087 | C14: -0.91179097 | D14: -0.42100099 | E14: -0.34217489 | F14: 0.18604448 | G14: 0.063987404 | H14: -0.23300384 | I14: -0.13568616 | J14: -0.23680627 | K14: -0.33664995 | L14: 0.025572551 | M14: -0.40100735 | N14: 0.045947179 | O14: -0.1044924 | P14: -0.32437986 | Q14: -0.042593244 | R14: -0.21379235 | S14: 0.042227246 | T14: 0.003303104 | U14: 0.21972202 | AD14: =AVERAGE(B14:AA14) -> -0.14711167 | AE14: =AD14/$AD$1 -> -0.042800454
... A595: 2995 | B595: -1.6172282 | C595: -0.75306672 | D595: 3.3753538 | E595: -1.0672679 | F595: 0.57005847 | G595: -0.9959724 | H595: -1.2628477 | I595: -0.67787552 | J595: -2.7446358 | K595: 0.42172131 | L595: -0.14824149 | M595: 0.29978579 | N595: 3.5415101 | O595: 1.7758329 | P595: -1.4617348 | Q595: 0.58782518 | R595: -1.3695149 | S595: -1.7933867 | T595: 0.7074548 | U595: -2.2300873 | AD595: =AVERAGE(B595:AA595) -> -0.24211585 | AE595: =AD595/$AD$1 -> -0.07044083

Sheet Final Plot for Figure S13I
B1: Values from the sheet titled PMMA in slice, column Q | C1: Values from the sheet titled Reference PMMA spectra, column AE
A2: Wavenumber (cm-1) | B2: PMMA in sample | C2: reference PMMA
A3: 923 | B3: ='PMMA in slice'!Q3 -> -0.053127984 | C3: ='Reference PMMA spectra'!AE3 -> -0.16525969
A4: 925 | B4: ='PMMA in slice'!Q4 -> -0.057659149 | C4: ='Reference PMMA spectra'!AE4 -> -0.1042713
A5: 927 | B5: ='PMMA in slice'!Q5 -> -0.10114883 | C5: ='Reference PMMA spectra'!AE5 -> -0.068094453
A6: 929 | B6: ='PMMA in slice'!Q6 -> -0.11230203 | C6: ='Reference PMMA spectra'!AE6 -> -0.029870123
A7: 931 | B7: ='PMMA in slice'!Q7 -> -0.079923056 | C7: ='Reference PMMA spectra'!AE7 -> 0.005555969
A8: 933 | B8: ='PMMA in slice'!Q8 -> -0.039368005 | C8: ='Reference PMMA spectra'!AE8 -> 0.011587416
A9: 935 | B9: ='PMMA in slice'!Q9 -> -0.018876497 | C9: ='Reference PMMA spectra'!AE9 -> -0.0057747187
A10: 937 | B10: ='PMMA in slice'!Q10 -> -0.015908177 | C10: ='Reference PMMA spectra'!AE10 -> -0.024308906
A11: 939 | B11: ='PMMA in slice'!Q11 -> -0.011123975 | C11: ='Reference PMMA spectra'!AE11 -> -0.022390925
A12: 941 | B12: ='PMMA in slice'!Q12 -> 0.008548679 | C12: ='Reference PMMA spectra'!AE12 -> -0.027729721
A13: 943 | B13: ='PMMA in slice'!Q13 -> 0.023531915 | C13: ='Reference PMMA spectra'!AE13 -> -0.044051628
A14: 945 | B14: ='PMMA in slice'!Q14 -> 0.032083647 | C14: ='Reference PMMA spectra'!AE14 -> -0.042800454
... A588: 2981 | B588: ='PMMA in slice'!Q588 -> 0.099000732 | C588: ='Reference PMMA spectra'!AE588 -> -0.043511185
