Workbook

Sheet raw data biomass
A1: X value [cmâ»Â¹]
A2: 923 | B2: 2.217061 | C2: -1.927911 | D2: 4.1966238 | E2: -1.8416005 | F2: 1.9738959 | G2: 0.14293635 | H2: 1.0418186 | I2: -0.5355565 | J2: -1.4313262 | K2: -2.5193164 | L2: -0.49433309 | M2: 3.2008932
A3: 925 | B3: 3.1734734 | C3: -0.31871036 | D3: 2.3492122 | E3: -1.7155553 | F3: 1.5844938 | G3: 0.40797222 | H3: 2.2410486 | I3: -0.32157019 | J3: -0.82248014 | K3: -2.8923872 | L3: 0.43894738 | M3: 2.8036041
A4: 927 | B4: 3.7729144 | C4: -0.0885894 | D4: 0.95926952 | E4: -1.5971928 | F4: 0.59916091 | G4: -0.095640011 | H4: 1.6046993 | I4: -0.40420693 | J4: 0.0011333823 | K4: -1.9026778 | L4: 0.35560584 | M4: 1.9980377
A5: 929 | B5: 3.786525 | C5: -0.45015463 | D5: 0.29258239 | E5: -2.2549343 | F5: 0.37660378 | G5: -0.17327555 | H5: 1.9501684 | I5: 0.21516065 | J5: -0.032416604 | K5: -0.88164902 | L5: -0.32149142 | M5: 0.80164677
A6: 931 | B6: 2.4447677 | C6: -0.068702623 | D6: -0.32643911 | E6: -3.4964442 | F6: 0.51047629 | G6: -0.020655256 | H6: 2.6142628 | I6: 0.04496206 | J6: -0.084669746 | K6: -0.57509589 | L6: 0.2114685 | M6: 0.48657709
A7: 933 | B7: 1.0787289 | C7: 0.14201473 | D7: -0.31290433 | E7: -3.4077353 | F7: 0.97815484 | G7: -0.35261407 | H7: 1.8989786 | I7: -0.13406602 | J7: 0.08687117 | K7: -0.66857594 | L7: 0.80034882 | M7: 0.53438759
A8: 935 | B8: 0.36764145 | C8: 0.19056773 | D8: 0.19891639 | E8: -2.0922267 | F8: 0.65051126 | G8: -0.46320909 | H8: 0.37638471 | I8: -0.21716104 | J8: 0.32666612 | K8: -0.58503121 | L8: 0.80887145 | M8: 0.47214174
A9: 937 | B9: 0.12608293 | C9: -0.021318685 | D9: 0.27018556 | E9: -0.9078005 | F9: 0.15462887 | G9: 0.0095788296 | H9: -0.39727163 | I9: -0.22543696 | J9: 0.43603098 | K9: -0.47381034 | L9: 0.6333425 | M9: 0.10863137
A10: 939 | B10: -0.021449601 | C10: -0.10129469 | D10: 0.24041334 | E10: -0.32188913 | F10: 0.074468598 | G10: 0.54847151 | H10: -0.13924208 | I10: -0.13301834 | J10: 0.4554204 | K10: -0.49919486 | L10: 0.19568039 | M10: 0.0044471561
A11: 941 | B11: -0.1734809 | C11: -0.15535846 | D11: 0.16311687 | E11: -0.074564144 | F11: -0.072617993 | G11: 0.7398026 | H11: 0.46573412 | I11: -0.2554644 | J11: 0.61830103 | K11: -0.45710361 | L11: -0.17829321 | M11: -0.066777185
A12: 943 | B12: -0.24066943 | C12: -0.24049343 | D12: 0.26270524 | E12: -0.03626395 | F12: -0.27990776 | G12: 0.74274492 | H12: 1.1039215 | I12: -0.38883227 | J12: 0.61728072 | K12: -0.42990685 | L12: -0.34279364 | M12: -0.13584727
A13: 945 | B13: -0.30212557 | C13: -0.064764522 | D13: 0.087003402 | E13: -0.25538212 | F13: -0.45901579 | G13: 0.59038657 | H13: 1.5776175 | I13: -0.24528068 | J13: 0.39736587 | K13: -0.2520791 | L13: -0.265214 | M13: -0.23678321
... A594: 2995 | B594: 1.0028671 | C594: 1.1485845 | D594: 0.5677492 | E594: 1.0839226 | F594: 0.22720823 | G594: -0.100773 | H594: -3.6593404 | I594: 3.5883117 | J594: 1.0532683 | K594: -1.8718685 | L594: -1.4256668 | M594: -3.4467504

Sheet Figure S13L
A1: This data here is copied from the raw data biomass sheet. | T1: Maximum intensity from Column U (mV): | U1: =MAX(U3:U588) -> 6.2699061 | V1: =MAX(V3:V588) -> 1
A2: Wavenumber (cm-1) | T2: Wavenumber (cm-1) | U2: average intensity (mV) | V2: The values here have been normalized against the max intensity. For example, the intensity for the wavenumber of 940 was divided by the maximum intensity, i.e. U3/U1. Likewise, the remaining data was normalized.
A3: 923 | B3: 2.217061 | C3: -1.927911 | D3: 4.1966238 | E3: -1.8416005 | F3: 1.9738959 | G3: 0.14293635 | H3: 1.0418186 | I3: -0.5355565 | J3: -1.4313262 | K3: -2.5193164 | L3: -0.49433309 | M3: 3.2008932 | T3: 923 | U3: =AVERAGE(B3:Q3) -> 0.33526543 | V3: =U3/$U$1 -> 0.053472161
A4: 925 | B4: 3.1734734 | C4: -0.31871036 | D4: 2.3492122 | E4: -1.7155553 | F4: 1.5844938 | G4: 0.40797222 | H4: 2.2410486 | I4: -0.32157019 | J4: -0.82248014 | K4: -2.8923872 | L4: 0.43894738 | M4: 2.8036041 | T4: 925 | U4: =AVERAGE(B4:Q4) -> 0.57733737 | V4: =U4/$U$1 -> 0.092080704
A5: 927 | B5: 3.7729144 | C5: -0.0885894 | D5: 0.95926952 | E5: -1.5971928 | F5: 0.59916091 | G5: -0.095640011 | H5: 1.6046993 | I5: -0.40420693 | J5: 0.0011333823 | K5: -1.9026778 | L5: 0.35560584 | M5: 1.9980377 | T5: 927 | U5: =AVERAGE(B5:Q5) -> 0.43354284 | V5: =U5/$U$1 -> 0.069146624 | X5: Graph plotted using normalized intensity values
A6: 929 | B6: 3.786525 | C6: -0.45015463 | D6: 0.29258239 | E6: -2.2549343 | F6: 0.37660378 | G6: -0.17327555 | H6: 1.9501684 | I6: 0.21516065 | J6: -0.032416604 | K6: -0.88164902 | L6: -0.32149142 | M6: 0.80164677 | T6: 929 | U6: =AVERAGE(B6:Q6) -> 0.27573045 | V6: =U6/$U$1 -> 0.043976807
A7: 931 | B7: 2.4447677 | C7: -0.068702623 | D7: -0.32643911 | E7: -3.4964442 | F7: 0.51047629 | G7: -0.020655256 | H7: 2.6142628 | I7: 0.04496206 | J7: -0.084669746 | K7: -0.57509589 | L7: 0.2114685 | M7: 0.48657709 | T7: 931 | U7: =AVERAGE(B7:Q7) -> 0.1450423 | V7: =U7/$U$1 -> 0.02313309
A8: 933 | B8: 1.0787289 | C8: 0.14201473 | D8: -0.31290433 | E8: -3.4077353 | F8: 0.97815484 | G8: -0.35261407 | H8: 1.8989786 | I8: -0.13406602 | J8: 0.08687117 | K8: -0.66857594 | L8: 0.80034882 | M8: 0.53438759 | T8: 933 | U8: =AVERAGE(B8:Q8) -> 0.053632411 | V8: =U8/$U$1 -> 0.0085539417
A9: 935 | B9: 0.36764145 | C9: 0.19056773 | D9: 0.19891639 | E9: -2.0922267 | F9: 0.65051126 | G9: -0.46320909 | H9: 0.37638471 | I9: -0.21716104 | J9: 0.32666612 | K9: -0.58503121 | L9: 0.80887145 | M9: 0.47214174 | T9: 935 | U9: =AVERAGE(B9:Q9) -> 0.0028393964 | V9: =U9/$U$1 -> 0.00045286107
A10: 937 | B10: 0.12608293 | C10: -0.021318685 | D10: 0.27018556 | E10: -0.9078005 | F10: 0.15462887 | G10: 0.0095788296 | H10: -0.39727163 | I10: -0.22543696 | J10: 0.43603098 | K10: -0.47381034 | L10: 0.6333425 | M10: 0.10863137 | T10: 937 | U10: =AVERAGE(B10:Q10) -> -0.023929756 | V10: =U10/$U$1 -> -0.0038166051
A11: 939 | B11: -0.021449601 | C11: -0.10129469 | D11: 0.24041334 | E11: -0.32188913 | F11: 0.074468598 | G11: 0.54847151 | H11: -0.13924208 | I11: -0.13301834 | J11: 0.4554204 | K11: -0.49919486 | L11: 0.19568039 | M11: 0.0044471561 | T11: 939 | U11: =AVERAGE(B11:Q11) -> 0.025234391 | V11: =U11/$U$1 -> 0.004024684
A12: 941 | B12: -0.1734809 | C12: -0.15535846 | D12: 0.16311687 | E12: -0.074564144 | F12: -0.072617993 | G12: 0.7398026 | H12: 0.46573412 | I12: -0.2554644 | J12: 0.61830103 | K12: -0.45710361 | L12: -0.17829321 | M12: -0.066777185 | T12: 941 | U12: =AVERAGE(B12:Q12) -> 0.046107893 | V12: =U12/$U$1 -> 0.0073538411
A13: 943 | B13: -0.24066943 | C13: -0.24049343 | D13: 0.26270524 | E13: -0.03626395 | F13: -0.27990776 | G13: 0.74274492 | H13: 1.1039215 | I13: -0.38883227 | J13: 0.61728072 | K13: -0.42990685 | L13: -0.34279364 | M13: -0.13584727 | T13: 943 | U13: =AVERAGE(B13:Q13) -> 0.052661484 | V13: =U13/$U$1 -> 0.0083990865
A14: 945 | B14: -0.30212557 | C14: -0.064764522 | D14: 0.087003402 | E14: -0.25538212 | F14: -0.45901579 | G14: 0.59038657 | H14: 1.5776175 | I14: -0.24528068 | J14: 0.39736587 | K14: -0.2520791 | L14: -0.265214 | M14: -0.23678321 | T14: 945 | U14: =AVERAGE(B14:Q14) -> 0.047644032 | V14: =U14/$U$1 -> 0.0075988429
A15: 947 | B15: -0.29435632 | C15: 0.16779847 | D15: -0.12890504 | E15: -0.43816045 | F15: -0.41723919 | G15: 0.61291772 | H15: 1.7814223 | I15: -0.018367939 | J15: 0.083744429 | K15: -0.16439198 | L15: -0.23362884 | M15: -0.18092583 | T15: 947 | U15: =AVERAGE(B15:Q15) -> 0.064158941 | V15: =U15/$U$1 -> 0.010232839
A16: 949 | B16: -0.18185624 | C16: 0.18563922 | D16: -0.25278383 | E16: -0.49961868 | F16: -0.30283642 | G16: 0.8683989 | H16: 1.9294977 | I16: 0.2174588 | J16: -0.13500501 | K16: -0.16519797 | L16: -0.18003686 | M16: -0.12812799 | T16: 949 | U16: =AVERAGE(B16:Q16) -> 0.11296097 | V16: =U16/$U$1 -> 0.018016373
A17: 951 | B17: 0.021593114 | C17: 0.11689191 | D17: -0.18780583 | E17: -0.49832535 | F17: -0.16552588 | G17: 1.1462135 | H17: 2.1273861 | I17: 0.49172962 | J17: -0.22221057 | K17: -0.13023192 | L17: -0.076125398 | M17: -0.10896519 | T17: 951 | U17: =AVERAGE(B17:Q17) -> 0.20955201 | V17: =U17/$U$1 -> 0.033421874
... A595: 2995 | B595: 1.0028671 | C595: 1.1485845 | D595: 0.5677492 | E595: 1.0839226 | F595: 0.22720823 | G595: -0.100773 | H595: -3.6593404 | I595: 3.5883117 | J595: 1.0532683 | K595: -1.8718685 | L595: -1.4256668 | M595: -3.4467504 | T595: 2995 | U595: =AVERAGE(B595:Q595) -> -0.15270729 | V595: =U595/$U$1 -> -0.024355594

Sheet raw data PVC in slice
A1: X value [cm‚Åª¬π] | B1: O-PTIR 1/O-PTIR | C1: O-PTIR 2/O-PTIR | D1: O-PTIR 3/O-PTIR | E1: O-PTIR 4/O-PTIR | F1: O-PTIR 5/O-PTIR | G1: O-PTIR 6/O-PTIR | H1: O-PTIR 7/O-PTIR | I1: O-PTIR 8/O-PTIR | J1: O-PTIR 9/O-PTIR | K1: O-PTIR 10/O-PTIR | L1: O-PTIR 11/O-PTIR | M1: O-PTIR 12/O-PTIR | N1: O-PTIR 13/O-PTIR | O1: O-PTIR 14/O-PTIR | P1: O-PTIR 15/O-PTIR | Q1: O-PTIR 16/O-PTIR | R1: O-PTIR 17/O-PTIR | S1: O-PTIR 18/O-PTIR
A2: 923 | B2: 0.0085458998 | C2: 0.10584949 | D2: 0.73112369 | E2: -1.7765955 | F2: 1.091772 | G2: 0.87947118 | H2: 0.063389301 | I2: -1.2766511 | J2: -1.4330295 | K2: -0.8946054 | L2: -0.78206468 | M2: -0.59539628 | N2: 0.96177143 | O2: 0.69850838 | P2: 0.28893852 | Q2: -0.61550474 | R2: 0.13020523 | S2: 0.31694219
A3: 925 | B3: -0.03714601 | C3: -0.077403456 | D3: -0.57500571 | E3: -1.1450886 | F3: 0.76961869 | G3: 0.18408017 | H3: -0.15816778 | I3: -1.2685417 | J3: -1.4885724 | K3: -0.38655931 | L3: -0.43202683 | M3: -0.3925581 | N3: 0.96583062 | O3: 0.49351531 | P3: 0.032556526 | Q3: -0.81389463 | R3: 0.41519848 | S3: -0.0064724013
A4: 927 | B4: 0.27969769 | C4: -0.88389504 | D4: -0.81688893 | E4: -0.93228948 | F4: 0.54745817 | G4: -0.37468323 | H4: -0.45278704 | I4: -0.43730152 | J4: -0.73948932 | K4: 0.25875172 | L4: -0.58534253 | M4: -0.76707864 | N4: 0.20080048 | O4: 0.11439677 | P4: 0.014450227 | Q4: -0.53933644 | R4: 0.12911901 | S4: -0.13978946
A5: 929 | B5: 0.51181602 | C5: -0.82897085 | D5: -0.25669155 | E5: -0.84509903 | F5: 0.49607024 | G5: -0.46590632 | H5: -0.1154803 | I5: -0.10620786 | J5: -0.4792766 | K5: 0.4700281 | L5: -0.86869609 | M5: -1.1666421 | N5: -0.52849072 | O5: 0.073172279 | P5: 0.26000398 | Q5: -0.49694616 | R5: -0.1221204 | S5: -0.15198176
A6: 931 | B6: 0.32826376 | C6: 0.017071109 | D6: 0.3141185 | E6: -0.58708733 | F6: 0.305803 | G6: -0.49129266 | H6: 0.031981479 | I6: -0.39353573 | J6: 0.039598387 | K6: 0.46299481 | L6: -0.7084378 | M6: -1.0897166 | N6: -0.52461433 | O6: 0.41673881 | P6: 0.69323158 | Q6: -0.62241518 | R6: 0.16712925 | S6: -0.099614173
A7: 933 | B7: 0.3285611 | C7: 0.53834414 | D7: 0.33128655 | E7: -0.42626661 | F7: 0.2018165 | G7: -0.1762246 | H7: 0.060584474 | I7: -0.63645256 | J7: 0.26566386 | K7: 0.28021815 | L7: 0.25167942 | M7: 0.031875499 | N7: -0.18216072 | O7: 0.6190486 | P7: 0.79227877 | Q7: -0.35689089 | R7: 0.20033453 | S7: 0.030080248
A8: 935 | B8: 0.8582741 | C8: 0.87688971 | D8: 0.23030226 | E8: -0.29278553 | F8: 0.45857811 | G8: 0.09916506 | H8: 0.044738736 | I8: -0.30546507 | J8: 0.35510552 | K8: -0.029594582 | L8: 0.64874917 | M8: 1.1402506 | N8: 0.52735305 | O8: 0.83208263 | P8: 1.0100089 | Q8: -0.24832512 | R8: 0.31207392 | S8: 0.44651723
A9: 937 | B9: 0.77385563 | C9: 1.244367 | D9: 0.11550001 | E9: -0.15822026 | F9: 0.79595006 | G9: 0.23878349 | H9: 0.2903834 | I9: 0.013494523 | J9: 0.58512384 | K9: -0.10661296 | L9: 0.53165388 | M9: 1.5833775 | N9: 0.52072847 | O9: 0.86264729 | P9: 0.93102419 | Q9: -0.065342493 | R9: 0.53592658 | S9: 0.52845097
A10: 939 | B10: 0.57353479 | C10: 1.5600657 | D10: 0.09902399 | E10: -0.050641343 | F10: 0.97172582 | G10: 0.29185495 | H10: 0.39146328 | I10: 0.23492396 | J10: 0.90400147 | K10: 0.017699558 | L10: 0.56615287 | M10: 1.7588449 | N10: 0.21870662 | O10: 0.9674862 | P10: 0.7693187 | Q10: -0.0057004676 | R10: 0.58061087 | S10: 0.46036103
A11: 941 | B11: 0.5087539 | C11: 1.7922903 | D11: 0.21080256 | E11: 0.021499168 | F11: 1.1449292 | G11: 0.41955701 | H11: 0.42812729 | I11: 0.4650189 | J11: 1.1978619 | K11: 0.16066808 | L11: 0.83797348 | M11: 2.0033922 | N11: 0.1026715 | O11: 1.0372602 | P11: 0.79353696 | Q11: 0.099020019 | R11: 0.64450771 | S11: 0.38773346
A12: 943 | B12: 0.62462509 | C12: 2.0564597 | D12: 0.09175916 | E12: 0.14375724 | F12: 1.4372663 | G12: 0.4886435 | H12: 0.52049947 | I12: 0.73550761 | J12: 1.3997426 | K12: 0.28827232 | L12: 1.0366048 | M12: 2.3177583 | N12: 0.18849877 | O12: 1.1930718 | P12: 0.939107 | Q12: 0.22359887 | R12: 0.8922106 | S12: 0.50463855
A13: 945 | B13: 0.8265155 | C13: 2.4171016 | D13: -0.14125037 | E13: 0.25533801 | F13: 1.6894259 | G13: 0.57336414 | H13: 0.65884191 | I13: 0.91056758 | J13: 1.6736726 | K13: 0.42123878 | L13: 1.2317908 | M13: 2.6500759 | N13: 0.26446658 | O13: 1.4042267 | P13: 1.1598279 | Q13: 0.2861369 | R13: 1.1937505 | S13: 0.60531104
... A594: 2995 | B594: -0.73494619 | C594: -1.1517773 | D594: 0.7237426 | E594: 0.1043338 | F594: -0.29910651 | G594: 0.37760633 | H594: 0.49460763 | I594: -0.60431695 | J594: -0.31188965 | K594: -0.32596296 | L594: -0.45317942 | M594: -0.82666057 | N594: 0.41669995 | O594: 0.07259655 | P594: 0.064700805 | Q594: -1.1529386 | R594: -0.050660435 | S594: 0.40614223

Sheet raw data PVC ref
A2: 923 | B2: 0.0202314 | C2: 0.58644575 | D2: -1.372884 | E2: -0.165659 | F2: -1.0719262 | G2: 1.1825533 | H2: 0.90278101 | I2: -0.083856277 | J2: -2.0585933
A3: 925 | B3: -0.63213307 | C3: 0.29832658 | D3: -0.75567877 | E3: -0.65729463 | F3: -1.0214425 | G3: 1.7093239 | H3: 1.9494419 | I3: 1.0226817 | J3: -2.1470745
A4: 927 | B4: -0.88211584 | C4: -0.1159291 | D4: -0.15105666 | E4: -1.0125674 | F4: -0.56641185 | G4: 1.281957 | H4: 2.1212916 | I4: 1.0214337 | J4: -1.6175077
A5: 929 | B5: -0.67856205 | C5: -0.30066496 | D5: -0.016093994 | E5: -0.89812362 | F5: -0.39656356 | G5: 0.18714802 | H5: 1.9747524 | I5: 0.51055402 | J5: -1.4211799
A6: 931 | B6: -0.19453341 | C6: -0.73301429 | D6: 0.32150644 | E6: -0.73843855 | F6: -0.2161856 | G6: -0.81464356 | H6: 1.2935901 | I6: 0.40806901 | J6: -0.83326769
A7: 933 | B7: 0.051818978 | C7: -0.91314381 | D7: 0.5573712 | E7: -0.2275776 | F7: -0.46750009 | G7: -0.86312014 | H7: 0.73326212 | I7: 0.54049283 | J7: -0.52688873
A8: 935 | B8: -0.013264064 | C8: -0.98133826 | D8: 0.28661102 | E8: 0.41379929 | F8: -0.45446703 | G8: -0.57855242 | H8: 0.16757387 | I8: 0.66231579 | J8: -0.15855116
A9: 937 | B9: 0.13581619 | C9: -0.76096183 | D9: 0.021701368 | E9: 0.62788761 | F9: 0.023820769 | G9: -0.26522696 | H9: 0.23063222 | I9: 0.6049661 | J9: 0.25947514
A10: 939 | B10: 0.18415681 | C10: -0.39435571 | D10: -0.2068809 | E10: 0.30851004 | F10: 0.26813433 | G10: 0.00089255051 | H10: 0.030037247 | I10: 0.76761556 | J10: 0.58460975
A11: 941 | B11: 0.22606391 | C11: -0.16229926 | D11: -0.29076624 | E11: 0.35816422 | F11: 0.30725104 | G11: 0.034690715 | H11: -0.20550679 | I11: 0.88468218 | J11: 0.64880109
A12: 943 | B12: 0.2392751 | C12: -0.01847616 | D12: -0.12901637 | E12: 0.52015263 | F12: 0.49234244 | G12: 0.16057315 | H12: -0.13870725 | I12: 0.90969431 | J12: 0.81629032
A13: 945 | B13: 0.28717574 | C13: 0.085020736 | D13: 0.13144973 | E13: 0.7524997 | F13: 0.72188413 | G13: 0.30361712 | H13: -0.041200068 | I13: 0.92950904 | J13: 1.1475505
... A594: 2995 | B594: 0.52669883 | C594: 0.23755184 | D594: 1.065612 | E594: 0.65500724 | F594: -0.28895086 | G594: -0.77141643 | H594: 0.040440619 | I594: -1.2214115 | J594: -0.45171535

Sheet PVC in slice
A1: This data here is copied from the raw data PVC in slice sheet. | U1: Maximum intensity from Column K (mV): | V1: =MAX(V3:V588) -> 4.049973 | W1: =MAX(W3:W588) -> 1
A2: Wavenumber (cm-1) | U2: Wavenumber (cm-1) | V2: average intensity (mV) | W2: The values here have been normalized against the max intensity. For example, the intensity for the wavenumber of 940 was divided by the maximum intensity, i.e. V3/V1. Likewise, the remaining data was normalized.
A3: 923 | B3: 0.0085458998 | C3: 0.10584949 | D3: 0.73112369 | E3: -1.7765955 | F3: 1.091772 | G3: 0.87947118 | H3: 0.063389301 | I3: -1.2766511 | J3: -1.4330295 | K3: -0.8946054 | L3: -0.78206468 | M3: -0.59539628 | N3: 0.96177143 | O3: 0.69850838 | P3: 0.28893852 | Q3: -0.61550474 | R3: 0.13020523 | S3: 0.31694219 | U3: 923 | V3: =AVERAGE(B3:S3) -> -0.11651833 | W3: =V3/$V$1 -> -0.02877015
A4: 925 | B4: -0.03714601 | C4: -0.077403456 | D4: -0.57500571 | E4: -1.1450886 | F4: 0.76961869 | G4: 0.18408017 | H4: -0.15816778 | I4: -1.2685417 | J4: -1.4885724 | K4: -0.38655931 | L4: -0.43202683 | M4: -0.3925581 | N4: 0.96583062 | O4: 0.49351531 | P4: 0.032556526 | Q4: -0.81389463 | R4: 0.41519848 | S4: -0.0064724013 | U4: 925 | V4: =AVERAGE(B4:S4) -> -0.21781317 | W4: =V4/$V$1 -> -0.053781387
A5: 927 | B5: 0.27969769 | C5: -0.88389504 | D5: -0.81688893 | E5: -0.93228948 | F5: 0.54745817 | G5: -0.37468323 | H5: -0.45278704 | I5: -0.43730152 | J5: -0.73948932 | K5: 0.25875172 | L5: -0.58534253 | M5: -0.76707864 | N5: 0.20080048 | O5: 0.11439677 | P5: 0.014450227 | Q5: -0.53933644 | R5: 0.12911901 | S5: -0.13978946 | U5: 927 | V5: =AVERAGE(B5:S5) -> -0.2846782 | W5: =V5/$V$1 -> -0.070291381
A6: 929 | B6: 0.51181602 | C6: -0.82897085 | D6: -0.25669155 | E6: -0.84509903 | F6: 0.49607024 | G6: -0.46590632 | H6: -0.1154803 | I6: -0.10620786 | J6: -0.4792766 | K6: 0.4700281 | L6: -0.86869609 | M6: -1.1666421 | N6: -0.52849072 | O6: 0.073172279 | P6: 0.26000398 | Q6: -0.49694616 | R6: -0.1221204 | S6: -0.15198176 | U6: 929 | V6: =AVERAGE(B6:S6) -> -0.2567455 | W6: =V6/$V$1 -> -0.063394374
A7: 931 | B7: 0.32826376 | C7: 0.017071109 | D7: 0.3141185 | E7: -0.58708733 | F7: 0.305803 | G7: -0.49129266 | H7: 0.031981479 | I7: -0.39353573 | J7: 0.039598387 | K7: 0.46299481 | L7: -0.7084378 | M7: -1.0897166 | N7: -0.52461433 | O7: 0.41673881 | P7: 0.69323158 | Q7: -0.62241518 | R7: 0.16712925 | S7: -0.099614173 | U7: 931 | V7: =AVERAGE(B7:S7) -> -0.096654615 | W7: =V7/$V$1 -> -0.023865496
A8: 933 | B8: 0.3285611 | C8: 0.53834414 | D8: 0.33128655 | E8: -0.42626661 | F8: 0.2018165 | G8: -0.1762246 | H8: 0.060584474 | I8: -0.63645256 | J8: 0.26566386 | K8: 0.28021815 | L8: 0.25167942 | M8: 0.031875499 | N8: -0.18216072 | O8: 0.6190486 | P8: 0.79227877 | Q8: -0.35689089 | R8: 0.20033453 | S8: 0.030080248 | U8: 933 | V8: =AVERAGE(B8:S8) -> 0.11965425 | W8: =V8/$V$1 -> 0.029544455
A9: 935 | B9: 0.8582741 | C9: 0.87688971 | D9: 0.23030226 | E9: -0.29278553 | F9: 0.45857811 | G9: 0.09916506 | H9: 0.044738736 | I9: -0.30546507 | J9: 0.35510552 | K9: -0.029594582 | L9: 0.64874917 | M9: 1.1402506 | N9: 0.52735305 | O9: 0.83208263 | P9: 1.0100089 | Q9: -0.24832512 | R9: 0.31207392 | S9: 0.44651723 | U9: 935 | V9: =AVERAGE(B9:S9) -> 0.38688437 | W9: =V9/$V$1 -> 0.095527641
A10: 937 | B10: 0.77385563 | C10: 1.244367 | D10: 0.11550001 | E10: -0.15822026 | F10: 0.79595006 | G10: 0.23878349 | H10: 0.2903834 | I10: 0.013494523 | J10: 0.58512384 | K10: -0.10661296 | L10: 0.53165388 | M10: 1.5833775 | N10: 0.52072847 | O10: 0.86264729 | P10: 0.93102419 | Q10: -0.065342493 | R10: 0.53592658 | S10: 0.52845097 | U10: 937 | V10: =AVERAGE(B10:S10) -> 0.51228284 | W10: =V10/$V$1 -> 0.12649043
A11: 939 | B11: 0.57353479 | C11: 1.5600657 | D11: 0.09902399 | E11: -0.050641343 | F11: 0.97172582 | G11: 0.29185495 | H11: 0.39146328 | I11: 0.23492396 | J11: 0.90400147 | K11: 0.017699558 | L11: 0.56615287 | M11: 1.7588449 | N11: 0.21870662 | O11: 0.9674862 | P11: 0.7693187 | Q11: -0.0057004676 | R11: 0.58061087 | S11: 0.46036103 | U11: 939 | V11: =AVERAGE(B11:S11) -> 0.57274627 | W11: =V11/$V$1 -> 0.14141977
A12: 941 | B12: 0.5087539 | C12: 1.7922903 | D12: 0.21080256 | E12: 0.021499168 | F12: 1.1449292 | G12: 0.41955701 | H12: 0.42812729 | I12: 0.4650189 | J12: 1.1978619 | K12: 0.16066808 | L12: 0.83797348 | M12: 2.0033922 | N12: 0.1026715 | O12: 1.0372602 | P12: 0.79353696 | Q12: 0.099020019 | R12: 0.64450771 | S12: 0.38773346 | U12: 941 | V12: =AVERAGE(B12:S12) -> 0.68086688 | W12: =V12/$V$1 -> 0.1681164
A13: 943 | B13: 0.62462509 | C13: 2.0564597 | D13: 0.09175916 | E13: 0.14375724 | F13: 1.4372663 | G13: 0.4886435 | H13: 0.52049947 | I13: 0.73550761 | J13: 1.3997426 | K13: 0.28827232 | L13: 1.0366048 | M13: 2.3177583 | N13: 0.18849877 | O13: 1.1930718 | P13: 0.939107 | Q13: 0.22359887 | R13: 0.8922106 | S13: 0.50463855 | U13: 943 | V13: =AVERAGE(B13:S13) -> 0.8378901 | W13: =V13/$V$1 -> 0.20688782
A14: 945 | B14: 0.8265155 | C14: 2.4171016 | D14: -0.14125037 | E14: 0.25533801 | F14: 1.6894259 | G14: 0.57336414 | H14: 0.65884191 | I14: 0.91056758 | J14: 1.6736726 | K14: 0.42123878 | L14: 1.2317908 | M14: 2.6500759 | N14: 0.26446658 | O14: 1.4042267 | P14: 1.1598279 | Q14: 0.2861369 | R14: 1.1937505 | S14: 0.60531104 | U14: 945 | V14: =AVERAGE(B14:S14) -> 1.0044668 | W14: =V14/$V$1 -> 0.24801814
... A595: 2995 | B595: -0.73494619 | C595: -1.1517773 | D595: 0.7237426 | E595: 0.1043338 | F595: -0.29910651 | G595: 0.37760633 | H595: 0.49460763 | I595: -0.60431695 | J595: -0.31188965 | K595: -0.32596296 | L595: -0.45317942 | M595: -0.82666057 | N595: 0.41669995 | O595: 0.07259655 | P595: 0.064700805 | Q595: -1.1529386 | R595: -0.050660435 | S595: 0.40614223 | U595: 2995 | V595: =AVERAGE(B595:S595) -> -0.18061159 | W595: =V595/$V$1 -> -0.044595752

Sheet PVC Ref spectra
B1: This data here is copied from the raw data PVC ref sheet. It is the IR data from the sheet raw data PVC ref. | AC1: Maximum intensity from Column K (mV): | AD1: =MAX(AD3:AD588) -> 2.9717545 | AE1: =MAX(AE3:AE588) -> 1
A2: X value [cmâ»Â¹] | B2: Intensity | AC2: Wavenumber (cm-1) | AD2: average intensity (mV) | AE2: The values here have been normalized against the max intensity. For example, the intensity for the wavenumber of 940 was divided by the maximum intensity, i.e. =AD3/AD1. Likewise, the remaining data was normalized.
A3: 923 | B3: 0.0202314 | C3: 0.58644575 | D3: -1.372884 | E3: -0.165659 | F3: -1.0719262 | G3: 1.1825533 | H3: 0.90278101 | I3: -0.083856277 | J3: -2.0585933 | AD3: =AVERAGE(B3:AA3) -> -0.22898971 | AE3: =AD3/$AD$1 -> -0.077055392
A4: 925 | B4: -0.63213307 | C4: 0.29832658 | D4: -0.75567877 | E4: -0.65729463 | F4: -1.0214425 | G4: 1.7093239 | H4: 1.9494419 | I4: 1.0226817 | J4: -2.1470745 | AD4: =AVERAGE(B4:AA4) -> -0.025983264 | AE4: =AD4/$AD$1 -> -0.0087434087
A5: 927 | B5: -0.88211584 | C5: -0.1159291 | D5: -0.15105666 | E5: -1.0125674 | F5: -0.56641185 | G5: 1.281957 | H5: 2.1212916 | I5: 1.0214337 | J5: -1.6175077 | AD5: =AVERAGE(B5:AA5) -> 0.0087882024 | AE5: =AD5/$AD$1 -> 0.0029572437
A6: 929 | B6: -0.67856205 | C6: -0.30066496 | D6: -0.016093994 | E6: -0.89812362 | F6: -0.39656356 | G6: 0.18714802 | H6: 1.9747524 | I6: 0.51055402 | J6: -1.4211799 | AD6: =AVERAGE(B6:AA6) -> -0.11541485 | AE6: =AD6/$AD$1 -> -0.038837275
A7: 931 | B7: -0.19453341 | C7: -0.73301429 | D7: 0.32150644 | E7: -0.73843855 | F7: -0.2161856 | G7: -0.81464356 | H7: 1.2935901 | I7: 0.40806901 | J7: -0.83326769 | AD7: =AVERAGE(B7:AA7) -> -0.16743529 | AE7: =AD7/$AD$1 -> -0.056342233
A8: 933 | B8: 0.051818978 | C8: -0.91314381 | D8: 0.5573712 | E8: -0.2275776 | F8: -0.46750009 | G8: -0.86312014 | H8: 0.73326212 | I8: 0.54049283 | J8: -0.52688873 | AD8: =AVERAGE(B8:AA8) -> -0.12392058 | AE8: =AD8/$AD$1 -> -0.041699468
A9: 935 | B9: -0.013264064 | C9: -0.98133826 | D9: 0.28661102 | E9: 0.41379929 | F9: -0.45446703 | G9: -0.57855242 | H9: 0.16757387 | I9: 0.66231579 | J9: -0.15855116 | AD9: =AVERAGE(B9:AA9) -> -0.072874775 | AE9: =AD9/$AD$1 -> -0.024522475
A10: 937 | B10: 0.13581619 | C10: -0.76096183 | D10: 0.021701368 | E10: 0.62788761 | F10: 0.023820769 | G10: -0.26522696 | H10: 0.23063222 | I10: 0.6049661 | J10: 0.25947514 | AD10: =AVERAGE(B10:AA10) -> 0.097567845 | AE10: =AD10/$AD$1 -> 0.032831731
A11: 939 | B11: 0.18415681 | C11: -0.39435571 | D11: -0.2068809 | E11: 0.30851004 | F11: 0.26813433 | G11: 0.00089255051 | H11: 0.030037247 | I11: 0.76761556 | J11: 0.58460975 | AD11: =AVERAGE(B11:AA11) -> 0.1714133 | AE11: =AD11/$AD$1 -> 0.05768084
A12: 941 | B12: 0.22606391 | C12: -0.16229926 | D12: -0.29076624 | E12: 0.35816422 | F12: 0.30725104 | G12: 0.034690715 | H12: -0.20550679 | I12: 0.88468218 | J12: 0.64880109 | AD12: =AVERAGE(B12:AA12) -> 0.2001201 | AE12: =AD12/$AD$1 -> 0.067340723
A13: 943 | B13: 0.2392751 | C13: -0.01847616 | D13: -0.12901637 | E13: 0.52015263 | F13: 0.49234244 | G13: 0.16057315 | H13: -0.13870725 | I13: 0.90969431 | J13: 0.81629032 | AD13: =AVERAGE(B13:AA13) -> 0.31690313 | AE13: =AD13/$AD$1 -> 0.1066384
A14: 945 | B14: 0.28717574 | C14: 0.085020736 | D14: 0.13144973 | E14: 0.7524997 | F14: 0.72188413 | G14: 0.30361712 | H14: -0.041200068 | I14: 0.92950904 | J14: 1.1475505 | AD14: =AVERAGE(B14:AA14) -> 0.47972296 | AE14: =AD14/$AD$1 -> 0.16142752
... A595: 2995 | B595: 0.52669883 | C595: 0.23755184 | D595: 1.065612 | E595: 0.65500724 | F595: -0.28895086 | G595: -0.77141643 | H595: 0.040440619 | I595: -1.2214115 | J595: -0.45171535 | AD595: =AVERAGE(B595:AA595) -> -0.023131513 | AE595: =AD595/$AD$1 -> -0.00778379

Sheet Final Plot for Figure 13K
B1: Values from the sheet titled PVC in Slice column W | C1: Values from the sheet titled PVC Ref spectra column AE
A2: Wavenumber (cm-1) | B2: PVC in sample | C2: reference PVC
A3: 923 | B3: ='PVC in slice'!W3 -> -0.02877015 | C3: ='PVC Ref spectra'!AE3 -> -0.077055392
A4: 925 | B4: ='PVC in slice'!W4 -> -0.053781387 | C4: ='PVC Ref spectra'!AE4 -> -0.0087434087
A5: 927 | B5: ='PVC in slice'!W5 -> -0.070291381 | C5: ='PVC Ref spectra'!AE5 -> 0.0029572437
A6: 929 | B6: ='PVC in slice'!W6 -> -0.063394374 | C6: ='PVC Ref spectra'!AE6 -> -0.038837275
A7: 931 | B7: ='PVC in slice'!W7 -> -0.023865496 | C7: ='PVC Ref spectra'!AE7 -> -0.056342233
A8: 933 | B8: ='PVC in slice'!W8 -> 0.029544455 | C8: ='PVC Ref spectra'!AE8 -> -0.041699468
A9: 935 | B9: ='PVC in slice'!W9 -> 0.095527641 | C9: ='PVC Ref spectra'!AE9 -> -0.024522475
A10: 937 | B10: ='PVC in slice'!W10 -> 0.12649043 | C10: ='PVC Ref spectra'!AE10 -> 0.032831731
A11: 939 | B11: ='PVC in slice'!W11 -> 0.14141977 | C11: ='PVC Ref spectra'!AE11 -> 0.05768084
A12: 941 | B12: ='PVC in slice'!W12 -> 0.1681164 | C12: ='PVC Ref spectra'!AE12 -> 0.067340723
A13: 943 | B13: ='PVC in slice'!W13 -> 0.20688782 | C13: ='PVC Ref spectra'!AE13 -> 0.1066384
A14: 945 | B14: ='PVC in slice'!W14 -> 0.24801814 | C14: ='PVC Ref spectra'!AE14 -> 0.16142752
... A588: 2981 | B588: ='PVC in slice'!W588 -> 0.26505464 | C588: ='PVC Ref spectra'!AE588 -> -0.010084051
